[
  {
    "id" : "CSCommunicationModes",
    "type" : "CodeSystem",
    "url" : "http://ltsi.univ-rennes.fr/CodeSystem/CSCommunicationModes",
    "version" : "0.1.0",
    "name" : "CSCommunicationModes"
  },
  {
    "id" : "CSLOINC",
    "type" : "CodeSystem",
    "url" : "http://ltsi.univ-rennes.fr/CodeSystem/CSLOINC",
    "version" : "0.1.0",
    "name" : "CSLOINC"
  },
  {
    "id" : "CSMedicalUnits",
    "type" : "CodeSystem",
    "url" : "http://ltsi.univ-rennes.fr/CodeSystem/CSMedicalUnits",
    "version" : "0.1.0",
    "name" : "CSMedicalUnits"
  },
  {
    "id" : "CSMedicationTypes",
    "type" : "CodeSystem",
    "url" : "http://ltsi.univ-rennes.fr/CodeSystem/CSMedicationTypes",
    "version" : "0.1.0",
    "name" : "CSMedicationTypes"
  },
  {
    "id" : "CSMedications",
    "type" : "CodeSystem",
    "url" : "http://ltsi.univ-rennes.fr/CodeSystem/CSMedications",
    "version" : "0.1.0",
    "name" : "CSMedications"
  },
  {
    "id" : "CSPrescriptionCategory",
    "type" : "CodeSystem",
    "url" : "http://ltsi.univ-rennes.fr/CodeSystem/CSPrescriptionCategory",
    "version" : "0.1.0",
    "name" : "CSPrescriptionCategory"
  },
  {
    "id" : "CSSCT",
    "type" : "CodeSystem",
    "url" : "http://ltsi.univ-rennes.fr/CodeSystem/CSSCT",
    "version" : "0.1.0",
    "name" : "CSSCT"
  },
  {
    "id" : "ltsi.fhir.oncofair",
    "type" : "ImplementationGuide",
    "url" : "http://ltsi.univ-rennes.fr/ImplementationGuide/ltsi.fhir.oncofair",
    "version" : "0.1.0",
    "name" : "OncoFAIR"
  },
  {
    "id" : "oncofair-careplan",
    "type" : "StructureDefinition",
    "url" : "http://ltsi.univ-rennes.fr/StructureDefinition/oncofair-careplan",
    "version" : "0.1.0",
    "name" : "OncoFAIRCarePlan"
  },
  {
    "id" : "oncofair-cp-treatment",
    "type" : "StructureDefinition",
    "url" : "http://ltsi.univ-rennes.fr/StructureDefinition/oncofair-cp-treatment",
    "version" : "0.1.0",
    "name" : "OncoFAIRCPTreatment"
  },
  {
    "id" : "oncofair-element-form",
    "type" : "StructureDefinition",
    "url" : "http://ltsi.univ-rennes.fr/StructureDefinition/oncofair-element-form",
    "version" : "0.1.0",
    "name" : "OncoFAIRElementForm"
  },
  {
    "id" : "oncofair-encounter",
    "type" : "StructureDefinition",
    "url" : "http://ltsi.univ-rennes.fr/StructureDefinition/oncofair-encounter",
    "version" : "0.1.0",
    "name" : "OncoFAIREncounter"
  },
  {
    "id" : "oncofair-ma-component-administration-status",
    "type" : "StructureDefinition",
    "url" : "http://ltsi.univ-rennes.fr/StructureDefinition/oncofair-ma-component-administration-status",
    "version" : "0.1.0",
    "name" : "OncoFAIRMAComponentAdministrationStatus"
  },
  {
    "id" : "oncofair-ma-component-origin",
    "type" : "StructureDefinition",
    "url" : "http://ltsi.univ-rennes.fr/StructureDefinition/oncofair-ma-component-origin",
    "version" : "0.1.0",
    "name" : "OncoFAIRMAComponentOrigin"
  },
  {
    "id" : "oncofair-ma-element-expirationdate",
    "type" : "StructureDefinition",
    "url" : "http://ltsi.univ-rennes.fr/StructureDefinition/oncofair-ma-element-expirationdate",
    "version" : "0.1.0",
    "name" : "OncoFAIRMAElementExpirationDate"
  },
  {
    "id" : "oncofair-ma-element-plannedperiod",
    "type" : "StructureDefinition",
    "url" : "http://ltsi.univ-rennes.fr/StructureDefinition/oncofair-ma-element-plannedperiod",
    "version" : "0.1.0",
    "name" : "OncoFAIRMAElementPlannedPeriod"
  },
  {
    "id" : "oncofair-ma-element-traceability",
    "type" : "StructureDefinition",
    "url" : "http://ltsi.univ-rennes.fr/StructureDefinition/oncofair-ma-element-traceability",
    "version" : "0.1.0",
    "name" : "OncoFAIRMAElementTraceability"
  },
  {
    "id" : "oncofair-ma-element-urgent",
    "type" : "StructureDefinition",
    "url" : "http://ltsi.univ-rennes.fr/StructureDefinition/oncofair-ma-element-urgent",
    "version" : "0.1.0",
    "name" : "OncoFAIRMAElementUrgent"
  },
  {
    "id" : "oncofair-medication",
    "type" : "StructureDefinition",
    "url" : "http://ltsi.univ-rennes.fr/StructureDefinition/oncofair-medication",
    "version" : "0.1.0",
    "name" : "OncoFAIRMedication"
  },
  {
    "id" : "oncofair-medication-type",
    "type" : "StructureDefinition",
    "url" : "http://ltsi.univ-rennes.fr/StructureDefinition/oncofair-medication-type",
    "version" : "0.1.0",
    "name" : "OncoFAIRMedicationType"
  },
  {
    "id" : "oncofair-medicationadministration-component",
    "type" : "StructureDefinition",
    "url" : "http://ltsi.univ-rennes.fr/StructureDefinition/oncofair-medicationadministration-component",
    "version" : "0.1.0",
    "name" : "OncoFAIRMedicationAdministrationComponent"
  },
  {
    "id" : "oncofair-medicationadministration-element",
    "type" : "StructureDefinition",
    "url" : "http://ltsi.univ-rennes.fr/StructureDefinition/oncofair-medicationadministration-element",
    "version" : "0.1.0",
    "name" : "OncoFAIRMedicationAdministrationElement"
  },
  {
    "id" : "oncofair-medicationadministration-report",
    "type" : "StructureDefinition",
    "url" : "http://ltsi.univ-rennes.fr/StructureDefinition/oncofair-medicationadministration-report",
    "version" : "0.1.0",
    "name" : "OncoFAIRMedicationAdministrationReport"
  },
  {
    "id" : "oncofair-medicationrequest-component",
    "type" : "StructureDefinition",
    "url" : "http://ltsi.univ-rennes.fr/StructureDefinition/oncofair-medicationrequest-component",
    "version" : "0.1.0",
    "name" : "OncoFAIRMedicationRequestComponent"
  },
  {
    "id" : "oncofair-medicationrequest-element",
    "type" : "StructureDefinition",
    "url" : "http://ltsi.univ-rennes.fr/StructureDefinition/oncofair-medicationrequest-element",
    "version" : "0.1.0",
    "name" : "OncoFAIRMedicationRequestElement"
  },
  {
    "id" : "oncofair-medicationrequest-prescription",
    "type" : "StructureDefinition",
    "url" : "http://ltsi.univ-rennes.fr/StructureDefinition/oncofair-medicationrequest-prescription",
    "version" : "0.1.0",
    "name" : "OncoFAIRMedicationRequestPrescription"
  },
  {
    "id" : "oncofair-mr-component-solute",
    "type" : "StructureDefinition",
    "url" : "http://ltsi.univ-rennes.fr/StructureDefinition/oncofair-mr-component-solute",
    "version" : "0.1.0",
    "name" : "OncoFAIRMRComponentSolute"
  },
  {
    "id" : "oncofair-mr-element-go-nogo",
    "type" : "StructureDefinition",
    "url" : "http://ltsi.univ-rennes.fr/StructureDefinition/oncofair-mr-element-go-nogo",
    "version" : "0.1.0",
    "name" : "OncoFAIRMRElementGoNogo"
  },
  {
    "id" : "oncofair-mr-element-link-type",
    "type" : "StructureDefinition",
    "url" : "http://ltsi.univ-rennes.fr/StructureDefinition/oncofair-mr-element-link-type",
    "version" : "0.1.0",
    "name" : "OncoFAIRMRElementLinkType"
  },
  {
    "id" : "oncofair-mr-element-rank",
    "type" : "StructureDefinition",
    "url" : "http://ltsi.univ-rennes.fr/StructureDefinition/oncofair-mr-element-rank",
    "version" : "0.1.0",
    "name" : "OncoFAIRMRElementRank"
  },
  {
    "id" : "oncofair-mr-element-supply",
    "type" : "StructureDefinition",
    "url" : "http://ltsi.univ-rennes.fr/StructureDefinition/oncofair-mr-element-supply",
    "version" : "0.1.0",
    "name" : "OncoFAIRMRElementSupply"
  },
  {
    "id" : "oncofair-mr-exempt-ltc",
    "type" : "StructureDefinition",
    "url" : "http://ltsi.univ-rennes.fr/StructureDefinition/oncofair-mr-exempt-ltc",
    "version" : "0.1.0",
    "name" : "OncoFAIRMRExemptLTC"
  },
  {
    "id" : "oncofair-mr-is-dosage-referent",
    "type" : "StructureDefinition",
    "url" : "http://ltsi.univ-rennes.fr/StructureDefinition/oncofair-mr-is-dosage-referent",
    "version" : "0.1.0",
    "name" : "OncoFAIRMRIsDosageReferent"
  },
  {
    "id" : "oncofair-mr-prescription-validation-date",
    "type" : "StructureDefinition",
    "url" : "http://ltsi.univ-rennes.fr/StructureDefinition/oncofair-mr-prescription-validation-date",
    "version" : "0.1.0",
    "name" : "OncoFAIRMRPrescriptionValidationDate"
  },
  {
    "id" : "oncofair-observation",
    "type" : "StructureDefinition",
    "url" : "http://ltsi.univ-rennes.fr/StructureDefinition/oncofair-observation",
    "version" : "0.1.0",
    "name" : "OncoFAIRObservation"
  },
  {
    "id" : "oncofair-patient",
    "type" : "StructureDefinition",
    "url" : "http://ltsi.univ-rennes.fr/StructureDefinition/oncofair-patient",
    "version" : "0.1.0",
    "name" : "OncoFAIRPatient"
  },
  {
    "id" : "oncofair-pharmacist-advice",
    "type" : "StructureDefinition",
    "url" : "http://ltsi.univ-rennes.fr/StructureDefinition/oncofair-pharmacist-advice",
    "version" : "0.1.0",
    "name" : "OncoFAIRPharmacistAdvice"
  },
  {
    "id" : "vsCommunicationModes",
    "type" : "ValueSet",
    "url" : "http://ltsi.univ-rennes.fr/ValueSet/vsCommunicationModes",
    "version" : "0.1.0",
    "name" : "VSCommunicationModes"
  },
  {
    "id" : "vsLOINC",
    "type" : "ValueSet",
    "url" : "http://ltsi.univ-rennes.fr/ValueSet/vsLOINC",
    "version" : "0.1.0",
    "name" : "VSLOINC"
  },
  {
    "id" : "vsMedicalUnits",
    "type" : "ValueSet",
    "url" : "http://ltsi.univ-rennes.fr/ValueSet/vsMedicalUnits",
    "version" : "0.1.0",
    "name" : "VSMedicalUnits"
  },
  {
    "id" : "vsMedicationTypes",
    "type" : "ValueSet",
    "url" : "http://ltsi.univ-rennes.fr/ValueSet/vsMedicationTypes",
    "version" : "0.1.0",
    "name" : "VSMedicationTypes"
  },
  {
    "id" : "vsMedications",
    "type" : "ValueSet",
    "url" : "http://ltsi.univ-rennes.fr/ValueSet/vsMedications",
    "version" : "0.1.0",
    "name" : "VSMedications"
  },
  {
    "id" : "vsPrescriptionCategory",
    "type" : "ValueSet",
    "url" : "http://ltsi.univ-rennes.fr/ValueSet/vsPrescriptionCategory",
    "version" : "0.1.0",
    "name" : "VSPrescriptionCategory"
  },
  {
    "id" : "vsSCT",
    "type" : "ValueSet",
    "url" : "http://ltsi.univ-rennes.fr/ValueSet/vsSCT",
    "version" : "0.1.0",
    "name" : "VSSCT"
  }
]
