<?xml version="1.0" encoding="UTF-8"?>

<CodeSystem xmlns="http://hl7.org/fhir">
  <id value="siph-gonogo-oncofair-codesystem"/>
  <text>
    <status value="generated"/><div xmlns="http://www.w3.org/1999/xhtml"><p class="res-header-id"><b>Generated Narrative: CodeSystem siph-gonogo-oncofair-codesystem</b></p><a name="siph-gonogo-oncofair-codesystem"> </a><a name="hcsiph-gonogo-oncofair-codesystem"> </a><a name="hcsiph-gonogo-oncofair-codesystem-en-US"> </a><p>This case-sensitive code system <code>http://ltsi.univ-rennes.fr/CodeSystem/siph-gonogo-oncofair-codesystem</code> defines the following codes:</p><table class="codes"><tr><td style="white-space:nowrap"><b>Code</b></td><td><b>Display</b></td></tr><tr><td style="white-space:nowrap">NA<a name="siph-gonogo-oncofair-codesystem-NA"> </a></td><td>Non applicable</td></tr><tr><td style="white-space:nowrap">ATT<a name="siph-gonogo-oncofair-codesystem-ATT"> </a></td><td>En attente</td></tr><tr><td style="white-space:nowrap">PREP<a name="siph-gonogo-oncofair-codesystem-PREP"> </a></td><td>A préparer</td></tr><tr><td style="white-space:nowrap">GO<a name="siph-gonogo-oncofair-codesystem-GO"> </a></td><td>Confirmé</td></tr><tr><td style="white-space:nowrap">NOGO<a name="siph-gonogo-oncofair-codesystem-NOGO"> </a></td><td>Annulé</td></tr></table></div>
  </text>
  <url value="http://ltsi.univ-rennes.fr/CodeSystem/siph-gonogo-oncofair-codesystem"/>
  <version value="0.1.0"/>
  <name value="SIPhgoNogoOncoFAIRCodeSystem"/>
  <title value="goNogo Code System"/>
  <status value="draft"/>
  <experimental value="true"/>
  <date value="2024-07-01T08:31:50+00:00"/>
  <publisher value="DOMASIA team of the Signal and Image Processing Laboratory (LTSI) and KEREVAL"/>
  <contact>
    <name value="DOMASIA team of the Signal and Image Processing Laboratory (LTSI) and KEREVAL"/>
    <telecom>
      <system value="url"/>
      <value value="https://ltsi.univ-rennes.fr"/>
    </telecom>
  </contact>
  <description value="Code system pour l'attribut goNogo"/>
  <caseSensitive value="true"/>
  <content value="complete"/>
  <count value="5"/>
  <concept>
    <code value="NA"/>
    <display value="Non applicable"/>
  </concept>
  <concept>
    <code value="ATT"/>
    <display value="En attente"/>
  </concept>
  <concept>
    <code value="PREP"/>
    <display value="A préparer"/>
  </concept>
  <concept>
    <code value="GO"/>
    <display value="Confirmé"/>
  </concept>
  <concept>
    <code value="NOGO"/>
    <display value="Annulé"/>
  </concept>
</CodeSystem>