<?xml version="1.0" encoding="UTF-8"?>

<CodeSystem xmlns="http://hl7.org/fhir">
  <id value="siph-statutvalidpharm-oncofair-codesystem"/>
  <text>
    <status value="generated"/><div xmlns="http://www.w3.org/1999/xhtml"><p class="res-header-id"><b>Generated Narrative: CodeSystem siph-statutvalidpharm-oncofair-codesystem</b></p><a name="siph-statutvalidpharm-oncofair-codesystem"> </a><a name="hcsiph-statutvalidpharm-oncofair-codesystem"> </a><a name="hcsiph-statutvalidpharm-oncofair-codesystem-en-US"> </a><p>This case-sensitive code system <code>http://ltsi.univ-rennes.fr/CodeSystem/siph-statutvalidpharm-oncofair-codesystem</code> defines the following codes:</p><table class="codes"><tr><td style="white-space:nowrap"><b>Code</b></td><td><b>Display</b></td></tr><tr><td style="white-space:nowrap">VAL<a name="siph-statutvalidpharm-oncofair-codesystem-VAL"> </a></td><td>validée</td></tr><tr><td style="white-space:nowrap">INV<a name="siph-statutvalidpharm-oncofair-codesystem-INV"> </a></td><td>invalidée</td></tr></table></div>
  </text>
  <url value="http://ltsi.univ-rennes.fr/CodeSystem/siph-statutvalidpharm-oncofair-codesystem"/>
  <version value="0.1.0"/>
  <name value="SIPhStatutValidPharmOncoFAIRCodeSystem"/>
  <title value="Statut validation pharmaceutique Code System"/>
  <status value="draft"/>
  <experimental value="true"/>
  <date value="2024-07-01T12:32:20+00:00"/>
  <publisher value="DOMASIA team of the Signal and Image Processing Laboratory (LTSI) and KEREVAL"/>
  <contact>
    <name value="DOMASIA team of the Signal and Image Processing Laboratory (LTSI) and KEREVAL"/>
    <telecom>
      <system value="url"/>
      <value value="https://ltsi.univ-rennes.fr"/>
    </telecom>
  </contact>
  <description value="Code system pour l'attribut StatutValidPharm"/>
  <caseSensitive value="true"/>
  <content value="complete"/>
  <count value="2"/>
  <concept>
    <code value="VAL"/>
    <display value="validée"/>
  </concept>
  <concept>
    <code value="INV"/>
    <display value="invalidée"/>
  </concept>
</CodeSystem>