<?xml version="1.0" encoding="UTF-8"?>

<CodeSystem xmlns="http://hl7.org/fhir">
  <id value="CSMedications"/>
  <text>
    <status value="generated"/><div xmlns="http://www.w3.org/1999/xhtml"><p>This case-sensitive code system <code>http://ltsi.univ-rennes.fr/CodeSystem/CSMedications</code> defines the following codes:</p><table class="codes"><tr><td style="white-space:nowrap"><b>Code</b></td><td><b>Display</b></td></tr><tr><td style="white-space:nowrap">9365536<a name="CSMedications-9365536"> </a></td><td>OXALIPLATINE 200 mg</td></tr><tr><td style="white-space:nowrap">9334872<a name="CSMedications-9334872"> </a></td><td>5-FLUOROURACILE 5 g</td></tr><tr><td style="white-space:nowrap">9314929<a name="CSMedications-9314929"> </a></td><td>LEVOFOLINATE DE CALCIUM</td></tr><tr><td style="white-space:nowrap">9296278<a name="CSMedications-9296278"> </a></td><td>ONDANSETRON</td></tr><tr><td style="white-space:nowrap">5<a name="CSMedications-5"> </a></td><td>METHYLPREDNISOLONE</td></tr><tr><td style="white-space:nowrap">9279854<a name="CSMedications-9279854"> </a></td><td>G5% 100ML POCHE</td></tr><tr><td style="white-space:nowrap">9403863<a name="CSMedications-9403863"> </a></td><td>OXYCODONE LP 10 MG VIATRIS, CPR À LIBÉRATION PROLONGÉE</td></tr><tr><td style="white-space:nowrap">9009043<a name="CSMedications-9009043"> </a></td><td>BACTRIM FORTE 800MG/160MG CPR</td></tr><tr><td style="white-space:nowrap">9137249<a name="CSMedications-9137249"> </a></td><td>PENTACARINAT 300MG PDR INJ</td></tr></table></div>
  </text>
  <url value="http://ltsi.univ-rennes.fr/CodeSystem/CSMedications"/>
  <version value="0.1.0"/>
  <name value="CSMedications"/>
  <title value="Medications"/>
  <status value="draft"/>
  <experimental value="true"/>
  <date value="2024-05-28T15:01:56+00:00"/>
  <publisher value="DOMASIA team of the Signal and Image Processing Laboratory (LTSI) and KEREVAL"/>
  <contact>
    <name value="DOMASIA team of the Signal and Image Processing Laboratory (LTSI) and KEREVAL"/>
    <telecom>
      <system value="url"/>
      <value value="https://ltsi.univ-rennes.fr"/>
    </telecom>
  </contact>
  <description value="CodeSystem for french medications."/>
  <caseSensitive value="true"/>
  <content value="complete"/>
  <count value="9"/>
  <concept>
    <code value="9365536"/>
    <display value="OXALIPLATINE 200 mg"/>
  </concept>
  <concept>
    <code value="9334872"/>
    <display value="5-FLUOROURACILE 5 g"/>
  </concept>
  <concept>
    <code value="9314929"/>
    <display value="LEVOFOLINATE DE CALCIUM"/>
  </concept>
  <concept>
    <code value="9296278"/>
    <display value="ONDANSETRON"/>
  </concept>
  <concept>
    <code value="5"/>
    <display value="METHYLPREDNISOLONE"/>
  </concept>
  <concept>
    <code value="9279854"/>
    <display value="G5% 100ML POCHE"/>
  </concept>
  <concept>
    <code value="9403863"/>
    <display value="OXYCODONE LP 10 MG VIATRIS, CPR À LIBÉRATION PROLONGÉE"/>
  </concept>
  <concept>
    <code value="9009043"/>
    <display value="BACTRIM FORTE 800MG/160MG CPR"/>
  </concept>
  <concept>
    <code value="9137249"/>
    <display value="PENTACARINAT 300MG PDR INJ"/>
  </concept>
</CodeSystem>