{
  "codeSystems" : [
    {
      "url" : "http://ltsi.univ-rennes.fr/CodeSystem/medical-units-oncofair-codesystem",
      "version" : "0.1.0",
      "status" : "draft",
      "name" : "MedicalUnitsOncoFAIRCodeSystem",
      "title" : "Medical units",
      "description" : "CodeSystem for french medical units (accommodation, medical liability unit).",
      "uses" : {
      },
      "ValueSet-medical-units-oncofair-valueset.html" : "MedicalUnitsOncoFAIRValueSet"
    },
    {
      "url" : "http://ltsi.univ-rennes.fr/CodeSystem/medications-oncofair-codesystem",
      "version" : "0.1.0",
      "status" : "draft",
      "name" : "MedicationsOncoFAIRCodeSystem",
      "title" : "Medications",
      "description" : "CodeSystem for french medications.",
      "uses" : {
      },
      "ValueSet-medications-oncofair-valueset.html" : "MedicationsOncoFAIRValueSet"
    },
    {
      "url" : "http://ltsi.univ-rennes.fr/CodeSystem/siph-gonogo-oncofair-codesystem",
      "version" : "0.1.0",
      "status" : "draft",
      "name" : "SIPhgoNogoOncoFAIRCodeSystem",
      "title" : null,
      "description" : "Code system pour l'attribut goNogo",
      "uses" : {
      },
      "ValueSet-siph-gonogo-oncofair-valueset.html" : "SIPhgoNogoOncoFAIRValueSet"
    },
    {
      "url" : "http://ltsi.univ-rennes.fr/CodeSystem/siph-listeald-oncofair-codesystem",
      "version" : "0.1.0",
      "status" : "draft",
      "name" : "SIPhListeALDOncoFAIRCodeSystem",
      "title" : null,
      "description" : "Code system pour l'attribut ListeALD",
      "uses" : {
      },
      "ValueSet-siph-listeald-oncofair-valueset.html" : "SIPhListeALDOncoFAIRValueSet"
    },
    {
      "url" : "http://ltsi.univ-rennes.fr/CodeSystem/siph-natureproppharm-oncofair-codesystem",
      "version" : "0.1.0",
      "status" : "draft",
      "name" : "SIPhNaturePropPharmOncoFAIRCodeSystem",
      "title" : null,
      "description" : "Code system pour l'attribut NaturePropPharm",
      "uses" : {
      },
      "ValueSet-siph-natureproppharm-oncofair-valueset.html" : "SIPhNaturePropPharmOncoFAIRValueSet"
    },
    {
      "url" : "http://ltsi.univ-rennes.fr/CodeSystem/siph-paramposoconditionnelle-oncofair-codesystem",
      "version" : "0.1.0",
      "status" : "draft",
      "name" : "SIPhParamPosoConditionnelleOncoFAIRCodeSystem",
      "title" : null,
      "description" : "Code system pour l'attribut ParamPosoConditionnelle",
      "uses" : {
      },
      "ValueSet-siph-paramposoconditionnelle-oncofair-valueset.html" : "SIPhParamPosoConditionnelleOncoFAIRValueSet"
    },
    {
      "url" : "http://ltsi.univ-rennes.fr/CodeSystem/siph-renscomplement-oncofair-codesystem",
      "version" : "0.1.0",
      "status" : "draft",
      "name" : "SIPhRensComplementOncoFAIRCodeSystem",
      "title" : null,
      "description" : "Code system pour l'attribut RensComplement",
      "uses" : {
      },
      "ValueSet-siph-renscomplement-oncofair-valueset.html" : "SIPhRensComplementOncoFAIRValueSet"
    },
    {
      "url" : "http://ltsi.univ-rennes.fr/CodeSystem/siph-statutcomposantadm-oncofair-codesystem",
      "version" : "0.1.0",
      "status" : "draft",
      "name" : "SIPhStatutComposantAdmOncoFAIRCodeSystem",
      "title" : null,
      "description" : "Code system pour l'attribut StatutComposantAdm",
      "uses" : {
      },
      "ValueSet-siph-statutcomposantadm-oncofair-valueset.html" : "SIPhStatutComposantAdmOncoFAIRValueSet"
    },
    {
      "url" : "http://ltsi.univ-rennes.fr/CodeSystem/siph-statutvalidpharm-oncofair-codesystem",
      "version" : "0.1.0",
      "status" : "draft",
      "name" : "SIPhStatutValidPharmOncoFAIRCodeSystem",
      "title" : null,
      "description" : "Code system pour l'attribut StatutValidPharm",
      "uses" : {
      },
      "ValueSet-siph-statutvalidpharm-oncofair-valueset.html" : "SIPhStatutValidPharmOncoFAIRValueSet"
    },
    {
      "url" : "http://ltsi.univ-rennes.fr/CodeSystem/siph-typecomposant-oncofair-codesystem",
      "version" : "0.1.0",
      "status" : "draft",
      "name" : "SIPhTypeComposantOncoFAIRCodeSystem",
      "title" : null,
      "description" : "Code system pour l'attribut TypeComposant",
      "uses" : {
      },
      "ValueSet-siph-typecomposant-oncofair-valueset.html" : "SIPhTypeComposantOncoFAIRValueSet"
    },
    {
      "url" : "http://ltsi.univ-rennes.fr/CodeSystem/siph-typeeltpla-oncofair-codesystem",
      "version" : "0.1.0",
      "status" : "draft",
      "name" : "SIPhTypeEltPLAOncoFAIRCodeSystem",
      "title" : null,
      "description" : "Code system pour l'attribut TypeEltPLA",
      "uses" : {
      },
      "ValueSet-siph-typeeltpla-oncofair-valueset.html" : "SIPhTypeEltPLAOncoFAIRValueSet"
    },
    {
      "url" : "http://ltsi.univ-rennes.fr/CodeSystem/siph-typeevenement-oncofair-codesystem",
      "version" : "0.1.0",
      "status" : "draft",
      "name" : "SIPhTypeEvenementOncoFAIRCodeSystem",
      "title" : null,
      "description" : "Code system pour l'attribut TypeEvenement",
      "uses" : {
      },
      "ValueSet-siph-typeevenement-oncofair-valueset.html" : "SIPhTypeEvenementOncoFAIRValueSet"
    },
    {
      "url" : "http://ltsi.univ-rennes.fr/CodeSystem/snomedct",
      "version" : "0.1.0",
      "status" : "draft",
      "name" : "SNOMEDCT",
      "title" : "SNOMED CT (all versions)",
      "description" : "SNOMED CT is the most comprehensive and precise clinical health terminology product in the world, owned and distributed around the world by The International Health Terminology Standards Development Organisation (IHTSDO).",
      "uses" : {
      },
      "ValueSet-voie-administration-valueset.html" : "VoieAdministrationValueSet",
      "ValueSet-forme-pharmaceutique-valueset.html" : "FormePharmaceutiqueValueSet"
    }
  ]
}
