{
  "resourceType" : "MedicationAdministration",
  "id" : "ExampleOncoFAIRMedicationAdministrationComponent",
  "meta" : {
    "profile" : ["http://ltsi.univ-rennes.fr/StructureDefinition/oncofair-medicationadministration-component"]
  },
  "text" : {
    "status" : "generated",
    "div" : "<div xmlns=\"http://www.w3.org/1999/xhtml\"><p class=\"res-header-id\"><b>Generated Narrative: MedicationAdministration ExampleOncoFAIRMedicationAdministrationComponent</b></p><a name=\"ExampleOncoFAIRMedicationAdministrationComponent\"> </a><a name=\"hcExampleOncoFAIRMedicationAdministrationComponent\"> </a><a name=\"hcExampleOncoFAIRMedicationAdministrationComponent-en-US\"> </a><p><b>partOf</b>: <a href=\"MedicationAdministration-ExampleOncoFAIRMedicationAdministrationElement.html\">MedicationAdministration: extension = No display for Extension ,No display for Extension ,No display for Extension ,No display for Extension ,No display for Extension ; identifier = ADM-123456; status = in-progress; occurence[x] = 2024-06-01 08:00:00+0000 --&gt; 2024-06-01 09:00:00+0000; note = Paracetamol 500mg Tablet,Administered after meals</a></p><p><b>status</b>: In Progress</p><h3>Medications</h3><table class=\"grid\"><tr><td style=\"display: none\">-</td><td><b>Concept</b></td><td><b>Reference</b></td></tr><tr><td style=\"display: none\">*</td><td><span title=\"Codes:{http://ltsi.univ-rennes.fr/CodeSystem/concept-medication-oncofair-codesystem component}\">component</span></td><td><a href=\"Medication-ExampleOncoFAIRMedication.html\">Medication Ibuprofen</a></td></tr></table><p><b>subject</b>: <a href=\"Patient-ExampleOncoFAIRPatient.html\">Anonymous Patient (no stated gender), DoB Unknown ( 123456789)</a></p><p><b>occurence</b>: 2024-06-04 12:00:00+0000</p><p><b>note</b>: Patient experienced mild nausea., Paracetamol 500mg Tablet</p><h3>Dosages</h3><table class=\"grid\"><tr><td style=\"display: none\">-</td><td><b>Dose</b></td><td><b>Rate[x]</b></td></tr><tr><td style=\"display: none\">*</td><td>250 mg</td><td>50 mg/h</td></tr></table></div>"
  },
  "extension" : [{
    "extension" : [{
      "url" : "batchNumber",
      "valueString" : "BATCH12345"
    },
    {
      "url" : "serialNumber",
      "valueString" : "SN67890"
    }],
    "url" : "http://ltsi.univ-rennes.fr/StructureDefinition/oncofair-ma-element-traceability"
  },
  {
    "url" : "http://ltsi.univ-rennes.fr/StructureDefinition/oncofair-ma-element-expirationdate",
    "valueDateTime" : "2024-12-31T23:59:59Z"
  },
  {
    "url" : "http://ltsi.univ-rennes.fr/StructureDefinition/oncofair-ma-component-origin",
    "valueCodeableConcept" : {
      "text" : "XXXX"
    }
  },
  {
    "url" : "http://ltsi.univ-rennes.fr/StructureDefinition/oncofair-ma-component-administration-status",
    "valueCodeableConcept" : {
      "coding" : [{
        "system" : "http://ltsi.univ-rennes.fr/CodeSystem/siph-statutcomposantadm-oncofair-codesystem",
        "code" : "SU",
        "display" : "suivi"
      }]
    }
  }],
  "partOf" : [{
    "reference" : "MedicationAdministration/ExampleOncoFAIRMedicationAdministrationElement"
  }],
  "status" : "in-progress",
  "medication" : {
    "concept" : {
      "coding" : [{
        "system" : "http://ltsi.univ-rennes.fr/CodeSystem/concept-medication-oncofair-codesystem",
        "code" : "component",
        "display" : "component"
      }]
    },
    "reference" : {
      "reference" : "Medication/ExampleOncoFAIRMedication"
    }
  },
  "subject" : {
    "reference" : "Patient/ExampleOncoFAIRPatient"
  },
  "occurenceDateTime" : "2024-06-04T12:00:00Z",
  "note" : [{
    "id" : "comments",
    "text" : "Patient experienced mild nausea."
  },
  {
    "id" : "wording",
    "text" : "Paracetamol 500mg Tablet"
  }],
  "dosage" : {
    "dose" : {
      "value" : 250,
      "unit" : "mg",
      "system" : "http://unitsofmeasure.org"
    },
    "rateQuantity" : {
      "value" : 50,
      "unit" : "mg/h",
      "system" : "http://unitsofmeasure.org"
    }
  }
}