{
  "resourceType" : "MedicationRequest",
  "id" : "ExampleOncoFAIRMedicationRequestElement",
  "meta" : {
    "profile" : ["http://ltsi.univ-rennes.fr/StructureDefinition/oncofair-medicationrequest-element"]
  },
  "text" : {
    "status" : "extensions",
    "div" : "<div xmlns=\"http://www.w3.org/1999/xhtml\"><p><b>Generated Narrative: MedicationRequest </b><a name=\"ExampleOncoFAIRMedicationRequestElement\"> </a><a name=\"hcExampleOncoFAIRMedicationRequestElement\"> </a></p><div style=\"display: inline-block; background-color: #d9e0e7; padding: 6px; margin: 4px; border: 1px solid #8da1b4; border-radius: 5px; line-height: 60%\"><p style=\"margin-bottom: 0px\">ResourceMedicationRequest &quot;ExampleOncoFAIRMedicationRequestElement&quot; </p><p style=\"margin-bottom: 0px\">Profile: <a href=\"StructureDefinition-oncofair-medicationrequest-element.html\">OncoFAIR MedicationRequest Element</a></p></div><p><b>OncoFAIRElementForm</b>: Tablet <span style=\"background: LightGoldenRodYellow; margin: 4px; border: 1px solid khaki\"> (<a href=\"https://browser.ihtsdotools.org/\">SNOMED CT</a>#385055001)</span></p><p><b>OncoFAIRMRElementSupply</b>: true</p><p><b>OncoFAIRMRElementRank</b>: 3</p><blockquote><p><b>OncoFAIRMRElementGoNogo</b></p><blockquote><p><b>url</b></p><code>GoNogoStatus</code></blockquote><p><b>value</b>: En attente <span style=\"background: LightGoldenRodYellow; margin: 4px; border: 1px solid khaki\"> (<a href=\"CodeSystem-siph-gonogo-oncofair-codesystem.html\">goNogo Code System</a>#ATT)</span></p><blockquote><p><b>url</b></p><code>GoNogoReasonWaiting</code></blockquote><p><b>value</b>: XXX <span style=\"background: LightGoldenRodYellow; margin: 4px; border: 1px solid khaki\"> ()</span></p></blockquote><blockquote><p><b>OncoFAIRPharmacistAdvice</b></p><blockquote><p><b>url</b></p><code>pharmacistValidation</code></blockquote><p><b>value</b>: validée <span style=\"background: LightGoldenRodYellow; margin: 4px; border: 1px solid khaki\"> (<a href=\"CodeSystem-siph-statutvalidpharm-oncofair-codesystem.html\">Statut validation pharmaceutique Code System</a>#VAL)</span></p><blockquote><p><b>url</b></p><code>pharmacistProposal</code></blockquote><p><b>value</b>: Suggestion <span style=\"background: LightGoldenRodYellow; margin: 4px; border: 1px solid khaki\"> (<a href=\"CodeSystem-siph-natureproppharm-oncofair-codesystem.html\">Nature proposition pharmaceutique Code System</a>#SUG)</span></p></blockquote><p><b>identifier</b>: 123456</p><p><b>basedOn</b>: </p><ul><li><a href=\"MedicationRequest-ExampleOncoFAIRMedicationRequestPrescription.html\">MedicationRequest/ExampleOncoFAIRMedicationRequestPrescription</a></li><li><a href=\"MedicationRequest-ExampleOncoFAIRMedicationRequestElement.html\">MedicationRequest/ExampleOncoFAIRMedicationRequestElement</a></li><li><a href=\"CarePlan-ExampleOncoFAIRCarePlan.html\">CarePlan/ExampleOncoFAIRCarePlan</a></li></ul><p><b>groupIdentifier</b>: 303030</p><p><b>status</b>: active</p><p><b>intent</b>: proposal</p><p><b>priority</b>: urgent</p><h3>Medications</h3><table class=\"grid\"><tr><td style=\"display: none\">-</td><td><b>Concept</b></td><td><b>Reference</b></td></tr><tr><td style=\"display: none\">*</td><td>element <span style=\"background: LightGoldenRodYellow; margin: 4px; border: 1px solid khaki\"> (<a href=\"CodeSystem-concept-medication-oncofair-codesystem.html\">Concepts Medication Code System</a>#element)</span></td><td><a href=\"Medication-ExampleOncoFAIRMedication.html\">Medication/ExampleOncoFAIRMedication</a></td></tr></table><p><b>subject</b>: <a href=\"Patient-ExampleOncoFAIRPatient.html\">Patient/ExampleOncoFAIRPatient</a></p><p><b>requester</b>: <a href=\"Practitioner-ExampleOncoFAIRPractitioner.html\">Practitioner/ExampleOncoFAIRPractitioner</a></p><h3>Devices</h3><table class=\"grid\"><tr><td style=\"display: none\">-</td><td><b>Reference</b></td></tr><tr><td style=\"display: none\">*</td><td><a href=\"DeviceDefinition-ExampleOncoFAIRDeviceDefinition.html\">DeviceDefinition/ExampleOncoFAIRDeviceDefinition</a></td></tr></table><p><b>note</b>: Paracetamol 500mg Tablet, Prescribed for headaches, Administered after meals</p><blockquote><p><b>dosageInstruction</b></p><blockquote><p><b>id</b></p>element</blockquote><p><b>text</b>: Description of the dosage</p><p><b>additionalInstruction</b>: Half to one hour before food <span style=\"background: LightGoldenRodYellow; margin: 4px; border: 1px solid khaki\"> (<a href=\"https://browser.ihtsdotools.org/\">SNOMED CT</a>#311501008)</span></p><p><b>timing</b>: Starting 2024-06-01 08:00:00+0000 , 10min , before breakfast, Until 2024-06-01 09:00:00+0000 </p><p><b>site</b>: Throat <span style=\"background: LightGoldenRodYellow; margin: 4px; border: 1px solid khaki\"> (<a href=\"https://browser.ihtsdotools.org/\">SNOMED CT</a>#49928004)</span></p><p><b>route</b>: Oral route <span style=\"background: LightGoldenRodYellow; margin: 4px; border: 1px solid khaki\"> (<a href=\"https://browser.ihtsdotools.org/\">SNOMED CT</a>#26643006)</span></p><p><b>method</b>: Médicament <span style=\"background: LightGoldenRodYellow; margin: 4px; border: 1px solid khaki\"> (<a href=\"CodeSystem-siph-typeeltpla-oncofair-codesystem.html\">Type de l'élément d'administration Code System</a>#MED)</span></p></blockquote><blockquote><p><b>dosageInstruction</b></p><blockquote><p><b>id</b></p>posology</blockquote><p><b>timing</b>: Duration 1?ngen-7? , 2</p><blockquote><p><b>doseAndRate</b></p></blockquote></blockquote></div>"
  },
  "extension" : [{
    "url" : "http://ltsi.univ-rennes.fr/StructureDefinition/oncofair-element-form",
    "valueCodeableConcept" : {
      "coding" : [{
        "system" : "http://snomed.info/sct",
        "code" : "385055001",
        "display" : "Tablet"
      }]
    }
  },
  {
    "url" : "http://ltsi.univ-rennes.fr/StructureDefinition/oncofair-mr-element-supply",
    "valueBoolean" : true
  },
  {
    "url" : "http://ltsi.univ-rennes.fr/StructureDefinition/oncofair-mr-element-rank",
    "valueInteger" : 3
  },
  {
    "extension" : [{
      "url" : "GoNogoStatus",
      "valueCodeableConcept" : {
        "coding" : [{
          "system" : "http://ltsi.univ-rennes.fr/CodeSystem/siph-gonogo-oncofair-codesystem",
          "code" : "ATT",
          "display" : "En attente"
        }]
      }
    },
    {
      "url" : "GoNogoReasonWaiting",
      "valueCodeableConcept" : {
        "text" : "XXX"
      }
    }],
    "url" : "http://ltsi.univ-rennes.fr/StructureDefinition/oncofair-mr-element-go-nogo"
  },
  {
    "extension" : [{
      "url" : "pharmacistValidation",
      "valueCodeableConcept" : {
        "coding" : [{
          "system" : "http://ltsi.univ-rennes.fr/CodeSystem/siph-statutvalidpharm-oncofair-codesystem",
          "code" : "VAL",
          "display" : "validée"
        }]
      }
    },
    {
      "url" : "pharmacistProposal",
      "valueCodeableConcept" : {
        "coding" : [{
          "system" : "http://ltsi.univ-rennes.fr/CodeSystem/siph-natureproppharm-oncofair-codesystem",
          "code" : "SUG",
          "display" : "Suggestion"
        }]
      }
    }],
    "url" : "http://ltsi.univ-rennes.fr/StructureDefinition/oncofair-pharmacist-advice"
  }],
  "identifier" : [{
    "value" : "123456"
  }],
  "basedOn" : [{
    "reference" : "MedicationRequest/ExampleOncoFAIRMedicationRequestPrescription"
  },
  {
    "extension" : [{
      "url" : "http://ltsi.univ-rennes.fr/StructureDefinition/oncofair-mr-element-link-type",
      "valueCodeableConcept" : {
        "coding" : [{
          "system" : "http://ltsi.univ-rennes.fr/CodeSystem/siph-type-liaison-oncofair-codesystem",
          "code" : "COMP",
          "display" : "Complément"
        }]
      }
    }],
    "reference" : "MedicationRequest/ExampleOncoFAIRMedicationRequestElement"
  },
  {
    "reference" : "CarePlan/ExampleOncoFAIRCarePlan"
  }],
  "groupIdentifier" : {
    "value" : "303030"
  },
  "status" : "active",
  "intent" : "proposal",
  "priority" : "urgent",
  "medication" : {
    "concept" : {
      "coding" : [{
        "system" : "http://ltsi.univ-rennes.fr/CodeSystem/concept-medication-oncofair-codesystem",
        "code" : "element",
        "display" : "element"
      }]
    },
    "reference" : {
      "reference" : "Medication/ExampleOncoFAIRMedication"
    }
  },
  "subject" : {
    "reference" : "Patient/ExampleOncoFAIRPatient"
  },
  "requester" : {
    "reference" : "Practitioner/ExampleOncoFAIRPractitioner"
  },
  "device" : [{
    "reference" : {
      "reference" : "DeviceDefinition/ExampleOncoFAIRDeviceDefinition"
    }
  }],
  "note" : [{
    "id" : "wording",
    "text" : "Paracetamol 500mg Tablet"
  },
  {
    "id" : "indication",
    "text" : "Prescribed for headaches"
  },
  {
    "id" : "comments",
    "text" : "Administered after meals"
  }],
  "dosageInstruction" : [{
    "id" : "element",
    "text" : "Description of the dosage",
    "additionalInstruction" : [{
      "coding" : [{
        "system" : "http://snomed.info/sct",
        "code" : "311501008",
        "display" : "Half to one hour before food"
      }]
    }],
    "timing" : {
      "repeat" : {
        "boundsPeriod" : {
          "start" : "2024-06-01T08:00:00Z",
          "end" : "2024-06-01T09:00:00Z"
        },
        "when" : ["ACM"],
        "offset" : 10
      }
    },
    "site" : {
      "coding" : [{
        "system" : "http://snomed.info/sct",
        "code" : "49928004",
        "display" : "Throat"
      }]
    },
    "route" : {
      "coding" : [{
        "system" : "http://snomed.info/sct",
        "code" : "26643006",
        "display" : "Oral route"
      }]
    },
    "method" : {
      "coding" : [{
        "system" : "http://ltsi.univ-rennes.fr/CodeSystem/siph-typeeltpla-oncofair-codesystem",
        "code" : "MED",
        "display" : "Médicament"
      }]
    }
  },
  {
    "id" : "posology",
    "timing" : {
      "repeat" : {
        "duration" : 1,
        "durationUnit" : "s",
        "frequency" : 2
      }
    },
    "doseAndRate" : [{
      "doseQuantity" : {
        "value" : 250,
        "unit" : "mg",
        "system" : "http://unitsofmeasure.org"
      },
      "rateQuantity" : {
        "value" : 50,
        "unit" : "mg/h",
        "system" : "http://unitsofmeasure.org"
      }
    }]
  }]
}