<?xml version="1.0" encoding="UTF-8"?>

<Medication xmlns="http://hl7.org/fhir">
  <id value="ExampleOncoFAIRMedication"/>
  <meta>
    <profile value="http://ltsi.univ-rennes.fr/StructureDefinition/oncofair-medication"/>
  </meta>
  <text>
    <status value="extensions"/><div xmlns="http://www.w3.org/1999/xhtml"><p><b>Generated Narrative: Medication </b><a name="ExampleOncoFAIRMedication"> </a><a name="hcExampleOncoFAIRMedication"> </a></p><div style="display: inline-block; background-color: #d9e0e7; padding: 6px; margin: 4px; border: 1px solid #8da1b4; border-radius: 5px; line-height: 60%"><p style="margin-bottom: 0px">ResourceMedication &quot;ExampleOncoFAIRMedication&quot; </p><p style="margin-bottom: 0px">Profile: <a href="StructureDefinition-oncofair-medication.html">OncoFAIR Medication</a></p></div><p><b>OncoFAIRMedicationType</b>: principe actif <span style="background: LightGoldenRodYellow; margin: 4px; border: 1px solid khaki"> (<a href="CodeSystem-siph-typecomposant-oncofair-codesystem.html">Type de composant Code System</a>#PRAC)</span></p><p><b>code</b>: Ibuprofen <span style="background: LightGoldenRodYellow; margin: 4px; border: 1px solid khaki"> (<a href="https://browser.ihtsdotools.org/">SNOMED CT</a>#387207008)</span></p></div>
  </text>
  <extension url="http://ltsi.univ-rennes.fr/StructureDefinition/oncofair-medication-type">
    <valueCodeableConcept>
      <coding>
        <system value="http://ltsi.univ-rennes.fr/CodeSystem/siph-typecomposant-oncofair-codesystem"/>
        <code value="PRAC"/>
        <display value="principe actif"/>
      </coding>
    </valueCodeableConcept>
  </extension>
  <code>
    <coding>
      <system value="http://snomed.info/sct"/>
      <code value="387207008"/>
      <display value="Ibuprofen"/>
    </coding>
  </code>
</Medication>