{
  "resourceType" : "Observation",
  "id" : "ExampleOncoFAIRObservation",
  "meta" : {
    "profile" : ["http://ltsi.univ-rennes.fr/StructureDefinition/oncofair-observation"]
  },
  "text" : {
    "status" : "generated",
    "div" : "<div xmlns=\"http://www.w3.org/1999/xhtml\"><p><b>Generated Narrative: Observation </b><a name=\"ExampleOncoFAIRObservation\"> </a><a name=\"hcExampleOncoFAIRObservation\"> </a></p><div style=\"display: inline-block; background-color: #d9e0e7; padding: 6px; margin: 4px; border: 1px solid #8da1b4; border-radius: 5px; line-height: 60%\"><p style=\"margin-bottom: 0px\">ResourceObservation &quot;ExampleOncoFAIRObservation&quot; </p><p style=\"margin-bottom: 0px\">Profile: <a href=\"StructureDefinition-oncofair-observation.html\">OncoFAIR Observation</a></p></div><p><b>status</b>: final</p><p><b>code</b>: Poids <span style=\"background: LightGoldenRodYellow; margin: 4px; border: 1px solid khaki\"> (<a href=\"CodeSystem-siph-renscomplement-oncofair-codesystem.html\">Renseignement complémentaire Code System</a>#POIDS)</span></p><p><b>subject</b>: <a href=\"Patient-ExampleOncoFAIRPatient.html\">Patient/ExampleOncoFAIRPatient</a></p><p><b>effective</b>: 2024-06-06 10:00:00+0000</p><p><b>issued</b>: Jun 6, 2024, 10:15:00 AM</p><p><b>value</b>: 70 kg</p></div>"
  },
  "status" : "final",
  "code" : {
    "coding" : [{
      "system" : "http://ltsi.univ-rennes.fr/CodeSystem/siph-renscomplement-oncofair-codesystem",
      "code" : "POIDS",
      "display" : "Poids"
    }]
  },
  "subject" : {
    "reference" : "Patient/ExampleOncoFAIRPatient"
  },
  "effectiveDateTime" : "2024-06-06T10:00:00Z",
  "issued" : "2024-06-06T10:15:00Z",
  "valueQuantity" : {
    "value" : 70,
    "unit" : "kg"
  }
}