{
  "resourceType" : "SearchParameter",
  "id" : "oncofair-sp-element-site",
  "text" : {
    "status" : "generated",
    "div" : "<div xmlns=\"http://www.w3.org/1999/xhtml\"><p class=\"res-header-id\"><b>Generated Narrative: SearchParameter oncofair-sp-element-site</b></p><a name=\"oncofair-sp-element-site\"> </a><a name=\"hconcofair-sp-element-site\"> </a><a name=\"oncofair-sp-element-site-en-US\"> </a><h2>OncoFAIRSPElementSite</h2><p>Parameter <code>element-site</code>:<code>token</code></p><div><p>Search on the administration site of the element</p>\n</div><table class=\"grid\"><tr><td>Resources</td><td><a href=\"http://hl7.org/fhir/R5/medicationadministration.html\">MedicationAdministration</a>, <a href=\"http://hl7.org/fhir/R5/medicationrequest.html\">MedicationRequest</a></td></tr><tr><td>Expression</td><td><code>MedicationAdministration.dosage.site | MedicationRequest.dosageInstruction.where(id='element').site</code></td></tr><tr><td>Processing Mode</td><td>Normal</td></tr><tr><td>Multiples</td><td><ul><li>multipleAnd: It's up to the server whether the parameter may repeat in order to specify multiple values that must all be true</li><li>multipleOr: It's up to the server whether the parameter can have multiple values (separated by comma) where at least one must be true</li></ul></td></tr></table></div>"
  },
  "url" : "http://ltsi.univ-rennes.fr/SearchParameter/oncofair-sp-element-site",
  "version" : "0.1.0",
  "name" : "OncoFAIRSPElementSite",
  "status" : "active",
  "date" : "2024-07-17T09:54:34+00:00",
  "publisher" : "DOMASIA team of the Signal and Image Processing Laboratory (LTSI) and KEREVAL",
  "contact" : [{
    "name" : "DOMASIA team of the Signal and Image Processing Laboratory (LTSI) and KEREVAL",
    "telecom" : [{
      "system" : "url",
      "value" : "https://ltsi.univ-rennes.fr"
    }]
  }],
  "description" : "Search on the administration site of the element",
  "code" : "element-site",
  "base" : ["MedicationAdministration",
  "MedicationRequest"],
  "type" : "token",
  "expression" : "MedicationAdministration.dosage.site | MedicationRequest.dosageInstruction.where(id='element').site",
  "processingMode" : "normal"
}