{
  "resourceType" : "SearchParameter",
  "id" : "oncofair-sp-mr-is-dosage-referent",
  "text" : {
    "status" : "generated",
    "div" : "<div xmlns=\"http://www.w3.org/1999/xhtml\"><p class=\"res-header-id\"><b>Generated Narrative: SearchParameter oncofair-sp-mr-is-dosage-referent</b></p><a name=\"oncofair-sp-mr-is-dosage-referent\"> </a><a name=\"hconcofair-sp-mr-is-dosage-referent\"> </a><a name=\"hconcofair-sp-mr-is-dosage-referent-en-US\"> </a><h2>OncoFAIRSPMRIsDosageReferent</h2><p>Parameter <code>mr-is-dosage-referent</code>:<code>token</code></p><div><p>Search to find out if the component prescribed is the component that refers to the quantity or flow rate expressed in the dosage element when these are gravimetric (for example, mg or mg/h).</p>\n</div><table class=\"grid\"><tr><td>Resource</td><td><a href=\"http://hl7.org/fhir/R5/medicationrequest.html\">MedicationRequest</a></td></tr><tr><td>Expression</td><td><code>MedicationRequest.extension.where(url='http://ltsi.univ-rennes.fr/StructureDefinition/oncofair-mr-is-dosage-referent').value</code></td></tr><tr><td>Processing Mode</td><td>Normal</td></tr><tr><td>Multiples</td><td><ul><li>multipleAnd: It's up to the server whether the parameter may repeat in order to specify multiple values that must all be true</li><li>multipleOr: It's up to the server whether the parameter can have multiple values (separated by comma) where at least one must be true</li></ul></td></tr></table></div>"
  },
  "url" : "http://ltsi.univ-rennes.fr/SearchParameter/oncofair-sp-mr-is-dosage-referent",
  "version" : "0.1.0",
  "name" : "OncoFAIRSPMRIsDosageReferent",
  "status" : "active",
  "date" : "2024-07-02T14:09:09+00:00",
  "publisher" : "DOMASIA team of the Signal and Image Processing Laboratory (LTSI) and KEREVAL",
  "contact" : [{
    "name" : "DOMASIA team of the Signal and Image Processing Laboratory (LTSI) and KEREVAL",
    "telecom" : [{
      "system" : "url",
      "value" : "https://ltsi.univ-rennes.fr"
    }]
  }],
  "description" : "Search to find out if the component prescribed is the component that refers to the quantity or flow rate expressed in the dosage element when these are gravimetric (for example, mg or mg/h).",
  "code" : "mr-is-dosage-referent",
  "base" : ["MedicationRequest"],
  "type" : "token",
  "expression" : "MedicationRequest.extension.where(url='http://ltsi.univ-rennes.fr/StructureDefinition/oncofair-mr-is-dosage-referent').value",
  "processingMode" : "normal"
}