"Id","Path","Slice Name","Alias(s)","Label","Min","Max","Must Support?","Is Modifier?","Is Summary?","Type(s)","Short","Definition","Comments","Requirements","Default Value","Meaning When Missing","Fixed Value","Pattern","Example","Minimum Value","Maximum Value","Maximum Length","Binding Strength","Binding Description","Binding Value Set","Code","Slicing Discriminator","Slicing Description","Slicing Ordered","Slicing Rules","Base Path","Base Min","Base Max","Condition(s)","Constraint(s)","Mapping: Mapping du profil OncoFAIR MedicationRequest Prescription","Mapping: Workflow Pattern","Mapping: Mapping to NCPDP SCRIPT 10.6","Mapping: FiveWs Pattern Mapping","Mapping: RIM Mapping","Mapping: HL7 V2 Mapping"
"MedicationRequest","MedicationRequest","","Prescription
Order","",0,*,"","","","null {[]} {[]}
","Ordering of medication for patient or group","An order or request for both supply of the medication and the instructions for administration of the medication to a patient. The resource is called ""MedicationRequest"" rather than ""MedicationPrescription"" or ""MedicationOrder"" to generalize the use across inpatient and outpatient settings, including care plans, etc., and to harmonize with workflow patterns.","","","","","","","","","",,,,,"",,,,"MedicationRequest",0,*,"","dom-2:If the resource is contained in another resource, it SHALL NOT contain nested Resources {contained.contained.empty()}
dom-3:If the resource is contained in another resource, it SHALL be referred to from elsewhere in the resource or SHALL refer to the containing resource {contained.where((('#'+id in (%resource.descendants().reference | %resource.descendants().ofType(canonical) | %resource.descendants().ofType(uri) | %resource.descendants().ofType(url))) or descendants().where(reference = '#').exists() or descendants().where(ofType(canonical) = '#').exists() or descendants().where(ofType(canonical) = '#').exists()).not()).trace('unmatched', id).empty()}dom-4:If a resource is contained in another resource, it SHALL NOT have a meta.versionId or a meta.lastUpdated {contained.meta.versionId.empty() and contained.meta.lastUpdated.empty()}dom-5:If a resource is contained in another resource, it SHALL NOT have a security label {contained.meta.security.empty()}dom-6:A resource should have narrative for robust management {text.`div`.exists()}","PRESCRIPTION","Request","Message/Body/NewRx","clinical.medication","Entity, Role, or Act,CombinedMedicationRequest"
"MedicationRequest.id","MedicationRequest.id","","","",0,1,"","","Y","id {[]} {[]}
","Logical id of this artifact","The logical id of the resource, as used in the URL for the resource. Once assigned, this value never changes.","Within the context of the FHIR RESTful interactions, the resource has an id except for cases like the create and conditional update. Otherwise, the use of the resouce id depends on the given use case.","","","","","","","","",,,,,"",,,,"Resource.id",0,1,"",""
"MedicationRequest.meta","MedicationRequest.meta","","","",0,1,"","","Y","Meta {[]} {[]}
","Metadata about the resource","The metadata about the resource. This is content that is maintained by the infrastructure. Changes to the content might not always be associated with version changes to the resource.","","","","","","","","","",,,,,"",,,,"Resource.meta",0,1,"","ele-1:All FHIR elements must have a @value or children {hasValue() or (children().count() > id.count())}
"
"MedicationRequest.implicitRules","MedicationRequest.implicitRules","","","",0,1,"","Y","Y","uri {[]} {[]}
","A set of rules under which this content was created","A reference to a set of rules that were followed when the resource was constructed, and which must be understood when processing the content. Often, this is a reference to an implementation guide that defines the special rules along with other profiles etc.","Asserting this rule set restricts the content to be only understood by a limited set of trading partners. This inherently limits the usefulness of the data in the long term. However, the existing health eco-system is highly fractured, and not yet ready to define, collect, and exchange data in a generally computable sense. Wherever possible, implementers and/or specification writers should avoid using this element. Often, when used, the URL is a reference to an implementation guide that defines these special rules as part of its narrative along with other profiles, value sets, etc.","","","","","","","","",,,,,"",,,,"Resource.implicitRules",0,1,"","ele-1:All FHIR elements must have a @value or children {hasValue() or (children().count() > id.count())}
"
"MedicationRequest.language","MedicationRequest.language","","","",0,1,"","","","code {[]} {[]}
","Language of the resource content","The base language in which the resource is written.","Language is provided to support indexing and accessibility (typically, services such as text to speech use the language tag). The html language tag in the narrative applies  to the narrative. The language tag on the resource may be used to specify the language of other presentations generated from the data in the resource. Not all the content has to be in the base language. The Resource.language should not be assumed to apply to the narrative automatically. If a language is specified, it should it also be specified on the div element in the html (see rules in HTML5 for information about the relationship between xml:lang and the html lang attribute).","","","","","","","","",,"required","IETF language tag for a human language","http://hl7.org/fhir/ValueSet/all-languages|5.0.0","",,,,"Resource.language",0,1,"","ele-1:All FHIR elements must have a @value or children {hasValue() or (children().count() > id.count())}
"
"MedicationRequest.text","MedicationRequest.text","","narrative
htmlxhtmldisplay","",0,1,"","","","Narrative {[]} {[]}
","Text summary of the resource, for human interpretation","A human-readable narrative that contains a summary of the resource and can be used to represent the content of the resource to a human. The narrative need not encode all the structured data, but is required to contain sufficient detail to make it ""clinically safe"" for a human to just read the narrative. Resource definitions may define what content should be represented in the narrative to ensure clinical safety.","Contained resources do not have a narrative. Resources that are not contained SHOULD have a narrative. In some cases, a resource may only have text with little or no additional discrete data (as long as all minOccurs=1 elements are satisfied).  This may be necessary for data from legacy systems where information is captured as a ""text blob"" or where text is additionally entered raw or narrated and encoded information is added later.","","","","","","","","",,,,,"",,,,"DomainResource.text",0,1,"dom-6
","ele-1:All FHIR elements must have a @value or children {hasValue() or (children().count() > id.count())}
","Act.text?"
"MedicationRequest.contained","MedicationRequest.contained","","inline resources
anonymous resourcescontained resources","",0,*,"","","","Resource {[]} {[]}
","Contained, inline Resources","These resources do not have an independent existence apart from the resource that contains them - they cannot be identified independently, nor can they have their own independent transaction scope. This is allowed to be a Parameters resource if and only if it is referenced by a resource that provides context/meaning.","This should never be done when the content can be identified properly, as once identification is lost, it is extremely difficult (and context dependent) to restore it again. Contained resources may have profiles and tags in their meta elements, but SHALL NOT have security labels.","","","","","","","","",,,,,"",,,,"DomainResource.contained",0,*,"dom-2
dom-4dom-3dom-5","","N/A"
"MedicationRequest.extension","MedicationRequest.extension","","","",1,*,"","","","Extension {[]} {[]}
","Extension","An Extension","","","","","","","","","",,,,,"","value:url}
","",,"open","DomainResource.extension",0,*,"","ele-1:All FHIR elements must have a @value or children {hasValue() or (children().count() > id.count())}
ext-1:Must have either extensions or value[x], not both {extension.exists() != value.exists()}"
"MedicationRequest.extension:oncofair-mr-prescription-validation-date","MedicationRequest.extension","oncofair-mr-prescription-validation-date","","",1,1,"Y","","","Extension {[CanonicalType[http://ltsi.univ-rennes.fr/StructureDefinition/oncofair-mr-prescription-validation-date]]} {[]}
","Extension","Extension créée dans le cadre d'OncoFAIR","","","","","","","","","",,,,,"",,,,"DomainResource.extension",0,*,"","ele-1:All FHIR elements must have a @value or children {hasValue() or (children().count() > id.count())}
ext-1:Must have either extensions or value[x], not both {extension.exists() != value.exists()}","dateHeurePrescription"
"MedicationRequest.modifierExtension","MedicationRequest.modifierExtension","","extensions
user content","",0,*,"","Y","Y","Extension {[]} {[]}
","Extensions that cannot be ignored","May be used to represent additional information that is not part of the basic definition of the resource and that modifies the understanding of the element that contains it and/or the understanding of the containing element's descendants. Usually modifier elements provide negation or qualification. To make the use of extensions safe and managable, there is a strict set of governance applied to the definition and use of extensions. Though any implementer is allowed to define an extension, there is a set of requirements that SHALL be met as part of the definition of the extension. Applications processing a resource are required to check for modifier extensions.

Modifier extensions SHALL NOT change the meaning of any elements on Resource or DomainResource (including cannot change the meaning of modifierExtension itself).","There can be no stigma associated with the use of extensions by any application, project, or standard - regardless of the institution or jurisdiction that uses or defines the extensions.  The use of extensions is what allows the FHIR specification to retain a core level of simplicity for everyone.","Modifier extensions allow for extensions that *cannot* be safely ignored to be clearly distinguished from the vast majority of extensions which can be safely ignored.  This promotes interoperability by eliminating the need for implementers to prohibit the presence of extensions. For further information, see the [definition of modifier extensions](http://hl7.org/fhir/R5/extensibility.html#modifierExtension).","","","","","","","",,,,,"",,,,"DomainResource.modifierExtension",0,*,"","ele-1:All FHIR elements must have a @value or children {hasValue() or (children().count() > id.count())}
ext-1:Must have either extensions or value[x], not both {extension.exists() != value.exists()}","N/A"
"MedicationRequest.identifier","MedicationRequest.identifier","","","",1,1,"Y","","","Identifier {[]} {[]}
","Unique prescription identifier","Identifiers associated with this medication request that are defined by business processes and/or used to refer to it when a direct URL reference to the resource itself is not appropriate. They are business identifiers assigned to this resource by the performer or other systems and remain constant as the resource is updated and propagates from server to server.","This is a business identifier, not a resource identifier.","","","","","","","","",,,,,"",,,,"MedicationRequest.identifier",0,*,"","ele-1:All FHIR elements must have a @value or children {hasValue() or (children().count() > id.count())}
","idPrescription","Request.identifier","Message/Header/PrescriberOrderNumber","FiveWs.identifier",".id","ORC-2-Placer Order Number / ORC-3-Filler Order Number"
"MedicationRequest.identifier.id","MedicationRequest.identifier.id","","","",0,1,"","","","id {[]} {[]}
","Unique id for inter-element referencing","Unique id for the element within a resource (for internal references). This may be any string value that does not contain spaces.","","","","","","","","","",,,,,"",,,,"Element.id",0,1,"ele-1
","","n/a"
"MedicationRequest.identifier.extension","MedicationRequest.identifier.extension","","extensions
user content","",0,*,"","","","Extension {[]} {[]}
","Additional content defined by implementations","May be used to represent additional information that is not part of the basic definition of the element. To make the use of extensions safe and managable, there is a strict set of governance applied to the definition and use of extensions. Though any implementer can define an extension, there is a set of requirements that SHALL be met as part of the definition of the extension.","There can be no stigma associated with the use of extensions by any application, project, or standard - regardless of the institution or jurisdiction that uses or defines the extensions.  The use of extensions is what allows the FHIR specification to retain a core level of simplicity for everyone.","","","","","","","","",,,,,"","value:url}
","Extensions are always sliced by (at least) url",,"open","Element.extension",0,*,"","ele-1:All FHIR elements must have a @value or children {hasValue() or (children().count() > id.count())}
ext-1:Must have either extensions or value[x], not both {extension.exists() != value.exists()}","n/a"
"MedicationRequest.identifier.use","MedicationRequest.identifier.use","","","",0,1,"","Y","Y","code {[]} {[]}
","usual | official | temp | secondary | old (If known)","The purpose of this identifier.","Applications can assume that an identifier is permanent unless it explicitly says that it is temporary.","Allows the appropriate identifier for a particular context of use to be selected from among a set of identifiers.","","","","","","","",,"required","Identifies the purpose for this identifier, if known .","http://hl7.org/fhir/ValueSet/identifier-use|5.0.0","",,,,"Identifier.use",0,1,"","ele-1:All FHIR elements must have a @value or children {hasValue() or (children().count() > id.count())}
","Role.code or implied by context","N/A"
"MedicationRequest.identifier.type","MedicationRequest.identifier.type","","","",0,1,"","","Y","CodeableConcept {[]} {[]}
","Description of identifier","A coded type for the identifier that can be used to determine which identifier to use for a specific purpose.","This element deals only with general categories of identifiers.  It SHOULD not be used for codes that correspond 1..1 with the Identifier.system. Some identifiers may fall into multiple categories due to common usage.   Where the system is known, a type is unnecessary because the type is always part of the system definition. However systems often need to handle identifiers where the system is not known. There is not a 1:1 relationship between type and system, since many different systems have the same type.","Allows users to make use of identifiers when the identifier system is not known.","","","","","","","",,"extensible","A coded type for an identifier that can be used to determine which identifier to use for a specific purpose.","http://hl7.org/fhir/ValueSet/identifier-type","",,,,"Identifier.type",0,1,"","ele-1:All FHIR elements must have a @value or children {hasValue() or (children().count() > id.count())}
","Role.code or implied by context","CX.5"
"MedicationRequest.identifier.system","MedicationRequest.identifier.system","","","",0,1,"","","Y","uri {[]} {[]}
","The namespace for the identifier value","Establishes the namespace for the value - that is, an absolute URL that describes a set values that are unique.","Identifier.system is always case sensitive.","There are many sets  of identifiers.  To perform matching of two identifiers, we need to know what set we're dealing with. The system identifies a particular set of unique identifiers.","","","","","<valueUri xmlns=""http://hl7.org/fhir"" value=""http://www.acme.com/identifiers/patient""/>","","",,,,,"",,,,"Identifier.system",0,1,"","ele-1:All FHIR elements must have a @value or children {hasValue() or (children().count() > id.count())}
","II.root or Role.id.root","CX.4 / EI-2-4"
"MedicationRequest.identifier.value","MedicationRequest.identifier.value","","","",1,1,"","","Y","string {[]} {[]}
","The value that is unique","The portion of the identifier typically relevant to the user and which is unique within the context of the system.","If the value is a full URI, then the system SHALL be urn:ietf:rfc:3986.  The value's primary purpose is computational mapping.  As a result, it may be normalized for comparison purposes (e.g. removing non-significant whitespace, dashes, etc.)  A value formatted for human display can be conveyed using the [http://hl7.org/fhir/StructureDefinition/rendered-value](http://hl7.org/fhir/extensions/StructureDefinition-rendered-value.html)). Identifier.value is to be treated as case sensitive unless knowledge of the Identifier.system allows the processer to be confident that non-case-sensitive processing is safe.","","","","","","<valueString xmlns=""http://hl7.org/fhir"" value=""123456""/>","","",,,,,"",,,,"Identifier.value",0,1,"ident-1
","ele-1:All FHIR elements must have a @value or children {hasValue() or (children().count() > id.count())}
","II.extension or II.root if system indicates OID or GUID (Or Role.id.extension or root)","CX.1 / EI.1"
"MedicationRequest.identifier.period","MedicationRequest.identifier.period","","","",0,1,"","","Y","Period {[]} {[]}
","Time period when id is/was valid for use","Time period during which identifier is/was valid for use.","","","","","","","","","",,,,,"",,,,"Identifier.period",0,1,"","ele-1:All FHIR elements must have a @value or children {hasValue() or (children().count() > id.count())}
","Role.effectiveTime or implied by context","CX.7 + CX.8"
"MedicationRequest.identifier.assigner","MedicationRequest.identifier.assigner","","","",0,1,"","","Y","Reference {[]} {[CanonicalType[http://hl7.org/fhir/StructureDefinition/Organization]]}
","Organization that issued id (may be just text)","Organization that issued/manages the identifier.","The Identifier.assigner may omit the .reference element and only contain a .display element reflecting the name or other textual information about the assigning organization.","","","","","","","","",,,,,"",,,,"Identifier.assigner",0,1,"","ele-1:All FHIR elements must have a @value or children {hasValue() or (children().count() > id.count())}
","II.assigningAuthorityName but note that this is an improper use by the definition of the field.  Also Role.scoper","CX.4 / (CX.4,CX.9,CX.10)"
"MedicationRequest.basedOn","MedicationRequest.basedOn","","","",0,*,"Y","","Y","Reference {[]} {[CanonicalType[http://ltsi.univ-rennes.fr/StructureDefinition/oncofair-careplan]]}
","The protocol linked to the prescription","A plan or request that is fulfilled in whole or in part by this medication request.","","","","","","","","","",,,,,"",,,,"MedicationRequest.basedOn",0,*,"","ele-1:All FHIR elements must have a @value or children {hasValue() or (children().count() > id.count())}
","PROTOCOLE PRESCRIT","Request.basedOn",".outboundRelationship[typeCode=FLFS].target[classCode=SBADM or PROC or PCPR or OBS, moodCode=RQO orPLAN or PRP]"
"MedicationRequest.priorPrescription","MedicationRequest.priorPrescription","","","",0,1,"","","","Reference {[]} {[CanonicalType[http://hl7.org/fhir/StructureDefinition/MedicationRequest]]}
","Reference to an order/prescription that is being replaced by this MedicationRequest","Reference to an order/prescription that is being replaced by this MedicationRequest.","","","","","","","","","",,,,,"",,,,"MedicationRequest.priorPrescription",0,1,"","ele-1:All FHIR elements must have a @value or children {hasValue() or (children().count() > id.count())}
","Request.replaces","not mapped",".outboundRelationship[typeCode=?RPLC or ?SUCC]/target[classCode=SBADM,moodCode=RQO]"
"MedicationRequest.groupIdentifier","MedicationRequest.groupIdentifier","","","",0,1,"","","Y","Identifier {[]} {[]}
","Composite request this is part of","A shared identifier common to multiple independent Request instances that were activated/authorized more or less simultaneously by a single author.  The presence of the same identifier on each request ties those requests together and may have business ramifications in terms of reporting of results, billing, etc.  E.g. a requisition number shared by a set of lab tests ordered together, or a prescription number shared by all meds ordered at one time.","","Requests are linked either by a ""basedOn"" relationship (i.e. one request is fulfilling another) or by having a common requisition. Requests that are part of the same requisition are generally treated independently from the perspective of changing their state or maintaining them after initial creation.","","","","","","","",,,,,"",,,,"MedicationRequest.groupIdentifier",0,1,"","ele-1:All FHIR elements must have a @value or children {hasValue() or (children().count() > id.count())}
","Request.groupIdentifier",".outboundRelationship(typeCode=COMP].target[classCode=SBADM, moodCode=INT].id"
"MedicationRequest.status","MedicationRequest.status","","","",1,1,"","Y","Y","code {[]} {[]}
","active | on-hold | ended | stopped | completed | cancelled | entered-in-error | draft | unknown","A code specifying the current state of the order.  Generally, this will be active or completed state.","This element is labeled as a modifier because the status contains codes that mark the resource as not currently valid.

Clinical decision support systems should take the status into account when determining which medications to include in their algorithms.","","","","","","","","",,"required","A coded concept specifying the state of the prescribing event. Describes the lifecycle of the prescription.","http://hl7.org/fhir/ValueSet/medicationrequest-status|5.0.0","",,,,"MedicationRequest.status",1,1,"","ele-1:All FHIR elements must have a @value or children {hasValue() or (children().count() > id.count())}
","Request.status","no mapping","FiveWs.status",".statusCode"
"MedicationRequest.statusReason","MedicationRequest.statusReason","","","",0,1,"","","","CodeableConcept {[]} {[]}
","Reason for current status","Captures the reason for the current state of the MedicationRequest.","This is generally only used for ""exception"" statuses such as ""suspended"" or ""cancelled"". The reason why the MedicationRequest was created at all is captured in reasonCode, not here.","","","","","","","","",,"example","Identifies the reasons for a given status.","http://hl7.org/fhir/ValueSet/medicationrequest-status-reason","",,,,"MedicationRequest.statusReason",0,1,"","ele-1:All FHIR elements must have a @value or children {hasValue() or (children().count() > id.count())}
","Request.statusReason",".inboundRelationship[typeCode=SUBJ].source[classCode=CACT, moodCode=EVN].reasonCOde"
"MedicationRequest.statusChanged","MedicationRequest.statusChanged","","","",0,1,"","","","dateTime {[]} {[]}
","When the status was changed","The date (and perhaps time) when the status was changed.","","","","","","","","","",,,,,"",,,,"MedicationRequest.statusChanged",0,1,"","ele-1:All FHIR elements must have a @value or children {hasValue() or (children().count() > id.count())}
","subjectOf Observation[code = statusChange].value = date"
"MedicationRequest.intent","MedicationRequest.intent","","","",1,1,"","Y","Y","code {[]} {[]}
","proposal | plan | order | original-order | reflex-order | filler-order | instance-order | option","Whether the request is a proposal, plan, or an original order.","It is expected that the type of requester will be restricted for different stages of a MedicationRequest.  For example, Proposals can be created by a patient, relatedPerson, Practitioner or Device.  Plans can be created by Practitioners, Patients, RelatedPersons and Devices.  Original orders can be created by a Practitioner only.An instance-order is an instantiation of a request or order and may be used to populate Medication Administration Record.This element is labeled as a modifier because the intent alters when and how the resource is actually applicable.","","","","","","","","",,"required","The kind of medication order.","http://hl7.org/fhir/ValueSet/medicationrequest-intent|5.0.0","",,,,"MedicationRequest.intent",1,1,"","ele-1:All FHIR elements must have a @value or children {hasValue() or (children().count() > id.count())}
","Request.intent","FiveWs.class",".moodCode (nuances beyond PRP/PLAN/RQO would need to be elsewhere)"
"MedicationRequest.category","MedicationRequest.category","","","",0,*,"","","","CodeableConcept {[]} {[]}
","Grouping or category of medication request","An arbitrary categorization or grouping of the medication request.  It could be used for indicating where meds are intended to be administered, eg. in an inpatient setting or in a patient's home, or a legal category of the medication.","The category can be used to include where the medication is expected to be consumed or other types of requests.  The examplar value set represents where the meds are intended to be administered and is just one example of request categorization.","","","","","","","","",,"example","A coded concept identifying where the medication is to be consumed or administered.","http://hl7.org/fhir/ValueSet/medicationrequest-admin-location","",,,,"MedicationRequest.category",0,*,"","ele-1:All FHIR elements must have a @value or children {hasValue() or (children().count() > id.count())}
","Message/Body/NewRx/MedicationPrescribed/Directionsor Message/Body/NewRx/MedicationPrescribed/StructuredSIG","FiveWs.class",".inboundRelationship[typeCode=COMP].source[classCode=OBS, moodCode=EVN, code=""type of medication usage""].value"
"MedicationRequest.priority","MedicationRequest.priority","","","",0,1,"","","Y","code {[]} {[]}
","routine | urgent | asap | stat","Indicates how quickly the Medication Request should be addressed with respect to other requests.","","","","","","","","","",,"required","Identifies the level of importance to be assigned to actioning the request.","http://hl7.org/fhir/ValueSet/request-priority|5.0.0","",,,,"MedicationRequest.priority",0,1,"","ele-1:All FHIR elements must have a @value or children {hasValue() or (children().count() > id.count())}
","Request.priority","FiveWs.grade",".priorityCode"
"MedicationRequest.doNotPerform","MedicationRequest.doNotPerform","","","",0,1,"","Y","Y","boolean {[]} {[]}
","True if patient is to stop taking or not to start taking the medication","If true, indicates that the provider is asking for the patient to either stop taking or to not start taking the specified medication. For example, the patient is taking an existing medication and the provider is changing their medication. They want to create two seperate requests: one to stop using the current medication and another to start the new medication.","If do not perform is not specified, the request is a positive request e.g. ""do perform"".","","","","","","","","",,,,,"",,,,"MedicationRequest.doNotPerform",0,1,"","ele-1:All FHIR elements must have a @value or children {hasValue() or (children().count() > id.count())}
","SubstanceAdministration.actionNegationInd"
"MedicationRequest.medication","MedicationRequest.medication","","","",1,1,"Y","","Y","CodeableReference {[]} {[CanonicalType[http://hl7.org/fhir/StructureDefinition/Medication]]}
","Medication to be taken","Identifies the medication being requested. This is a link to a resource that represents the medication which may be the details of the medication or simply an attribute carrying a code that identifies the medication from a known list of medications.","If only a code is specified, then it needs to be a code for a specific product. If more information is required, then the use of the Medication resource is recommended.  For example, if you require form or lot number or if the medication is compounded or extemporaneously prepared, then you must reference the Medication resource.","","","","","","","","",,"example","A coded concept identifying substance or product that can be ordered.","http://hl7.org/fhir/ValueSet/medication-codes","",,,,"MedicationRequest.medication",1,1,"","ele-1:All FHIR elements must have a @value or children {hasValue() or (children().count() > id.count())}
","Request.code","Message/Body/NewRx/MedicationPrescribedMedication.code.coding.code = Message/Body/NewRx/MedicationPrescribed/DrugCoded/ProductCodeMedication.code.coding.system = Message/Body/NewRx/MedicationPrescribed/DrugCoded/ProductCodeQualifierMedication.code.coding.display = Message/Body/NewRx/MedicationPrescribed/DrugDescription","FiveWs.what[x]","consumable.administrableMedication","RXE-2-Give Code / RXO-1 Requested Give Code / RXC-2 Component Code"
"MedicationRequest.medication.id","MedicationRequest.medication.id","","","",0,1,"","","","id {[]} {[]}
","Unique id for inter-element referencing","Unique id for the element within a resource (for internal references). This may be any string value that does not contain spaces.","","","","","","","","","",,,,,"",,,,"Element.id",0,1,"ele-1
","","n/a"
"MedicationRequest.medication.extension","MedicationRequest.medication.extension","","extensions
user content","",0,*,"","","","Extension {[]} {[]}
","Additional content defined by implementations","May be used to represent additional information that is not part of the basic definition of the element. To make the use of extensions safe and managable, there is a strict set of governance applied to the definition and use of extensions. Though any implementer can define an extension, there is a set of requirements that SHALL be met as part of the definition of the extension.","There can be no stigma associated with the use of extensions by any application, project, or standard - regardless of the institution or jurisdiction that uses or defines the extensions.  The use of extensions is what allows the FHIR specification to retain a core level of simplicity for everyone.","","","","","","","","",,,,,"","value:url}
","Extensions are always sliced by (at least) url",,"open","Element.extension",0,*,"","ele-1:All FHIR elements must have a @value or children {hasValue() or (children().count() > id.count())}
ext-1:Must have either extensions or value[x], not both {extension.exists() != value.exists()}","n/a"
"MedicationRequest.medication.concept","MedicationRequest.medication.concept","","","",0,1,"","","Y","CodeableConcept {[]} {[]}
","Reference to a concept (by class)","A reference to a concept - e.g. the information is identified by its general class to the degree of precision found in the terminology.","","","","","","","","","",,,,,"",,,,"CodeableReference.concept",0,1,"","ele-1:All FHIR elements must have a @value or children {hasValue() or (children().count() > id.count())}
","N/A"
"MedicationRequest.medication.concept.id","MedicationRequest.medication.concept.id","","","",0,1,"","","","id {[]} {[]}
","Unique id for inter-element referencing","Unique id for the element within a resource (for internal references). This may be any string value that does not contain spaces.","","","","","","","","","",,,,,"",,,,"Element.id",0,1,"ele-1
","","n/a"
"MedicationRequest.medication.concept.extension","MedicationRequest.medication.concept.extension","","extensions
user content","",0,*,"","","","Extension {[]} {[]}
","Additional content defined by implementations","May be used to represent additional information that is not part of the basic definition of the element. To make the use of extensions safe and managable, there is a strict set of governance applied to the definition and use of extensions. Though any implementer can define an extension, there is a set of requirements that SHALL be met as part of the definition of the extension.","There can be no stigma associated with the use of extensions by any application, project, or standard - regardless of the institution or jurisdiction that uses or defines the extensions.  The use of extensions is what allows the FHIR specification to retain a core level of simplicity for everyone.","","","","","","","","",,,,,"","value:url}
","Extensions are always sliced by (at least) url",,"open","Element.extension",0,*,"","ele-1:All FHIR elements must have a @value or children {hasValue() or (children().count() > id.count())}
ext-1:Must have either extensions or value[x], not both {extension.exists() != value.exists()}","n/a"
"MedicationRequest.medication.concept.coding","MedicationRequest.medication.concept.coding","","","",0,*,"","","Y","Coding {[]} {[]}
","Code defined by a terminology system","A reference to a code defined by a terminology system.","Codes may be defined very casually in enumerations, or code lists, up to very formal definitions such as SNOMED CT - see the HL7 v3 Core Principles for more information.  Ordering of codings is undefined and SHALL NOT be used to infer meaning. Generally, at most only one of the coding values will be labeled as UserSelected = true.","Allows for alternative encodings within a code system, and translations to other code systems.","","","","","","","",,,,,"",,,,"CodeableConcept.coding",0,*,"","ele-1:All FHIR elements must have a @value or children {hasValue() or (children().count() > id.count())}
","union(., ./translation)","C*E.1-8, C*E.10-22"
"MedicationRequest.medication.concept.coding.id","MedicationRequest.medication.concept.coding.id","","","",0,1,"","","","id {[]} {[]}
","Unique id for inter-element referencing","Unique id for the element within a resource (for internal references). This may be any string value that does not contain spaces.","","","","","","","","","",,,,,"",,,,"Element.id",0,1,"ele-1
","","n/a"
"MedicationRequest.medication.concept.coding.extension","MedicationRequest.medication.concept.coding.extension","","extensions
user content","",0,*,"","","","Extension {[]} {[]}
","Additional content defined by implementations","May be used to represent additional information that is not part of the basic definition of the element. To make the use of extensions safe and managable, there is a strict set of governance applied to the definition and use of extensions. Though any implementer can define an extension, there is a set of requirements that SHALL be met as part of the definition of the extension.","There can be no stigma associated with the use of extensions by any application, project, or standard - regardless of the institution or jurisdiction that uses or defines the extensions.  The use of extensions is what allows the FHIR specification to retain a core level of simplicity for everyone.","","","","","","","","",,,,,"","value:url}
","Extensions are always sliced by (at least) url",,"open","Element.extension",0,*,"","ele-1:All FHIR elements must have a @value or children {hasValue() or (children().count() > id.count())}
ext-1:Must have either extensions or value[x], not both {extension.exists() != value.exists()}","n/a"
"MedicationRequest.medication.concept.coding.system","MedicationRequest.medication.concept.coding.system","","","",0,1,"","","Y","uri {[]} {[]}
","Identity of the terminology system","The identification of the code system that defines the meaning of the symbol in the code.","The URI may be an OID (urn:oid:...) or a UUID (urn:uuid:...).  OIDs and UUIDs SHALL be references to the HL7 OID registry. Otherwise, the URI should come from HL7's list of FHIR defined special URIs or it should be an absolute reference to some definition that establishes the system clearly and unambiguously.","Need to be unambiguous about the source of the definition of the symbol.","","","","","","","",,,,,"",,,,"Coding.system",0,1,"","ele-1:All FHIR elements must have a @value or children {hasValue() or (children().count() > id.count())}
","./codeSystem","C*E.3"
"MedicationRequest.medication.concept.coding.version","MedicationRequest.medication.concept.coding.version","","","",0,1,"","","Y","string {[]} {[]}
","Version of the system - if relevant","The version of the code system which was used when choosing this code. Note that a well-maintained code system does not need the version reported, because the meaning of codes is consistent across versions. However this cannot consistently be assured, and when the meaning is not guaranteed to be consistent, the version SHOULD be exchanged.","Where the terminology does not clearly define what string should be used to identify code system versions, the recommendation is to use the date (expressed in FHIR date format) on which that version was officially published as the version date.","","","","","","","","",,,,,"",,,,"Coding.version",0,1,"","ele-1:All FHIR elements must have a @value or children {hasValue() or (children().count() > id.count())}
","./codeSystemVersion","C*E.7"
"MedicationRequest.medication.concept.coding.code","MedicationRequest.medication.concept.coding.code","","","",0,1,"","","Y","code {[]} {[]}
","Symbol in syntax defined by the system","A symbol in syntax defined by the system. The symbol may be a predefined code or an expression in a syntax defined by the coding system (e.g. post-coordination).","","Need to refer to a particular code in the system.","","","","<valueCode xmlns=""http://hl7.org/fhir"" value=""prescription""/>","","","",,,,,"",,,,"Coding.code",0,1,"cod-1
","ele-1:All FHIR elements must have a @value or children {hasValue() or (children().count() > id.count())}
","./code","C*E.1"
"MedicationRequest.medication.concept.coding.display","MedicationRequest.medication.concept.coding.display","","","",0,1,"","","Y","string {[]} {[]}
","Representation defined by the system","A representation of the meaning of the code in the system, following the rules of the system.","","Need to be able to carry a human-readable meaning of the code for readers that do not know  the system.","","","","","","","",,,,,"",,,,"Coding.display",0,1,"cod-1
","ele-1:All FHIR elements must have a @value or children {hasValue() or (children().count() > id.count())}
","CV.displayName","C*E.2 - but note this is not well followed"
"MedicationRequest.medication.concept.coding.userSelected","MedicationRequest.medication.concept.coding.userSelected","","","",0,1,"","","Y","boolean {[]} {[]}
","If this coding was chosen directly by the user","Indicates that this coding was chosen by a user directly - e.g. off a pick list of available items (codes or displays).","Amongst a set of alternatives, a directly chosen code is the most appropriate starting point for new translations. There is some ambiguity about what exactly 'directly chosen' implies, and trading partner agreement may be needed to clarify the use of this element and its consequences more completely.","This has been identified as a clinical safety criterium - that this exact system/code pair was chosen explicitly, rather than inferred by the system based on some rules or language processing.","","","","","","","",,,,,"",,,,"Coding.userSelected",0,1,"","ele-1:All FHIR elements must have a @value or children {hasValue() or (children().count() > id.count())}
","CD.codingRationale","Sometimes implied by being first"
"MedicationRequest.medication.concept.text","MedicationRequest.medication.concept.text","","","",0,1,"","","Y","string {[]} {[]}
","Plain text representation of the concept","A human language representation of the concept as seen/selected/uttered by the user who entered the data and/or which represents the intended meaning of the user.","Very often the text is the same as a displayName of one of the codings.","The codes from the terminologies do not always capture the correct meaning with all the nuances of the human using them, or sometimes there is no appropriate code at all. In these cases, the text is used to capture the full meaning of the source.","","","","","","","",,,,,"",,,,"CodeableConcept.text",0,1,"","ele-1:All FHIR elements must have a @value or children {hasValue() or (children().count() > id.count())}
","./originalText[mediaType/code=""text/plain""]/data","C*E.9. But note many systems use C*E.2 for this"
"MedicationRequest.medication.reference","MedicationRequest.medication.reference","","","",0,1,"","","Y","Reference {[]} {[]}
","Reference to a resource (by instance)","A reference to a resource the provides exact details about the information being referenced.","","","","","","","","","",,,,,"",,,,"CodeableReference.reference",0,1,"","ele-1:All FHIR elements must have a @value or children {hasValue() or (children().count() > id.count())}
","N/A"
"MedicationRequest.subject","MedicationRequest.subject","","","",1,1,"","","Y","Reference {[]} {[CanonicalType[http://hl7.org/fhir/StructureDefinition/Patient], CanonicalType[http://hl7.org/fhir/StructureDefinition/Group]]}
","Individual or group for whom the medication has been requested","The individual or group for whom the medication has been requested.","The subject on a medication request is mandatory.  For the secondary use case where the actual subject is not provided, there still must be an anonymized subject specified.","","","","","","","","",,,,,"",,,,"MedicationRequest.subject",1,1,"","ele-1:All FHIR elements must have a @value or children {hasValue() or (children().count() > id.count())}
","Request.subject","Message/Body/NewRx/Patient(need detail to link to specific patient … Patient.Identification in SCRIPT)","FiveWs.subject[x]",".participation[typeCode=AUT].role","PID-3 Patient ID List"
"MedicationRequest.informationSource","MedicationRequest.informationSource","","","",0,*,"","","","Reference {[]} {[CanonicalType[http://hl7.org/fhir/StructureDefinition/Patient], CanonicalType[http://hl7.org/fhir/StructureDefinition/Practitioner], CanonicalType[http://hl7.org/fhir/StructureDefinition/PractitionerRole], CanonicalType[http://hl7.org/fhir/StructureDefinition/RelatedPerson], CanonicalType[http://hl7.org/fhir/StructureDefinition/Organization]]}
","The person or organization who provided the information about this request, if the source is someone other than the requestor","The person or organization who provided the information about this request, if the source is someone other than the requestor.  This is often used when the MedicationRequest is reported by another person.","","","","","","","","","",,,,,"",,,,"MedicationRequest.informationSource",0,*,"","ele-1:All FHIR elements must have a @value or children {hasValue() or (children().count() > id.count())}
",".participation[typeCode=INF].role[classCode=PAT, or codes for Practitioner or Related Person or Practitioner Role or Organization"
"MedicationRequest.encounter","MedicationRequest.encounter","","","",1,1,"Y","","","Reference {[]} {[CanonicalType[http://ltsi.univ-rennes.fr/StructureDefinition/oncofair-encounter]]}
","The encounter linked to the prescription","The Encounter during which this [x] was created or to which the creation of this record is tightly associated.","This will typically be the encounter the event occurred within, but some activities may be initiated prior to or after the official completion of an encounter but still be tied to the context of the encounter.""    If there is a need to link to episodes of care they will be handled with an extension.","","","","","","","","",,,,,"",,,,"MedicationRequest.encounter",0,1,"","ele-1:All FHIR elements must have a @value or children {hasValue() or (children().count() > id.count())}
","SEJOUR","Request.encounter","no mapping","FiveWs.context",".inboundRelationship[typeCode=COMP].source[classCode=ENC, moodCode=EVN, code=""type of encounter or episode""]","PV1-19 Visit Number"
"MedicationRequest.supportingInformation","MedicationRequest.supportingInformation","","","",0,*,"Y","","","Reference {[]} {[CanonicalType[http://hl7.org/fhir/StructureDefinition/Resource]]}
","Information to support fulfilling of the medication","Information to support fulfilling (i.e. dispensing or administering) of the medication, for example, patient height and weight, a MedicationStatement for the patient).","This attribute can be used to reference a MedicationStatement about the patients' medication use.","","","","","","","","",,,,,"","value:id}
","",,"open","MedicationRequest.supportingInformation",0,*,"","ele-1:All FHIR elements must have a @value or children {hasValue() or (children().count() > id.count())}
","Request.supportingInfo","FiveWs.context",".outboundRelationship[typeCode=PERT].target[A_SupportingClinicalStatement CMET minimal with many different choices of classCodes(ORG, ENC, PROC, SPLY, SBADM, OBS) and each of the act class codes draws from one or more of the following moodCodes (EVN, DEF, INT PRMS, RQO, PRP, APT, ARQ, GOL)]"
"MedicationRequest.supportingInformation:accomodationUnit","MedicationRequest.supportingInformation","accomodationUnit","","",0,1,"","","","Reference {[]} {[CanonicalType[http://hl7.org/fhir/StructureDefinition/HealthcareService]]}
","This is the unit that houses the patient","Information to support fulfilling (i.e. dispensing or administering) of the medication, for example, patient height and weight, a MedicationStatement for the patient).","This attribute can be used to reference a MedicationStatement about the patients' medication use.","","","","","","","","",,,,,"",,,,"MedicationRequest.supportingInformation",0,*,"","ele-1:All FHIR elements must have a @value or children {hasValue() or (children().count() > id.count())}
","uniteHebergement","Request.supportingInfo","FiveWs.context",".outboundRelationship[typeCode=PERT].target[A_SupportingClinicalStatement CMET minimal with many different choices of classCodes(ORG, ENC, PROC, SPLY, SBADM, OBS) and each of the act class codes draws from one or more of the following moodCodes (EVN, DEF, INT PRMS, RQO, PRP, APT, ARQ, GOL)]"
"MedicationRequest.supportingInformation:accomodationUnit.id","MedicationRequest.supportingInformation.id","","","",1,1,"","","","id {[]} {[]}
","Unique id for inter-element referencing","Unique id for the element within a resource (for internal references). This may be any string value that does not contain spaces.","","","","","","<valueId xmlns=""http://hl7.org/fhir"" value=""accomodationUnit""/>","","","",,,,,"",,,,"Element.id",0,1,"ele-1
","","n/a"
"MedicationRequest.supportingInformation:accomodationUnit.extension","MedicationRequest.supportingInformation.extension","","extensions
user content","",0,*,"","","","Extension {[]} {[]}
","Additional content defined by implementations","May be used to represent additional information that is not part of the basic definition of the element. To make the use of extensions safe and managable, there is a strict set of governance applied to the definition and use of extensions. Though any implementer can define an extension, there is a set of requirements that SHALL be met as part of the definition of the extension.","There can be no stigma associated with the use of extensions by any application, project, or standard - regardless of the institution or jurisdiction that uses or defines the extensions.  The use of extensions is what allows the FHIR specification to retain a core level of simplicity for everyone.","","","","","","","","",,,,,"","value:url}
","Extensions are always sliced by (at least) url",,"open","Element.extension",0,*,"","ele-1:All FHIR elements must have a @value or children {hasValue() or (children().count() > id.count())}
ext-1:Must have either extensions or value[x], not both {extension.exists() != value.exists()}","n/a"
"MedicationRequest.supportingInformation:accomodationUnit.reference","MedicationRequest.supportingInformation.reference","","","",0,1,"","","Y","string {[]} {[]}
","Literal reference, Relative, internal or absolute URL","A reference to a location at which the other resource is found. The reference may be a relative reference, in which case it is relative to the service base URL, or an absolute URL that resolves to the location where the resource is found. The reference may be version specific or not. If the reference is not to a FHIR RESTful server, then it should be assumed to be version specific. Internal fragment references (start with '#') refer to contained resources.","Using absolute URLs provides a stable scalable approach suitable for a cloud/web context, while using relative/logical references provides a flexible approach suitable for use when trading across closed eco-system boundaries.   Absolute URLs do not need to point to a FHIR RESTful server, though this is the preferred approach. If the URL conforms to the structure ""[type]/[id]"" then it should be assumed that the reference is to a FHIR RESTful server.","","","","","","","","",,,,,"",,,,"Reference.reference",0,1,"ref-2
ref-1","ele-1:All FHIR elements must have a @value or children {hasValue() or (children().count() > id.count())}
","N/A"
"MedicationRequest.supportingInformation:accomodationUnit.type","MedicationRequest.supportingInformation.type","","","",0,1,"","","Y","uri {[]} {[]}
","Type the reference refers to (e.g. ""Patient"") - must be a resource in resources","The expected type of the target of the reference. If both Reference.type and Reference.reference are populated and Reference.reference is a FHIR URL, both SHALL be consistent.

The type is the Canonical URL of Resource Definition that is the type this reference refers to. References are URLs that are relative to http://hl7.org/fhir/StructureDefinition/ e.g. ""Patient"" is a reference to http://hl7.org/fhir/StructureDefinition/Patient. Absolute URLs are only allowed for logical models (and can only be used in references in logical models, not resources).","This element is used to indicate the type of  the target of the reference. This may be used which ever of the other elements are populated (or not). In some cases, the type of the target may be determined by inspection of the reference (e.g. a known RESTful URL) or by resolving the target of the reference.","","","","","","","","",,"extensible","Aa resource (or, for logical models, the URI of the logical model).","http://hl7.org/fhir/ValueSet/resource-types","",,,,"Reference.type",0,1,"","ele-1:All FHIR elements must have a @value or children {hasValue() or (children().count() > id.count())}
","N/A"
"MedicationRequest.supportingInformation:accomodationUnit.identifier","MedicationRequest.supportingInformation.identifier","","","",0,1,"","","Y","Identifier {[]} {[]}
","Logical reference, when literal reference is not known","An identifier for the target resource. This is used when there is no way to reference the other resource directly, either because the entity it represents is not available through a FHIR server, or because there is no way for the author of the resource to convert a known identifier to an actual location. There is no requirement that a Reference.identifier point to something that is actually exposed as a FHIR instance, but it SHALL point to a business concept that would be expected to be exposed as a FHIR instance, and that instance would need to be of a FHIR resource type allowed by the reference.","When an identifier is provided in place of a reference, any system processing the reference will only be able to resolve the identifier to a reference if it understands the business context in which the identifier is used. Sometimes this is global (e.g. a national identifier) but often it is not. For this reason, none of the useful mechanisms described for working with references (e.g. chaining, includes) are possible, nor should servers be expected to be able resolve the reference. Servers may accept an identifier based reference untouched, resolve it, and/or reject it - see CapabilityStatement.rest.resource.referencePolicy. 

When both an identifier and a literal reference are provided, the literal reference is preferred. Applications processing the resource are allowed - but not required - to check that the identifier matches the literal reference

Applications converting a logical reference to a literal reference may choose to leave the logical reference present, or remove it.

Reference is intended to point to a structure that can potentially be expressed as a FHIR resource, though there is no need for it to exist as an actual FHIR resource instance - except in as much as an application wishes to actual find the target of the reference. The content referred to be the identifier must meet the logical constraints implied by any limitations on what resource types are permitted for the reference.  For example, it would not be legitimate to send the identifier for a drug prescription if the type were Reference(Observation|DiagnosticReport).  One of the use-cases for Reference.identifier is the situation where no FHIR representation exists (where the type is Reference (Any).

This element only allows for a single identifier. In the case where additional identifers are required, use the [http://hl7.org/fhir/StructureDefinition/additionalIdentifier](http://hl7.org/fhir/extensions/StructureDefinition-additionalIdentifier.html) extension.","","","","","","","","",,,,,"",,,,"Reference.identifier",0,1,"ref-2
","ele-1:All FHIR elements must have a @value or children {hasValue() or (children().count() > id.count())}
",".identifier"
"MedicationRequest.supportingInformation:accomodationUnit.display","MedicationRequest.supportingInformation.display","","","",0,1,"","","Y","string {[]} {[]}
","Text alternative for the resource","Plain text narrative that identifies the resource in addition to the resource reference.","This is generally not the same as the Resource.text of the referenced resource.  The purpose is to identify what's being referenced, not to fully describe it.","","","","","","","","",,,,,"",,,,"Reference.display",0,1,"ref-2
","ele-1:All FHIR elements must have a @value or children {hasValue() or (children().count() > id.count())}
","N/A"
"MedicationRequest.supportingInformation:medicalLiabiltyUnit","MedicationRequest.supportingInformation","medicalLiabiltyUnit","","",0,1,"","","","Reference {[]} {[CanonicalType[http://hl7.org/fhir/StructureDefinition/HealthcareService]]}
","This is the unit which assumes medical responsibility for the patient's care","Information to support fulfilling (i.e. dispensing or administering) of the medication, for example, patient height and weight, a MedicationStatement for the patient).","This attribute can be used to reference a MedicationStatement about the patients' medication use.","","","","","","","","",,,,,"",,,,"MedicationRequest.supportingInformation",0,*,"","ele-1:All FHIR elements must have a @value or children {hasValue() or (children().count() > id.count())}
","uniteResponsabiliteMedicale","Request.supportingInfo","FiveWs.context",".outboundRelationship[typeCode=PERT].target[A_SupportingClinicalStatement CMET minimal with many different choices of classCodes(ORG, ENC, PROC, SPLY, SBADM, OBS) and each of the act class codes draws from one or more of the following moodCodes (EVN, DEF, INT PRMS, RQO, PRP, APT, ARQ, GOL)]"
"MedicationRequest.supportingInformation:medicalLiabiltyUnit.id","MedicationRequest.supportingInformation.id","","","",1,1,"","","","id {[]} {[]}
","Unique id for inter-element referencing","Unique id for the element within a resource (for internal references). This may be any string value that does not contain spaces.","","","","","","<valueId xmlns=""http://hl7.org/fhir"" value=""medicalLiabiltyUnit""/>","","","",,,,,"",,,,"Element.id",0,1,"ele-1
","","n/a"
"MedicationRequest.supportingInformation:medicalLiabiltyUnit.extension","MedicationRequest.supportingInformation.extension","","extensions
user content","",0,*,"","","","Extension {[]} {[]}
","Additional content defined by implementations","May be used to represent additional information that is not part of the basic definition of the element. To make the use of extensions safe and managable, there is a strict set of governance applied to the definition and use of extensions. Though any implementer can define an extension, there is a set of requirements that SHALL be met as part of the definition of the extension.","There can be no stigma associated with the use of extensions by any application, project, or standard - regardless of the institution or jurisdiction that uses or defines the extensions.  The use of extensions is what allows the FHIR specification to retain a core level of simplicity for everyone.","","","","","","","","",,,,,"","value:url}
","Extensions are always sliced by (at least) url",,"open","Element.extension",0,*,"","ele-1:All FHIR elements must have a @value or children {hasValue() or (children().count() > id.count())}
ext-1:Must have either extensions or value[x], not both {extension.exists() != value.exists()}","n/a"
"MedicationRequest.supportingInformation:medicalLiabiltyUnit.reference","MedicationRequest.supportingInformation.reference","","","",0,1,"","","Y","string {[]} {[]}
","Literal reference, Relative, internal or absolute URL","A reference to a location at which the other resource is found. The reference may be a relative reference, in which case it is relative to the service base URL, or an absolute URL that resolves to the location where the resource is found. The reference may be version specific or not. If the reference is not to a FHIR RESTful server, then it should be assumed to be version specific. Internal fragment references (start with '#') refer to contained resources.","Using absolute URLs provides a stable scalable approach suitable for a cloud/web context, while using relative/logical references provides a flexible approach suitable for use when trading across closed eco-system boundaries.   Absolute URLs do not need to point to a FHIR RESTful server, though this is the preferred approach. If the URL conforms to the structure ""[type]/[id]"" then it should be assumed that the reference is to a FHIR RESTful server.","","","","","","","","",,,,,"",,,,"Reference.reference",0,1,"ref-2
ref-1","ele-1:All FHIR elements must have a @value or children {hasValue() or (children().count() > id.count())}
","N/A"
"MedicationRequest.supportingInformation:medicalLiabiltyUnit.type","MedicationRequest.supportingInformation.type","","","",0,1,"","","Y","uri {[]} {[]}
","Type the reference refers to (e.g. ""Patient"") - must be a resource in resources","The expected type of the target of the reference. If both Reference.type and Reference.reference are populated and Reference.reference is a FHIR URL, both SHALL be consistent.

The type is the Canonical URL of Resource Definition that is the type this reference refers to. References are URLs that are relative to http://hl7.org/fhir/StructureDefinition/ e.g. ""Patient"" is a reference to http://hl7.org/fhir/StructureDefinition/Patient. Absolute URLs are only allowed for logical models (and can only be used in references in logical models, not resources).","This element is used to indicate the type of  the target of the reference. This may be used which ever of the other elements are populated (or not). In some cases, the type of the target may be determined by inspection of the reference (e.g. a known RESTful URL) or by resolving the target of the reference.","","","","","","","","",,"extensible","Aa resource (or, for logical models, the URI of the logical model).","http://hl7.org/fhir/ValueSet/resource-types","",,,,"Reference.type",0,1,"","ele-1:All FHIR elements must have a @value or children {hasValue() or (children().count() > id.count())}
","N/A"
"MedicationRequest.supportingInformation:medicalLiabiltyUnit.identifier","MedicationRequest.supportingInformation.identifier","","","",0,1,"","","Y","Identifier {[]} {[]}
","Logical reference, when literal reference is not known","An identifier for the target resource. This is used when there is no way to reference the other resource directly, either because the entity it represents is not available through a FHIR server, or because there is no way for the author of the resource to convert a known identifier to an actual location. There is no requirement that a Reference.identifier point to something that is actually exposed as a FHIR instance, but it SHALL point to a business concept that would be expected to be exposed as a FHIR instance, and that instance would need to be of a FHIR resource type allowed by the reference.","When an identifier is provided in place of a reference, any system processing the reference will only be able to resolve the identifier to a reference if it understands the business context in which the identifier is used. Sometimes this is global (e.g. a national identifier) but often it is not. For this reason, none of the useful mechanisms described for working with references (e.g. chaining, includes) are possible, nor should servers be expected to be able resolve the reference. Servers may accept an identifier based reference untouched, resolve it, and/or reject it - see CapabilityStatement.rest.resource.referencePolicy. 

When both an identifier and a literal reference are provided, the literal reference is preferred. Applications processing the resource are allowed - but not required - to check that the identifier matches the literal reference

Applications converting a logical reference to a literal reference may choose to leave the logical reference present, or remove it.

Reference is intended to point to a structure that can potentially be expressed as a FHIR resource, though there is no need for it to exist as an actual FHIR resource instance - except in as much as an application wishes to actual find the target of the reference. The content referred to be the identifier must meet the logical constraints implied by any limitations on what resource types are permitted for the reference.  For example, it would not be legitimate to send the identifier for a drug prescription if the type were Reference(Observation|DiagnosticReport).  One of the use-cases for Reference.identifier is the situation where no FHIR representation exists (where the type is Reference (Any).

This element only allows for a single identifier. In the case where additional identifers are required, use the [http://hl7.org/fhir/StructureDefinition/additionalIdentifier](http://hl7.org/fhir/extensions/StructureDefinition-additionalIdentifier.html) extension.","","","","","","","","",,,,,"",,,,"Reference.identifier",0,1,"ref-2
","ele-1:All FHIR elements must have a @value or children {hasValue() or (children().count() > id.count())}
",".identifier"
"MedicationRequest.supportingInformation:medicalLiabiltyUnit.display","MedicationRequest.supportingInformation.display","","","",0,1,"","","Y","string {[]} {[]}
","Text alternative for the resource","Plain text narrative that identifies the resource in addition to the resource reference.","This is generally not the same as the Resource.text of the referenced resource.  The purpose is to identify what's being referenced, not to fully describe it.","","","","","","","","",,,,,"",,,,"Reference.display",0,1,"ref-2
","ele-1:All FHIR elements must have a @value or children {hasValue() or (children().count() > id.count())}
","N/A"
"MedicationRequest.authoredOn","MedicationRequest.authoredOn","","","",0,1,"","","Y","dateTime {[]} {[]}
","When request was initially authored","The date (and perhaps time) when the prescription was initially written or authored on.","","","","","","","","","",,,,,"",,,,"MedicationRequest.authoredOn",0,1,"","ele-1:All FHIR elements must have a @value or children {hasValue() or (children().count() > id.count())}
","Request.authoredOn","Message/Body/NewRx/MedicationPrescribed/WrittenDate","FiveWs.recorded","author.time","RXE-32 Original Order Date/Time / ORC-9-Date Time of Transaction"
"MedicationRequest.requester","MedicationRequest.requester","","","",0,1,"","","Y","Reference {[]} {[CanonicalType[http://hl7.org/fhir/StructureDefinition/Practitioner], CanonicalType[http://hl7.org/fhir/StructureDefinition/PractitionerRole], CanonicalType[http://hl7.org/fhir/StructureDefinition/Organization], CanonicalType[http://hl7.org/fhir/StructureDefinition/Patient], CanonicalType[http://hl7.org/fhir/StructureDefinition/RelatedPerson], CanonicalType[http://hl7.org/fhir/StructureDefinition/Device]]}
","Who/What requested the Request","The individual, organization, or device that initiated the request and has responsibility for its activation.","","","","","","","","","",,,,,"",,,,"MedicationRequest.requester",0,1,"","ele-1:All FHIR elements must have a @value or children {hasValue() or (children().count() > id.count())}
","Request.requester","FiveWs.author",".participation[typeCode=AUT].role"
"MedicationRequest.reported","MedicationRequest.reported","","","",0,1,"","","Y","boolean {[]} {[]}
","Reported rather than primary record","Indicates if this record was captured as a secondary 'reported' record rather than as an original primary source-of-truth record.  It may also indicate the source of the report.","If not populated, then assume that this is the original record and not reported","","","","","","","","",,,,,"",,,,"MedicationRequest.reported",0,1,"","ele-1:All FHIR elements must have a @value or children {hasValue() or (children().count() > id.count())}
",".participation[typeCode=INF].role"
"MedicationRequest.performerType","MedicationRequest.performerType","","","",0,1,"","","Y","CodeableConcept {[]} {[]}
","Desired kind of performer of the medication administration","Indicates the type of performer of the administration of the medication.","If specified without indicating a performer, this indicates that the performer must be of the specified type. If specified with a performer then it indicates the requirements of the performer if the designated performer is not available.","","","","","","","","",,"extensible","Identifies the type of individual that is desired to administer the medication.","http://hl7.org/fhir/ValueSet/medication-intended-performer-role","",,,,"MedicationRequest.performerType",0,1,"","ele-1:All FHIR elements must have a @value or children {hasValue() or (children().count() > id.count())}
","Request.performerType",".participation[typeCode=PRF].role[scoper.determinerCode=KIND].code"
"MedicationRequest.performer","MedicationRequest.performer","","","",0,*,"","","","Reference {[]} {[CanonicalType[http://hl7.org/fhir/StructureDefinition/Practitioner], CanonicalType[http://hl7.org/fhir/StructureDefinition/PractitionerRole], CanonicalType[http://hl7.org/fhir/StructureDefinition/Organization], CanonicalType[http://hl7.org/fhir/StructureDefinition/Patient], CanonicalType[http://hl7.org/fhir/StructureDefinition/DeviceDefinition], CanonicalType[http://hl7.org/fhir/StructureDefinition/RelatedPerson], CanonicalType[http://hl7.org/fhir/StructureDefinition/CareTeam], CanonicalType[http://hl7.org/fhir/StructureDefinition/HealthcareService]]}
","Intended performer of administration","The specified desired performer of the medication treatment (e.g. the performer of the medication administration).  For devices, this is the device that is intended to perform the administration of the medication.  An IV Pump would be an example of a device that is performing the administration.  Both the IV Pump and the practitioner that set the rate or bolus on the pump can be listed as performers.","","","","","","","","","",,,,,"",,,,"MedicationRequest.performer",0,*,"","ele-1:All FHIR elements must have a @value or children {hasValue() or (children().count() > id.count())}
","Request.performer","FiveWs.actor",".participation[typeCode=PRF].role[scoper.determinerCode=INSTANCE]"
"MedicationRequest.device","MedicationRequest.device","","","",0,*,"","","","CodeableReference {[]} {[CanonicalType[http://hl7.org/fhir/StructureDefinition/DeviceDefinition]]}
","Intended type of device for the administration","The intended type of device that is to be used for the administration of the medication (for example, PCA Pump).","","","","","","","","","",,,,,"",,,,"MedicationRequest.device",0,*,"","ele-1:All FHIR elements must have a @value or children {hasValue() or (children().count() > id.count())}
",".participation[typeCode=PRF].role[scoper.determinerCode=INSTANCE]"
"MedicationRequest.recorder","MedicationRequest.recorder","","","",0,1,"","","","Reference {[]} {[CanonicalType[http://hl7.org/fhir/StructureDefinition/Practitioner], CanonicalType[http://hl7.org/fhir/StructureDefinition/PractitionerRole]]}
","Person who entered the request","The person who entered the order on behalf of another individual for example in the case of a verbal or a telephone order.","","","","","","","","","",,,,,"",,,,"MedicationRequest.recorder",0,1,"","ele-1:All FHIR elements must have a @value or children {hasValue() or (children().count() > id.count())}
","FiveWs.who",".participation[typeCode=TRANS].role[classCode=ASSIGNED].code (HealthcareProviderType)"
"MedicationRequest.reason","MedicationRequest.reason","","","",0,*,"Y","","","CodeableReference {[]} {[CanonicalType[http://ltsi.univ-rennes.fr/StructureDefinition/oncofair-observation]]}
","The observation linked to the prescription","The reason or the indication for ordering or not ordering the medication.","This could be a diagnosis code. If a full condition record exists or additional detail is needed, use reasonReference.","","","","","","","","",,"example","A coded concept indicating why the medication was ordered.","http://hl7.org/fhir/ValueSet/condition-code","",,,,"MedicationRequest.reason",0,*,"","ele-1:All FHIR elements must have a @value or children {hasValue() or (children().count() > id.count())}
","RENSEIGNEMENT COMPLEMENTAIRE","Request.reason","Message/Body/NewRx/MedicationPrescribed/Diagnosis/Primary/Value","FiveWs.why[x]","reason.observation.reasonCode | reason.observation[code=ASSERTION].value","ORC-16 Order Control Code Reason /RXE-27 Give Indication/RXO-20-Indication / RXD-21 Indication / RXG-22 Indication / RXA-19 Indication"
"MedicationRequest.courseOfTherapyType","MedicationRequest.courseOfTherapyType","","","",0,1,"","","","CodeableConcept {[]} {[]}
","Overall pattern of medication administration","The description of the overall pattern of the administration of the medication to the patient.","This attribute should not be confused with the protocol of the medication.","","","","","","","","",,"extensible","Identifies the overall pattern of medication administratio.","http://hl7.org/fhir/ValueSet/medicationrequest-course-of-therapy","",,,,"MedicationRequest.courseOfTherapyType",0,1,"","ele-1:All FHIR elements must have a @value or children {hasValue() or (children().count() > id.count())}
","Act.code where classCode = LIST and moodCode = EVN"
"MedicationRequest.insurance","MedicationRequest.insurance","","","",0,*,"","","","Reference {[]} {[CanonicalType[http://hl7.org/fhir/StructureDefinition/Coverage], CanonicalType[http://hl7.org/fhir/StructureDefinition/ClaimResponse]]}
","Associated insurance coverage","Insurance plans, coverage extensions, pre-authorizations and/or pre-determinations that may be required for delivering the requested service.","","","","","","","","","",,,,,"",,,,"MedicationRequest.insurance",0,*,"","ele-1:All FHIR elements must have a @value or children {hasValue() or (children().count() > id.count())}
","Request.insurance",".outboundRelationship[typeCode=COVBY].target"
"MedicationRequest.note","MedicationRequest.note","","","",0,1,"Y","","","Annotation {[]} {[]}
","Default comment on the prescription by the prescribing doctor","Extra information about the prescription that could not be conveyed by the other attributes.","","","","","","","","","",,,,,"",,,,"MedicationRequest.note",0,*,"","ele-1:All FHIR elements must have a @value or children {hasValue() or (children().count() > id.count())}
","commentaires","Request.note","Message/Body/NewRx/MedicationPrescribed/Note",".inboundRelationship[typeCode=SUBJ]/source[classCode=OBS,moodCode=EVN,code=""annotation""].value"
"MedicationRequest.renderedDosageInstruction","MedicationRequest.renderedDosageInstruction","","","",0,1,"","","","markdown {[]} {[]}
","Full representation of the dosage instructions","The full representation of the dose of the medication included in all dosage instructions.  To be used when multiple dosage instructions are included to represent complex dosing such as increasing or tapering doses.","","The content of the renderedDosageInstructions must not be different than the dose represented in the dosageInstruction content.","","","","","","","",,,,,"",,,,"MedicationRequest.renderedDosageInstruction",0,1,"","ele-1:All FHIR elements must have a @value or children {hasValue() or (children().count() > id.count())}
","SubstanceAdministration.text"
"MedicationRequest.effectiveDosePeriod","MedicationRequest.effectiveDosePeriod","","","",0,1,"","","","Period {[]} {[]}
","Period over which the medication is to be taken","The period over which the medication is to be taken.  Where there are multiple dosageInstruction lines (for example, tapering doses), this is the earliest date and the latest end date of the dosageInstructions.","","","","","","","","","",,,,,"",,,,"MedicationRequest.effectiveDosePeriod",0,1,"","ele-1:All FHIR elements must have a @value or children {hasValue() or (children().count() > id.count())}
","substanceAdministration.effectiveTime"
"MedicationRequest.dosageInstruction","MedicationRequest.dosageInstruction","","","",0,*,"","","","Dosage {[]} {[]}
","Specific instructions for how the medication should be taken","Specific instructions for how the medication is to be used by the patient.","There are examples where a medication request may include the option of an oral dose or an Intravenous or Intramuscular dose.  For example, ""Ondansetron 8mg orally or IV twice a day as needed for nausea"" or ""Compazine® (prochlorperazine) 5-10mg PO or 25mg PR bid prn nausea or vomiting"".  In these cases, two medication requests would be created that could be grouped together.  The decision on which dose and route of administration to use is based on the patient's condition at the time the dose is needed. In general, each prescribed drug will be a separate Medication Request. 

When drug orders are grouped together at the time of order entry,  but each of the drugs can be manipulated independently e.g. changing the status of one order to ""completed"" or ""cancelled"", changing another order status to ""on-hold"", the method to ""group"" all of the medication requests together is to use  MedicationRequest.groupIdentifier element.  All of the orders grouped together in this manner will have the same groupIdentifier, and separately, each order in the group may have a unique identifier.  

There are cases that require grouping of Medication orders together when it is necessary to specify optionality e.g. order two drugs at one time, but stating either of these drugs may be used to treat the patient.  The use of a RequestOrchestration should be used as a parent for the Medication orders that require this type of grouping. An example when it may be necessary to group medication orders together is when you specify timing relationships e.g. order drug ""xyz"" with dose 123, then taper the same drug to a different dose after some interval of time
precedence:
e.g. give drug ""abc"" followed by drug ""def""
e.g. give drug 30 minutes before some procedure was performed
more generically this supports - hierarchical groups of actions, where each specific action references the action to be performed (in terms of a Request resource), and each group describes additional behavior, relationships, and applicable conditions between the actions in the overall group.
Note that one should NOT use the List or Composition resource to accomplish the above requirements.  You may use List or Composition for other business requirements, but not to address the specific requirements of grouping medication orders.","","","","","","","","",,,,,"",,,,"MedicationRequest.dosageInstruction",0,*,"","ele-1:All FHIR elements must have a @value or children {hasValue() or (children().count() > id.count())}
","see dosageInstruction mapping"
"MedicationRequest.dispenseRequest","MedicationRequest.dispenseRequest","","","",0,1,"","","","BackboneElement {[]} {[]}
","Medication supply authorization","Indicates the specific details for the dispense or medication supply part of a medication request (also known as a Medication Prescription or Medication Order).  Note that this information is not always sent with the order.  There may be in some settings (e.g. hospitals) institutional or system support for completing the dispense details in the pharmacy department.","","","","","","","","","",,,,,"",,,,"MedicationRequest.dispenseRequest",0,1,"","ele-1:All FHIR elements must have a @value or children {hasValue() or (children().count() > id.count())}
","Message/Body/NewRx/MedicationPrescribed/ExpirationDate","component.supplyEvent"
"MedicationRequest.dispenseRequest.id","MedicationRequest.dispenseRequest.id","","","",0,1,"","","","string {[]} {[]}
","Unique id for inter-element referencing","Unique id for the element within a resource (for internal references). This may be any string value that does not contain spaces.","","","","","","","","","",,,,,"",,,,"Element.id",0,1,"ele-1
","","n/a"
"MedicationRequest.dispenseRequest.extension","MedicationRequest.dispenseRequest.extension","","extensions
user content","",0,*,"","","","Extension {[]} {[]}
","Additional content defined by implementations","May be used to represent additional information that is not part of the basic definition of the element. To make the use of extensions safe and managable, there is a strict set of governance applied to the definition and use of extensions. Though any implementer can define an extension, there is a set of requirements that SHALL be met as part of the definition of the extension.","There can be no stigma associated with the use of extensions by any application, project, or standard - regardless of the institution or jurisdiction that uses or defines the extensions.  The use of extensions is what allows the FHIR specification to retain a core level of simplicity for everyone.","","","","","","","","",,,,,"",,,,"Element.extension",0,*,"","ele-1:All FHIR elements must have a @value or children {hasValue() or (children().count() > id.count())}
ext-1:Must have either extensions or value[x], not both {extension.exists() != value.exists()}","n/a"
"MedicationRequest.dispenseRequest.modifierExtension","MedicationRequest.dispenseRequest.modifierExtension","","extensions
user contentmodifiers","",0,*,"","Y","Y","Extension {[]} {[]}
","Extensions that cannot be ignored even if unrecognized","May be used to represent additional information that is not part of the basic definition of the element and that modifies the understanding of the element in which it is contained and/or the understanding of the containing element's descendants. Usually modifier elements provide negation or qualification. To make the use of extensions safe and managable, there is a strict set of governance applied to the definition and use of extensions. Though any implementer can define an extension, there is a set of requirements that SHALL be met as part of the definition of the extension. Applications processing a resource are required to check for modifier extensions.

Modifier extensions SHALL NOT change the meaning of any elements on Resource or DomainResource (including cannot change the meaning of modifierExtension itself).","There can be no stigma associated with the use of extensions by any application, project, or standard - regardless of the institution or jurisdiction that uses or defines the extensions.  The use of extensions is what allows the FHIR specification to retain a core level of simplicity for everyone.","Modifier extensions allow for extensions that *cannot* be safely ignored to be clearly distinguished from the vast majority of extensions which can be safely ignored.  This promotes interoperability by eliminating the need for implementers to prohibit the presence of extensions. For further information, see the [definition of modifier extensions](http://hl7.org/fhir/R5/extensibility.html#modifierExtension).","","","","","","","",,,,,"",,,,"BackboneElement.modifierExtension",0,*,"","ele-1:All FHIR elements must have a @value or children {hasValue() or (children().count() > id.count())}
ext-1:Must have either extensions or value[x], not both {extension.exists() != value.exists()}","N/A"
"MedicationRequest.dispenseRequest.initialFill","MedicationRequest.dispenseRequest.initialFill","","","",0,1,"","","","BackboneElement {[]} {[]}
","First fill details","Indicates the quantity or duration for the first dispense of the medication.","If populating this element, either the quantity or the duration must be included.","","","","","","","","",,,,,"",,,,"MedicationRequest.dispenseRequest.initialFill",0,1,"","ele-1:All FHIR elements must have a @value or children {hasValue() or (children().count() > id.count())}
","SubstanceAdministration -> ActRelationship[sequenceNumber = '1'] -> Supply"
"MedicationRequest.dispenseRequest.initialFill.id","MedicationRequest.dispenseRequest.initialFill.id","","","",0,1,"","","","string {[]} {[]}
","Unique id for inter-element referencing","Unique id for the element within a resource (for internal references). This may be any string value that does not contain spaces.","","","","","","","","","",,,,,"",,,,"Element.id",0,1,"ele-1
","","n/a"
"MedicationRequest.dispenseRequest.initialFill.extension","MedicationRequest.dispenseRequest.initialFill.extension","","extensions
user content","",0,*,"","","","Extension {[]} {[]}
","Additional content defined by implementations","May be used to represent additional information that is not part of the basic definition of the element. To make the use of extensions safe and managable, there is a strict set of governance applied to the definition and use of extensions. Though any implementer can define an extension, there is a set of requirements that SHALL be met as part of the definition of the extension.","There can be no stigma associated with the use of extensions by any application, project, or standard - regardless of the institution or jurisdiction that uses or defines the extensions.  The use of extensions is what allows the FHIR specification to retain a core level of simplicity for everyone.","","","","","","","","",,,,,"",,,,"Element.extension",0,*,"","ele-1:All FHIR elements must have a @value or children {hasValue() or (children().count() > id.count())}
ext-1:Must have either extensions or value[x], not both {extension.exists() != value.exists()}","n/a"
"MedicationRequest.dispenseRequest.initialFill.modifierExtension","MedicationRequest.dispenseRequest.initialFill.modifierExtension","","extensions
user contentmodifiers","",0,*,"","Y","Y","Extension {[]} {[]}
","Extensions that cannot be ignored even if unrecognized","May be used to represent additional information that is not part of the basic definition of the element and that modifies the understanding of the element in which it is contained and/or the understanding of the containing element's descendants. Usually modifier elements provide negation or qualification. To make the use of extensions safe and managable, there is a strict set of governance applied to the definition and use of extensions. Though any implementer can define an extension, there is a set of requirements that SHALL be met as part of the definition of the extension. Applications processing a resource are required to check for modifier extensions.

Modifier extensions SHALL NOT change the meaning of any elements on Resource or DomainResource (including cannot change the meaning of modifierExtension itself).","There can be no stigma associated with the use of extensions by any application, project, or standard - regardless of the institution or jurisdiction that uses or defines the extensions.  The use of extensions is what allows the FHIR specification to retain a core level of simplicity for everyone.","Modifier extensions allow for extensions that *cannot* be safely ignored to be clearly distinguished from the vast majority of extensions which can be safely ignored.  This promotes interoperability by eliminating the need for implementers to prohibit the presence of extensions. For further information, see the [definition of modifier extensions](http://hl7.org/fhir/R5/extensibility.html#modifierExtension).","","","","","","","",,,,,"",,,,"BackboneElement.modifierExtension",0,*,"","ele-1:All FHIR elements must have a @value or children {hasValue() or (children().count() > id.count())}
ext-1:Must have either extensions or value[x], not both {extension.exists() != value.exists()}","N/A"
"MedicationRequest.dispenseRequest.initialFill.quantity","MedicationRequest.dispenseRequest.initialFill.quantity","","","",0,1,"","","","Quantity {[CanonicalType[http://hl7.org/fhir/StructureDefinition/SimpleQuantity]]} {[]}
","First fill quantity","The amount or quantity to provide as part of the first dispense.","","","","","","","","","",,,,,"",,,,"MedicationRequest.dispenseRequest.initialFill.quantity",0,1,"","ele-1:All FHIR elements must have a @value or children {hasValue() or (children().count() > id.count())}
","Supply.quantity[moodCode=RQO]"
"MedicationRequest.dispenseRequest.initialFill.duration","MedicationRequest.dispenseRequest.initialFill.duration","","","",0,1,"","","","Duration {[]} {[]}
","First fill duration","The length of time that the first dispense is expected to last.","","","","","","","","","",,,,,"",,,,"MedicationRequest.dispenseRequest.initialFill.duration",0,1,"","ele-1:All FHIR elements must have a @value or children {hasValue() or (children().count() > id.count())}
","Supply.effectivetime[moodCode=RQO]"
"MedicationRequest.dispenseRequest.dispenseInterval","MedicationRequest.dispenseRequest.dispenseInterval","","","",0,1,"","","","Duration {[]} {[]}
","Minimum period of time between dispenses","The minimum period of time that must occur between dispenses of the medication.","","","","","","","","","",,,,,"",,,,"MedicationRequest.dispenseRequest.dispenseInterval",0,1,"","ele-1:All FHIR elements must have a @value or children {hasValue() or (children().count() > id.count())}
","Supply.effectivetime[moodCode=RQO]"
"MedicationRequest.dispenseRequest.validityPeriod","MedicationRequest.dispenseRequest.validityPeriod","","","",0,1,"","","","Period {[]} {[]}
","Time period supply is authorized for","This indicates the validity period of a prescription (stale dating the Prescription).","It reflects the prescribers' perspective for the validity of the prescription. Dispenses must not be made against the prescription outside of this period. The lower-bound of the Dispensing Window signifies the earliest date that the prescription can be filled for the first time. If an upper-bound is not specified then the Prescription is open-ended or will default to a stale-date based on regulations.","Indicates when the Prescription becomes valid, and when it ceases to be a dispensable Prescription.","","","","","","","",,,,,"",,,,"MedicationRequest.dispenseRequest.validityPeriod",0,1,"","ele-1:All FHIR elements must have a @value or children {hasValue() or (children().count() > id.count())}
","Message/Body/NewRx/MedicationPrescribed/Refills","effectiveTime"
"MedicationRequest.dispenseRequest.numberOfRepeatsAllowed","MedicationRequest.dispenseRequest.numberOfRepeatsAllowed","","","",0,1,"","","","unsignedInt {[]} {[]}
","Number of refills authorized","An integer indicating the number of times, in addition to the original dispense, (aka refills or repeats) that the patient can receive the prescribed medication. Usage Notes: This integer does not include the original order dispense. This means that if an order indicates dispense 30 tablets plus ""3 repeats"", then the order can be dispensed a total of 4 times and the patient can receive a total of 120 tablets.  A prescriber may explicitly say that zero refills are permitted after the initial dispense.","If displaying ""number of authorized fills"", add 1 to this number.","","","","","","","","",,,,,"",,,,"MedicationRequest.dispenseRequest.numberOfRepeatsAllowed",0,1,"","ele-1:All FHIR elements must have a @value or children {hasValue() or (children().count() > id.count())}
","Message/Body/NewRx/MedicationPrescribed/Quantity","repeatNumber","RXE-12 Number of Refills"
"MedicationRequest.dispenseRequest.quantity","MedicationRequest.dispenseRequest.quantity","","","",0,1,"","","","Quantity {[CanonicalType[http://hl7.org/fhir/StructureDefinition/SimpleQuantity]]} {[]}
","Amount of medication to supply per dispense","The amount that is to be dispensed for one fill.","","","","","","","","","",,,,,"",,,,"MedicationRequest.dispenseRequest.quantity",0,1,"","ele-1:All FHIR elements must have a @value or children {hasValue() or (children().count() > id.count())}
","Message/Body/NewRx/MedicationPrescribed/DaysSupply","quantity","RXD-4 Actual Dispense Amount / RXD-5.1 Actual Dispense Units.code / RXD-5.3 Actual Dispense Units.name of coding system"
"MedicationRequest.dispenseRequest.expectedSupplyDuration","MedicationRequest.dispenseRequest.expectedSupplyDuration","","","",0,1,"","","","Duration {[]} {[]}
","Number of days supply per dispense","Identifies the period time over which the supplied product is expected to be used, or the length of time the dispense is expected to last.","In some situations, this attribute may be used instead of quantity to identify the amount supplied by how long it is expected to last, rather than the physical quantity issued, e.g. 90 days supply of medication (based on an ordered dosage). When possible, it is always better to specify quantity, as this tends to be more precise. expectedSupplyDuration will always be an estimate that can be influenced by external factors.","","","","","","","","",,,,,"",,,,"MedicationRequest.dispenseRequest.expectedSupplyDuration",0,1,"","ele-1:All FHIR elements must have a @value or children {hasValue() or (children().count() > id.count())}
","Message/Body/NewRx/MedicationPrescribed/Substitutions","expectedUseTime"
"MedicationRequest.dispenseRequest.dispenser","MedicationRequest.dispenseRequest.dispenser","","","",0,1,"","","","Reference {[]} {[CanonicalType[http://hl7.org/fhir/StructureDefinition/Organization]]}
","Intended performer of dispense","Indicates the intended performing Organization that will dispense the medication as specified by the prescriber.","","","","","","","","","",,,,,"",,,,"MedicationRequest.dispenseRequest.dispenser",0,1,"","ele-1:All FHIR elements must have a @value or children {hasValue() or (children().count() > id.count())}
","FiveWs.who",".outboundRelationship[typeCode=COMP].target[classCode=SPLY, moodCode=RQO] .participation[typeCode=PRF].role[scoper.determinerCode=INSTANCE]"
"MedicationRequest.dispenseRequest.dispenserInstruction","MedicationRequest.dispenseRequest.dispenserInstruction","","","",0,*,"","","","Annotation {[]} {[]}
","Additional information for the dispenser","Provides additional information to the dispenser, for example, counselling to be provided to the patient.","","","","","","","","","",,,,,"",,,,"MedicationRequest.dispenseRequest.dispenserInstruction",0,*,"","ele-1:All FHIR elements must have a @value or children {hasValue() or (children().count() > id.count())}
","Supply.text"
"MedicationRequest.dispenseRequest.doseAdministrationAid","MedicationRequest.dispenseRequest.doseAdministrationAid","","","",0,1,"","","","CodeableConcept {[]} {[]}
","Type of adherence packaging to use for the dispense","Provides information about the type of adherence packaging to be supplied for the medication dispense.","","","","","","","","","",,"example","","http://hl7.org/fhir/ValueSet/medication-dose-aid","",,,,"MedicationRequest.dispenseRequest.doseAdministrationAid",0,1,"","ele-1:All FHIR elements must have a @value or children {hasValue() or (children().count() > id.count())}
","Supply.administerableMedication.product.asContent.container.code"
"MedicationRequest.substitution","MedicationRequest.substitution","","","",0,1,"","","","BackboneElement {[]} {[]}
","Any restrictions on medication substitution","Indicates whether or not substitution can or should be part of the dispense. In some cases, substitution must happen, in other cases substitution must not happen. This block explains the prescriber's intent. If nothing is specified substitution may be done.","","","","","","","","","",,,,,"",,,,"MedicationRequest.substitution",0,1,"","ele-1:All FHIR elements must have a @value or children {hasValue() or (children().count() > id.count())}
","specific values within Message/Body/NewRx/MedicationPrescribed/Substitutions","subjectOf.substitutionPersmission"
"MedicationRequest.substitution.id","MedicationRequest.substitution.id","","","",0,1,"","","","string {[]} {[]}
","Unique id for inter-element referencing","Unique id for the element within a resource (for internal references). This may be any string value that does not contain spaces.","","","","","","","","","",,,,,"",,,,"Element.id",0,1,"ele-1
","","n/a"
"MedicationRequest.substitution.extension","MedicationRequest.substitution.extension","","extensions
user content","",0,*,"","","","Extension {[]} {[]}
","Additional content defined by implementations","May be used to represent additional information that is not part of the basic definition of the element. To make the use of extensions safe and managable, there is a strict set of governance applied to the definition and use of extensions. Though any implementer can define an extension, there is a set of requirements that SHALL be met as part of the definition of the extension.","There can be no stigma associated with the use of extensions by any application, project, or standard - regardless of the institution or jurisdiction that uses or defines the extensions.  The use of extensions is what allows the FHIR specification to retain a core level of simplicity for everyone.","","","","","","","","",,,,,"",,,,"Element.extension",0,*,"","ele-1:All FHIR elements must have a @value or children {hasValue() or (children().count() > id.count())}
ext-1:Must have either extensions or value[x], not both {extension.exists() != value.exists()}","n/a"
"MedicationRequest.substitution.modifierExtension","MedicationRequest.substitution.modifierExtension","","extensions
user contentmodifiers","",0,*,"","Y","Y","Extension {[]} {[]}
","Extensions that cannot be ignored even if unrecognized","May be used to represent additional information that is not part of the basic definition of the element and that modifies the understanding of the element in which it is contained and/or the understanding of the containing element's descendants. Usually modifier elements provide negation or qualification. To make the use of extensions safe and managable, there is a strict set of governance applied to the definition and use of extensions. Though any implementer can define an extension, there is a set of requirements that SHALL be met as part of the definition of the extension. Applications processing a resource are required to check for modifier extensions.

Modifier extensions SHALL NOT change the meaning of any elements on Resource or DomainResource (including cannot change the meaning of modifierExtension itself).","There can be no stigma associated with the use of extensions by any application, project, or standard - regardless of the institution or jurisdiction that uses or defines the extensions.  The use of extensions is what allows the FHIR specification to retain a core level of simplicity for everyone.","Modifier extensions allow for extensions that *cannot* be safely ignored to be clearly distinguished from the vast majority of extensions which can be safely ignored.  This promotes interoperability by eliminating the need for implementers to prohibit the presence of extensions. For further information, see the [definition of modifier extensions](http://hl7.org/fhir/R5/extensibility.html#modifierExtension).","","","","","","","",,,,,"",,,,"BackboneElement.modifierExtension",0,*,"","ele-1:All FHIR elements must have a @value or children {hasValue() or (children().count() > id.count())}
ext-1:Must have either extensions or value[x], not both {extension.exists() != value.exists()}","N/A"
"MedicationRequest.substitution.allowed[x]","MedicationRequest.substitution.allowed[x]","","","",1,1,"","","","boolean {[]} {[]}
CodeableConcept {[]} {[]}","Whether substitution is allowed or not","True if the prescriber allows a different drug to be dispensed from what was prescribed.","This element is labeled as a modifier because whether substitution is allow or not, it cannot be ignored.","","","","","","","","",,"preferred","Identifies the type of substitution allowed.","http://terminology.hl7.org/ValueSet/v3-ActSubstanceAdminSubstitutionCode","",,,,"MedicationRequest.substitution.allowed[x]",1,1,"","ele-1:All FHIR elements must have a @value or children {hasValue() or (children().count() > id.count())}
","specific values within Message/Body/NewRx/MedicationPrescribed/Substitutions","code","RXO-9 Allow Substitutions / RXE-9 Substitution Status"
"MedicationRequest.substitution.reason","MedicationRequest.substitution.reason","","","",0,1,"","","","CodeableConcept {[]} {[]}
","Why should (not) substitution be made","Indicates the reason for the substitution, or why substitution must or must not be performed.","","","","","","","","","",,"example","SubstanceAdminSubstitutionReason","http://terminology.hl7.org/ValueSet/v3-SubstanceAdminSubstitutionReason","",,,,"MedicationRequest.substitution.reason",0,1,"","ele-1:All FHIR elements must have a @value or children {hasValue() or (children().count() > id.count())}
","not mapped","reasonCode","RXE-9 Substition status"
"MedicationRequest.eventHistory","MedicationRequest.eventHistory","","","",0,*,"","","","Reference {[]} {[CanonicalType[http://hl7.org/fhir/StructureDefinition/Provenance]]}
","A list of events of interest in the lifecycle","Links to Provenance records for past versions of this resource or fulfilling request or event resources that identify key state transitions or updates that are likely to be relevant to a user looking at the current version of the resource.","This might not include provenances for all versions of the request – only those deemed ""relevant"" or important. This SHALL NOT include the provenance associated with this current version of the resource. (If that provenance is deemed to be a ""relevant"" change, it will need to be added as part of a later update. Until then, it can be queried directly as the provenance that points to this version using _revinclude All Provenances should have some historical version of this Request as their subject.).","","","","","","","","",,,,,"",,,,"MedicationRequest.eventHistory",0,*,"","ele-1:All FHIR elements must have a @value or children {hasValue() or (children().count() > id.count())}
","Request.relevantHistory",".inboundRelationship(typeCode=SUBJ].source[classCode=CACT, moodCode=EVN]"
