<?xml version="1.0" encoding="UTF-8"?>

<ValueSet xmlns="http://hl7.org/fhir">
  <id value="forme-pharmaceutique-valueset"/>
  <text>
    <status value="generated"/><div xmlns="http://www.w3.org/1999/xhtml"><ul><li>Include codes from<a href="CodeSystem-snomedct.html"><code>http://ltsi.univ-rennes.fr/CodeSystem/snomedct</code></a> where constraint  = (&lt; 763158003 |Medicinal product (product)|) . 411116001 |Has manufactured dose form (attribute)|</li></ul></div>
  </text>
  <url value="http://ltsi.univ-rennes.fr/ValueSet/forme-pharmaceutique-valueset"/>
  <version value="0.1.0"/>
  <name value="FormePharmaceutiqueValueSet"/>
  <status value="draft"/>
  <experimental value="true"/>
  <date value="2024-06-10T07:41:34+00:00"/>
  <publisher value="DOMASIA team of the Signal and Image Processing Laboratory (LTSI) and KEREVAL"/>
  <contact>
    <name value="DOMASIA team of the Signal and Image Processing Laboratory (LTSI) and KEREVAL"/>
    <telecom>
      <system value="url"/>
      <value value="https://ltsi.univ-rennes.fr"/>
    </telecom>
  </contact>
  <description value="Value Set pour la forme pharmaceutique"/>
  <compose>
    <include>
      <system value="http://ltsi.univ-rennes.fr/CodeSystem/snomedct"/>
      <filter>
        <property value="constraint"/>
        <op value="="/>
        <value value="(&lt; 763158003 |Medicinal product (product)|) . 411116001 |Has manufactured dose form (attribute)|"/>
      </filter>
    </include>
  </compose>
</ValueSet>