{
  "resourceType" : "ValueSet",
  "id" : "vsCommunicationModes",
  "text" : {
    "status" : "generated",
    "div" : "<div xmlns=\"http://www.w3.org/1999/xhtml\"><ul><li>Include all codes defined in <a href=\"CodeSystem-CSCommunicationModes.html\"><code>http://ltsi.univ-rennes.fr/CodeSystem/CSCommunicationModes</code></a></li></ul></div>"
  },
  "url" : "http://ltsi.univ-rennes.fr/ValueSet/vsCommunicationModes",
  "version" : "0.1.0",
  "name" : "VSCommunicationModes",
  "title" : "Communication modes",
  "status" : "draft",
  "experimental" : true,
  "date" : "2024-05-21T14:49:50+00:00",
  "publisher" : "DOMASIA team of the Signal and Image Processing Laboratory (LTSI) and KEREVAL",
  "contact" : [{
    "name" : "DOMASIA team of the Signal and Image Processing Laboratory (LTSI) and KEREVAL",
    "telecom" : [{
      "system" : "url",
      "value" : "https://ltsi.univ-rennes.fr"
    }]
  }],
  "description" : "ValueSet for communication modes (incremental, summary).",
  "compose" : {
    "include" : [{
      "system" : "http://ltsi.univ-rennes.fr/CodeSystem/CSCommunicationModes"
    }]
  }
}