<?xml version="1.0" encoding="UTF-8"?>

<ValueSet xmlns="http://hl7.org/fhir">
  <id value="medical-units-oncofair-valueset"/>
  <text>
    <status value="generated"/><div xmlns="http://www.w3.org/1999/xhtml"><ul><li>Include all codes defined in <a href="CodeSystem-medical-units-oncofair-codesystem.html"><code>http://ltsi.univ-rennes.fr/CodeSystem/medical-units-oncofair-codesystem</code></a></li></ul></div>
  </text>
  <url value="http://ltsi.univ-rennes.fr/ValueSet/medical-units-oncofair-valueset"/>
  <version value="0.1.0"/>
  <name value="MedicalUnitsOncoFAIRValueSet"/>
  <title value="Medical units"/>
  <status value="draft"/>
  <date value="2024-05-31T12:49:41+00:00"/>
  <publisher value="DOMASIA team of the Signal and Image Processing Laboratory (LTSI) and KEREVAL"/>
  <contact>
    <name value="DOMASIA team of the Signal and Image Processing Laboratory (LTSI) and KEREVAL"/>
    <telecom>
      <system value="url"/>
      <value value="https://ltsi.univ-rennes.fr"/>
    </telecom>
  </contact>
  <description value="ValueSet for medical units (accommodation, medical liability unit)."/>
  <compose>
    <include>
      <system value="http://ltsi.univ-rennes.fr/CodeSystem/medical-units-oncofair-codesystem"/>
    </include>
  </compose>
</ValueSet>