<?xml version="1.0" encoding="UTF-8"?><CodeSystem xmlns="http://hl7.org/fhir"><id value="CSEventTypeData"/><text><status value="generated"/><div xmlns="http://www.w3.org/1999/xhtml"><p class="res-header-id"><b>Generated Narrative: CodeSystem CSEventTypeData</b></p><a name="CSEventTypeData"> </a><a name="hcCSEventTypeData"> </a><a name="CSEventTypeData-en-US"> </a><p>This case-sensitive code system <code>http://ltsi.univ-rennes.fr/CodeSystem/CSEventTypeData</code> defines the following codes:</p><table class="codes"><tr><td style="white-space:nowrap"><b>Code</b></td><td><b>Display</b></td></tr><tr><td style="white-space:nowrap">1<a name="CSEventTypeData-1"> </a></td><td>BOO - Booléen</td></tr><tr><td style="white-space:nowrap">2<a name="CSEventTypeData-2"> </a></td><td>QLT - Qualitatif</td></tr><tr><td style="white-space:nowrap">3<a name="CSEventTypeData-3"> </a></td><td>QLO - Qualitatif ordonné</td></tr><tr><td style="white-space:nowrap">4<a name="CSEventTypeData-4"> </a></td><td>QTT - Quantitatif</td></tr><tr><td style="white-space:nowrap">5<a name="CSEventTypeData-5"> </a></td><td>HOR - Horaire</td></tr><tr><td style="white-space:nowrap">6<a name="CSEventTypeData-6"> </a></td><td>PHE - Plage horaire</td></tr></table></div></text><url value="http://ltsi.univ-rennes.fr/CodeSystem/CSEventTypeData"/><version value="0.1.0"/><name value="CSEventTypeData"/><title value="Event Types"/><status value="draft"/><experimental value="true"/><date value="2025-01-17T11:57:47+00:00"/><publisher value="DOMASIA team of the Signal and Image Processing Laboratory (LTSI) and KEREVAL"/><contact><name value="DOMASIA team of the Signal and Image Processing Laboratory (LTSI) and KEREVAL"/><telecom><system value="url"/><value value="https://ltsi.univ-rennes.fr"/></telecom></contact><description value="CodeSystem for various event types used in French healthcare systems, identified by number, abbreviation, and full name."/><caseSensitive value="true"/><content value="complete"/><count value="6"/><concept><code value="1"/><display value="BOO - Booléen"/></concept><concept><code value="2"/><display value="QLT - Qualitatif"/></concept><concept><code value="3"/><display value="QLO - Qualitatif ordonné"/></concept><concept><code value="4"/><display value="QTT - Quantitatif"/></concept><concept><code value="5"/><display value="HOR - Horaire"/></concept><concept><code value="6"/><display value="PHE - Plage horaire"/></concept></CodeSystem>