"Id","Path","Slice Name","Alias(s)","Label","Min","Max","Must Support?","Is Modifier?","Is Summary?","Type(s)","Short","Definition","Comments","Requirements","Default Value","Meaning When Missing","Fixed Value","Pattern","Example","Minimum Value","Maximum Value","Maximum Length","Binding Strength","Binding Description","Binding Value Set","Code","Slicing Discriminator","Slicing Description","Slicing Ordered","Slicing Rules","Base Path","Base Min","Base Max","Condition(s)","Constraint(s)","Mapping: RIM Mapping"
"PrescriptionPN13","PrescriptionPN13","","","",0,*,"","","","null {[]} {[]}
","Prescription PN13","Prescription provenant de la norme PN13, Prescription as defined in the PN13","","","","","","","","","",,,,,"",,,,"Base",0,*,"","","n/a"
"PrescriptionPN13.modeCommunication","PrescriptionPN13.modeCommunication","","","",1,1,"","","","code {[]} {[]}
","Indique si message reprend seulement les éléments de prescription ajoutés, modifiés ou arrêtés par rapport au dernier 
envoi (mode de fonctionnement incrémental) ou s’il récapitule l’ensemble des éléments de prescription pour le patient 
(mode récapitulatif) en incluant également les éléments inchangés/Indicates whether the message only includes prescription elements added, modified or stopped in relation to the last 
sent (incremental mode) or whether it summarizes all prescription elements for the patient 
(summary mode), including unchanged elements","Indique si message reprend seulement les éléments de prescription ajoutés, modifiés ou arrêtés par rapport au dernier 
envoi (mode de fonctionnement incrémental) ou s’il récapitule l’ensemble des éléments de prescription pour le patient 
(mode récapitulatif) en incluant également les éléments inchangés/Indicates whether the message only includes prescription elements added, modified or stopped in relation to the last 
sent (incremental mode) or whether it summarizes all prescription elements for the patient 
(summary mode), including unchanged elements","","","","","","","","","",,,,,"",,,,"PrescriptionPN13.modeCommunication",1,1,"",""
"PrescriptionPN13.dateHeurePrescription","PrescriptionPN13.dateHeurePrescription","","","",1,1,"","","","instant {[]} {[]}
","Date et heure à laquelle le prescripteur a considéré la prescription comme validée. Lorsque la validation s’effectue en plusieurs étapes avant toute transmission, c’est la dernière date et heure qui figure 
dans le message./Date and time at which the prescriber considered the prescription validated. When validation is carried out in several stages before transmission, the last date and time appears in the message. 
in the message. ","Date et heure à laquelle le prescripteur a considéré la prescription comme validée. Lorsque la validation s’effectue en plusieurs étapes avant toute transmission, c’est la dernière date et heure qui figure 
dans le message./Date and time at which the prescriber considered the prescription validated. When validation is carried out in several stages before transmission, the last date and time appears in the message. 
in the message.","","","","","","","","","",,,,,"",,,,"PrescriptionPN13.dateHeurePrescription",1,1,"",""
"PrescriptionPN13.uniteHebergement","PrescriptionPN13.uniteHebergement","","","",0,1,"","","","code {[]} {[]}
","Il s’agit de l’unité qui héberge le patient/the unit that houses the patient","Il s’agit de l’unité qui héberge le patient/the unit that houses the patient","","","","","","","","","",,,,,"",,,,"PrescriptionPN13.uniteHebergement",0,1,"",""
"PrescriptionPN13.uniteResponsabiliteMedicale","PrescriptionPN13.uniteResponsabiliteMedicale","","","",0,1,"","","","code {[]} {[]}
","l’unité qui assume la responsabilité médicale de prise en charge du patient./ Unit that assumes medical responsibility for the patient's care. ","l’unité qui assume la responsabilité médicale de prise en charge du patient./ Unit that assumes medical responsibility for the patient's care.","","","","","","","","","",,,,,"",,,,"PrescriptionPN13.uniteResponsabiliteMedicale",0,1,"",""
"PrescriptionPN13.commentaire","PrescriptionPN13.commentaire","","","",0,1,"","","","string {[]} {[]}
","Commentaire, par défaut, du médecin prescripteur sur la prescription./Prescribing physician's default comment on prescription.","Commentaire, par défaut, du médecin prescripteur sur la prescription./Prescribing physician's default comment on prescription.","","","","","","","","","",,,,,"",,,,"PrescriptionPN13.commentaire",0,1,"",""
"PrescriptionPN13.idPrescription","PrescriptionPN13.idPrescription","","","",1,1,"","","","Identifier {[]} {[]}
","DESCRIPTION A AJOUTER","DESCRIPTION A AJOUTER","","","","","","","","","",,,,,"",,,,"PrescriptionPN13.idPrescription",1,1,"",""
"PrescriptionPN13.lienSejour","PrescriptionPN13.lienSejour","","","",0,1,"","","","Reference {[]} {[]}
","DESCRIPTION A AJOUTER","DESCRIPTION A AJOUTER","","","","","","","","","",,,,,"",,,,"PrescriptionPN13.lienSejour",0,1,"",""
"PrescriptionPN13.lienRenseignementComplementaire","PrescriptionPN13.lienRenseignementComplementaire","","","",0,*,"","","","CodeableReference {[]} {[]}
","DESCRIPTION A AJOUTER","DESCRIPTION A AJOUTER","","","","","","","","","",,,,,"",,,,"PrescriptionPN13.lienRenseignementComplementaire",0,*,"",""
"PrescriptionPN13.lienProtocolePrescrit","PrescriptionPN13.lienProtocolePrescrit","","","",0,*,"","","","Reference {[]} {[]}
","DESCRIPTION A AJOUTER","DESCRIPTION A AJOUTER","","","","","","","","","",,,,,"",,,,"PrescriptionPN13.lienProtocolePrescrit",0,*,"",""
