{
  "resourceType" : "ValueSet",
  "id" : "medical-units-oncofair-valueset",
  "text" : {
    "status" : "generated",
    "div" : "<div xmlns=\"http://www.w3.org/1999/xhtml\"><p class=\"res-header-id\"><b>Generated Narrative: ValueSet medical-units-oncofair-valueset</b></p><a name=\"medical-units-oncofair-valueset\"> </a><a name=\"hcmedical-units-oncofair-valueset\"> </a><a name=\"medical-units-oncofair-valueset-en-US\"> </a><ul><li>Include all codes defined in <a href=\"CodeSystem-medical-units-oncofair-codesystem.html\"><code>http://ltsi.univ-rennes.fr/CodeSystem/medical-units-oncofair-codesystem</code></a></li></ul></div>"
  },
  "url" : "http://ltsi.univ-rennes.fr/ValueSet/medical-units-oncofair-valueset",
  "version" : "0.1.0",
  "name" : "MedicalUnitsOncoFAIRValueSet",
  "title" : "Medical units Value Set",
  "status" : "draft",
  "experimental" : true,
  "date" : "2025-01-17T15:20:38+00:00",
  "publisher" : "DOMASIA team of the Signal and Image Processing Laboratory (LTSI) and KEREVAL",
  "contact" : [{
    "name" : "DOMASIA team of the Signal and Image Processing Laboratory (LTSI) and KEREVAL",
    "telecom" : [{
      "system" : "url",
      "value" : "https://ltsi.univ-rennes.fr"
    }]
  }],
  "description" : "ValueSet for medical units (accommodation, medical liability unit).",
  "compose" : {
    "include" : [{
      "system" : "http://ltsi.univ-rennes.fr/CodeSystem/medical-units-oncofair-codesystem"
    }]
  }
}