{
  "resourceType" : "ValueSet",
  "id" : "vsMedicationStatus",
  "text" : {
    "status" : "generated",
    "div" : "<div xmlns=\"http://www.w3.org/1999/xhtml\"><p class=\"res-header-id\"><b>Generated Narrative: ValueSet vsMedicationStatus</b></p><a name=\"vsMedicationStatus\"> </a><a name=\"hcvsMedicationStatus\"> </a><a name=\"vsMedicationStatus-en-US\"> </a><ul><li>Include all codes defined in <a href=\"CodeSystem-CSMedicationStatus.html\"><code>http://ltsi.univ-rennes.fr/CodeSystem/CSMedicationStatus</code></a></li></ul></div>"
  },
  "url" : "http://ltsi.univ-rennes.fr/ValueSet/vsMedicationStatus",
  "version" : "0.1.0",
  "name" : "VSMedicationStatus",
  "title" : "Medication status",
  "status" : "draft",
  "experimental" : true,
  "date" : "2025-01-13T10:33:06+00:00",
  "publisher" : "DOMASIA team of the Signal and Image Processing Laboratory (LTSI) and KEREVAL",
  "contact" : [{
    "name" : "DOMASIA team of the Signal and Image Processing Laboratory (LTSI) and KEREVAL",
    "telecom" : [{
      "system" : "url",
      "value" : "https://ltsi.univ-rennes.fr"
    }]
  }],
  "description" : "ValueSet for medication status.",
  "compose" : {
    "include" : [{
      "system" : "http://ltsi.univ-rennes.fr/CodeSystem/CSMedicationStatus"
    }]
  }
}