<?xml version="1.0" encoding="UTF-8"?>

<CodeSystem xmlns="http://hl7.org/fhir">
  <id value="CSMedicationItemProvenance"/>
  <text>
    <status value="generated"/><div xmlns="http://www.w3.org/1999/xhtml"><p>This case-sensitive code system <code>http://ltsi.univ-rennes.fr/CodeSystem/CSMedicationItemProvenance</code> defines the following codes:</p><table class="codes"><tr><td style="white-space:nowrap"><b>Code</b></td><td><b>Display</b></td></tr><tr><td style="white-space:nowrap">1<a name="CSMedicationItemProvenance-1"> </a></td><td>Pharmacie</td></tr><tr><td style="white-space:nowrap">2<a name="CSMedicationItemProvenance-2"> </a></td><td>Armoire de service</td></tr><tr><td style="white-space:nowrap">3<a name="CSMedicationItemProvenance-3"> </a></td><td>Non comptabilisé</td></tr><tr><td style="white-space:nowrap">4<a name="CSMedicationItemProvenance-4"> </a></td><td>Gestion particulière</td></tr></table></div>
  </text>
  <url value="http://ltsi.univ-rennes.fr/CodeSystem/CSMedicationItemProvenance"/>
  <version value="0.1.0"/>
  <name value="CSMedicationItemProvenance"/>
  <title value="Medication item provenance"/>
  <status value="draft"/>
  <experimental value="true"/>
  <date value="2024-06-11T08:08:31+00:00"/>
  <publisher value="DOMASIA team of the Signal and Image Processing Laboratory (LTSI) and KEREVAL"/>
  <contact>
    <name value="DOMASIA team of the Signal and Image Processing Laboratory (LTSI) and KEREVAL"/>
    <telecom>
      <system value="url"/>
      <value value="https://ltsi.univ-rennes.fr"/>
    </telecom>
  </contact>
  <description value="CodeSystem for french medication item provenance."/>
  <caseSensitive value="true"/>
  <content value="complete"/>
  <count value="4"/>
  <concept>
    <code value="1"/>
    <display value="Pharmacie"/>
  </concept>
  <concept>
    <code value="2"/>
    <display value="Armoire de service"/>
  </concept>
  <concept>
    <code value="3"/>
    <display value="Non comptabilisé"/>
  </concept>
  <concept>
    <code value="4"/>
    <display value="Gestion particulière"/>
  </concept>
</CodeSystem>