<?xml version="1.0" encoding="UTF-8"?>

<Medication xmlns="http://hl7.org/fhir">
  <id value="exampleOncologyMedicationOXALIPLATINE200mg"/>
  <meta>
    <profile value="http://ltsi.univ-rennes.fr/StructureDefinition/oncology-medication"/>
  </meta>
  <text>
    <status value="generated"/><div xmlns="http://www.w3.org/1999/xhtml"><p><b>Generated Narrative: Medication</b><a name="exampleOncologyMedicationOXALIPLATINE200mg"> </a><a name="hcexampleOncologyMedicationOXALIPLATINE200mg"> </a></p><div style="display: inline-block; background-color: #d9e0e7; padding: 6px; margin: 4px; border: 1px solid #8da1b4; border-radius: 5px; line-height: 60%"><p style="margin-bottom: 0px">Resource Medication &quot;exampleOncologyMedicationOXALIPLATINE200mg&quot; </p><p style="margin-bottom: 0px">Profile: <a href="StructureDefinition-oncology-medication.html">Oncology Medication</a></p></div><p><b>identifier</b>: OXALIPLATINE 200 mg</p><p><b>code</b>: OXALIPLATINE 200 mg <span style="background: LightGoldenRodYellow; margin: 4px; border: 1px solid khaki"> (<a href="CodeSystem-CSMedications.html">Medications</a>#9365536)</span></p></div>
  </text>
  <identifier>
    <value value="OXALIPLATINE 200 mg"/>
  </identifier>
  <code>
    <coding>
      <system value="http://ltsi.univ-rennes.fr/CodeSystem/CSMedications"/>
      <code value="9365536"/>
      <display value="OXALIPLATINE 200 mg"/>
    </coding>
  </code>
</Medication>