<?xml version="1.0" encoding="UTF-8"?>

<ValueSet xmlns="http://hl7.org/fhir">
  <id value="Laterality"/>
  <text>
    <status value="generated"/><div xmlns="http://www.w3.org/1999/xhtml"><p class="res-header-id"><b>Generated Narrative: ValueSet Laterality</b></p><a name="Laterality"> </a><a name="hcLaterality"> </a><a name="Laterality-en-US"> </a><ul><li>Include these codes as defined in <a href="http://terminology.hl7.org/6.1.0/CodeSystem-umls.html"><code>http://terminology.hl7.org/CodeSystem/umls</code></a><table class="none"><tr><td style="white-space:nowrap"><b>Code</b></td><td><b>Display</b></td></tr><tr><td>C0238767</td><td>Bilateral</td></tr><tr><td>C0205091</td><td>Left</td></tr><tr><td>C2939193</td><td>Median (qualifier value)</td></tr><tr><td>C1272460</td><td>Not Applicable</td></tr><tr><td>C0205090</td><td>Right</td></tr><tr><td>C0439673</td><td>Unknown</td></tr></table></li></ul></div>
  </text>
  <url value="http://ltsi.univ-rennes.fr/ValueSet/Laterality"/>
  <version value="0.1.0"/>
  <name value="Laterality"/>
  <title value="Tumor Laterality Value Set"/>
  <status value="draft"/>
  <date value="2025-01-17T14:46:02+00:00"/>
  <publisher value="DOMASIA team of the Signal and Image Processing Laboratory (LTSI) and KEREVAL"/>
  <contact>
    <name value="DOMASIA team of the Signal and Image Processing Laboratory (LTSI) and KEREVAL"/>
    <telecom>
      <system value="url"/>
      <value value="https://ltsi.univ-rennes.fr"/>
    </telecom>
  </contact>
  <description value="Tumor laterality"/>
  <compose>
    <include>
      <system value="http://terminology.hl7.org/CodeSystem/umls"/>
      <concept>
        <code value="C0238767"/>
        <display value="Bilateral"/>
      </concept>
      <concept>
        <code value="C0205091"/>
        <display value="Left"/>
      </concept>
      <concept>
        <code value="C2939193"/>
        <display value="Median (qualifier value)"/>
      </concept>
      <concept>
        <code value="C1272460"/>
        <display value="Not Applicable"/>
      </concept>
      <concept>
        <code value="C0205090"/>
        <display value="Right"/>
      </concept>
      <concept>
        <code value="C0439673"/>
        <display value="Unknown"/>
      </concept>
    </include>
  </compose>
</ValueSet>