{"resourceType":"ValueSet","id":"siph-typecomposant-oncofair-valueset","text":{"status":"generated","div":"<div xmlns=\"http://www.w3.org/1999/xhtml\"><p class=\"res-header-id\"><b>Generated Narrative: ValueSet siph-typecomposant-oncofair-valueset</b></p><a name=\"siph-typecomposant-oncofair-valueset\"> </a><a name=\"hcsiph-typecomposant-oncofair-valueset\"> </a><a name=\"siph-typecomposant-oncofair-valueset-en-US\"> </a><ul><li>Include all codes defined in <a href=\"CodeSystem-siph-typecomposant-oncofair-codesystem.html\"><code>http://ltsi.univ-rennes.fr/CodeSystem/siph-typecomposant-oncofair-codesystem</code></a></li></ul></div>"},"url":"http://ltsi.univ-rennes.fr/ValueSet/siph-typecomposant-oncofair-valueset","version":"0.1.0","name":"SIPhTypeComposantOncoFAIRValueSet","title":"Type de composant Value Set","status":"draft","experimental":true,"date":"2025-05-19T07:51:41+00:00","publisher":"KEREVAL and DOMASIA team of the Signal and Image Processing Laboratory (LTSI)","contact":[{"name":"KEREVAL and DOMASIA team of the Signal and Image Processing Laboratory (LTSI)","telecom":[{"system":"url","value":"https://github.com/ONCOFAIR"}]}],"description":"Value Set pour TypeComposant","compose":{"include":[{"system":"http://ltsi.univ-rennes.fr/CodeSystem/siph-typecomposant-oncofair-codesystem"}]}}