{"resourceType":"ValueSet","id":"medications-oncofair-valueset","text":{"status":"generated","div":"<div xmlns=\"http://www.w3.org/1999/xhtml\"><p class=\"res-header-id\"><b>Generated Narrative: ValueSet medications-oncofair-valueset</b></p><a name=\"medications-oncofair-valueset\"> </a><a name=\"hcmedications-oncofair-valueset\"> </a><a name=\"medications-oncofair-valueset-en-US\"> </a><ul><li>Include all codes defined in <a href=\"CodeSystem-medications-oncofair-codesystem.html\"><code>http://ltsi.univ-rennes.fr/CodeSystem/medications-oncofair-codesystem</code></a></li></ul></div>"},"url":"http://ltsi.univ-rennes.fr/ValueSet/medications-oncofair-valueset","version":"0.1.0","name":"MedicationsOncoFAIRValueSet","title":"Medications Value Set","status":"draft","experimental":true,"date":"2025-05-15T10:05:11+00:00","publisher":"KEREVAL and DOMASIA team of the Signal and Image Processing Laboratory (LTSI)","contact":[{"name":"KEREVAL and DOMASIA team of the Signal and Image Processing Laboratory (LTSI)","telecom":[{"system":"url","value":"https://github.com/ONCOFAIR"}]}],"description":"ValueSet for medications.","compose":{"include":[{"system":"http://ltsi.univ-rennes.fr/CodeSystem/medications-oncofair-codesystem"}]}}