{
  "resourceType" : "MedicationRequest",
  "id" : "examplePrescriptionItemPROFENID50MG",
  "meta" : {
    "profile" : ["http://ltsi.univ-rennes.fr/StructureDefinition/prescription-item"]
  },
  "text" : {
    "status" : "generated",
    "div" : "<div xmlns=\"http://www.w3.org/1999/xhtml\"><p><b>Generated Narrative: MedicationRequest</b><a name=\"examplePrescriptionItemPROFENID50MG\"> </a><a name=\"hcexamplePrescriptionItemPROFENID50MG\"> </a></p><div style=\"display: inline-block; background-color: #d9e0e7; padding: 6px; margin: 4px; border: 1px solid #8da1b4; border-radius: 5px; line-height: 60%\"><p style=\"margin-bottom: 0px\">Resource MedicationRequest &quot;examplePrescriptionItemPROFENID50MG&quot; </p><p style=\"margin-bottom: 0px\">Profile: <a href=\"StructureDefinition-prescription-item.html\">Prescription Item</a></p></div><p><b>identifier</b>: 33939465</p><p><b>basedOn</b>: <a href=\"CarePlan-examplePrescription.html\">CarePlan/examplePrescription</a></p><p><b>groupIdentifier</b>: 12345</p><p><b>status</b>: completed</p><p><b>intent</b>: order</p><p><b>category</b>: Stop <span style=\"background: LightGoldenRodYellow; margin: 4px; border: 1px solid khaki\"> (<a href=\"CodeSystem-CSPrescriptionCategory.html\">Prescription category</a>#S)</span></p><h3>Medications</h3><table class=\"grid\"><tr><td style=\"display: none\">-</td><td><b>Reference</b></td></tr><tr><td style=\"display: none\">*</td><td><a href=\"Medication-exampleOncologyMedicationPROFENID50MG.html\">Medication/exampleOncologyMedicationPROFENID50MG</a></td></tr></table><p><b>subject</b>: <a href=\"Patient-exampleOncologyPatient.html\">Patient/exampleOncologyPatient</a> &quot; DOE&quot;</p><p><b>requester</b>: <a href=\"Practitioner-exampleOncologyPractitioner.html\">Practitioner/exampleOncologyPractitioner</a></p><p><b>note</b>: If pain insufficiently relieved (By [CR0328] @Oct 17, 2023, 9:33:00 AM)</p><p><b>effectiveDosePeriod</b>: 2023-10-17 09:00:00+0000 --&gt; 2023-10-19 14:32:00+0000</p><blockquote><p><b>dosageInstruction</b></p><p><b>text</b>: Administer 1 capsule of PROFENID 50 MG, 4 times a day maximum at minimum 6h intervals.</p><p><b>timing</b>: Starting 2023-10-17 00:00:00+0000, 4 per 1 days, Until 2023-10-20 00:00:00+0000</p><p><b>route</b>: Oral route <span style=\"background: LightGoldenRodYellow; margin: 4px; border: 1px solid khaki\"> (<a href=\"CodeSystem-CSSCT.html\">SNOMED CT Codes</a>#26643006)</span></p><blockquote><p><b>doseAndRate</b></p></blockquote><p><b>maxDosePerPeriod</b>: 4 capsule(s)/1 day(s)</p><p><b>maxDosePerAdministration</b>: 1 capsule(s)</p></blockquote><blockquote><p><b>dispenseRequest</b></p><h3>InitialFills</h3><table class=\"grid\"><tr><td style=\"display: none\">-</td><td><b>Quantity</b></td></tr><tr><td style=\"display: none\">*</td><td>1</td></tr></table></blockquote></div>"
  },
  "identifier" : [{
    "value" : "33939465"
  }],
  "basedOn" : [{
    "reference" : "CarePlan/examplePrescription"
  }],
  "groupIdentifier" : {
    "value" : "12345"
  },
  "status" : "completed",
  "intent" : "order",
  "category" : [{
    "coding" : [{
      "system" : "http://ltsi.univ-rennes.fr/CodeSystem/CSPrescriptionCategory",
      "code" : "S",
      "display" : "Stop"
    }]
  }],
  "medication" : {
    "reference" : {
      "reference" : "Medication/exampleOncologyMedicationPROFENID50MG"
    }
  },
  "subject" : {
    "reference" : "Patient/exampleOncologyPatient"
  },
  "requester" : {
    "reference" : "Practitioner/exampleOncologyPractitioner"
  },
  "note" : [{
    "authorString" : "[CR0328]",
    "time" : "2023-10-17T09:33:00.0000Z",
    "text" : "If pain insufficiently relieved"
  }],
  "effectiveDosePeriod" : {
    "start" : "2023-10-17T09:00:00.0000Z",
    "end" : "2023-10-19T14:32:00.0000Z"
  },
  "dosageInstruction" : [{
    "text" : "Administer 1 capsule of PROFENID 50 MG, 4 times a day maximum at minimum 6h intervals.",
    "timing" : {
      "repeat" : {
        "boundsPeriod" : {
          "start" : "2023-10-17T00:00:00+00:00",
          "end" : "2023-10-20T00:00:00+00:00"
        },
        "frequency" : 4,
        "period" : 1,
        "periodUnit" : "d"
      }
    },
    "route" : {
      "coding" : [{
        "system" : "http://ltsi.univ-rennes.fr/CodeSystem/CSSCT",
        "code" : "26643006",
        "display" : "Oral route"
      }]
    },
    "doseAndRate" : [{
      "doseQuantity" : {
        "value" : 1,
        "unit" : "capsule(s)"
      }
    }],
    "maxDosePerPeriod" : [{
      "numerator" : {
        "value" : 4,
        "unit" : "capsule(s)"
      },
      "denominator" : {
        "value" : 1,
        "unit" : "day(s)"
      }
    }],
    "maxDosePerAdministration" : {
      "value" : 1,
      "unit" : "capsule(s)"
    }
  }],
  "dispenseRequest" : {
    "initialFill" : {
      "quantity" : {
        "value" : 1
      }
    }
  }
}