<?xml version="1.0" encoding="UTF-8"?>

<Medication xmlns="http://hl7.org/fhir">
  <id value="exampleOncologyMedicationG5pourcent100MLPOCHE"/>
  <meta>
    <profile value="http://ltsi.univ-rennes.fr/StructureDefinition/oncology-medication"/>
  </meta>
  <text>
    <status value="generated"/><div xmlns="http://www.w3.org/1999/xhtml"><p><b>Generated Narrative: Medication</b><a name="exampleOncologyMedicationG5pourcent100MLPOCHE"> </a><a name="hcexampleOncologyMedicationG5pourcent100MLPOCHE"> </a></p><div style="display: inline-block; background-color: #d9e0e7; padding: 6px; margin: 4px; border: 1px solid #8da1b4; border-radius: 5px; line-height: 60%"><p style="margin-bottom: 0px">Resource Medication &quot;exampleOncologyMedicationG5pourcent100MLPOCHE&quot; </p><p style="margin-bottom: 0px">Profile: <a href="StructureDefinition-oncology-medication.html">Oncology Medication</a></p></div><p><b>identifier</b>: G5% 100ML POCHE</p><p><b>code</b>: G5% 100ML POCHE <span style="background: LightGoldenRodYellow; margin: 4px; border: 1px solid khaki"> (<a href="CodeSystem-CSMedications.html">Medications</a>#9279854)</span></p></div>
  </text>
  <identifier>
    <value value="G5% 100ML POCHE"/>
  </identifier>
  <code>
    <coding>
      <system value="http://ltsi.univ-rennes.fr/CodeSystem/CSMedications"/>
      <code value="9279854"/>
      <display value="G5% 100ML POCHE"/>
    </coding>
  </code>
</Medication>