{
  "resourceType" : "Organization",
  "id" : "exampleMedicalLiabilityUnit",
  "meta" : {
    "profile" : ["http://ltsi.univ-rennes.fr/StructureDefinition/Medical-liability-unit"]
  },
  "text" : {
    "status" : "generated",
    "div" : "<div xmlns=\"http://www.w3.org/1999/xhtml\"><p><b>Generated Narrative: Organization</b><a name=\"exampleMedicalLiabilityUnit\"> </a><a name=\"hcexampleMedicalLiabilityUnit\"> </a></p><div style=\"display: inline-block; background-color: #d9e0e7; padding: 6px; margin: 4px; border: 1px solid #8da1b4; border-radius: 5px; line-height: 60%\"><p style=\"margin-bottom: 0px\">Resource Organization &quot;exampleMedicalLiabilityUnit&quot; </p><p style=\"margin-bottom: 0px\">Profile: <a href=\"StructureDefinition-Medical-liability-unit.html\">Medical Liability Unit</a></p></div><p><b>name</b>: HCMED</p></div>"
  },
  "name" : "HCMED"
}