{
  "resourceType" : "CodeSystem",
  "id" : "siph-statutvalidpharm-oncofair-codesystem",
  "text" : {
    "status" : "generated",
    "div" : "<div xmlns=\"http://www.w3.org/1999/xhtml\"><p class=\"res-header-id\"><b>Generated Narrative: CodeSystem siph-statutvalidpharm-oncofair-codesystem</b></p><a name=\"siph-statutvalidpharm-oncofair-codesystem\"> </a><a name=\"hcsiph-statutvalidpharm-oncofair-codesystem\"> </a><a name=\"hcsiph-statutvalidpharm-oncofair-codesystem-en-US\"> </a><p>This case-sensitive code system <code>http://ltsi.univ-rennes.fr/CodeSystem/siph-statutvalidpharm-oncofair-codesystem</code> defines the following codes:</p><table class=\"codes\"><tr><td style=\"white-space:nowrap\"><b>Code</b></td><td><b>Display</b></td></tr><tr><td style=\"white-space:nowrap\">VAL<a name=\"siph-statutvalidpharm-oncofair-codesystem-VAL\"> </a></td><td>validée</td></tr><tr><td style=\"white-space:nowrap\">INV<a name=\"siph-statutvalidpharm-oncofair-codesystem-INV\"> </a></td><td>invalidée</td></tr></table></div>"
  },
  "url" : "http://ltsi.univ-rennes.fr/CodeSystem/siph-statutvalidpharm-oncofair-codesystem",
  "version" : "0.1.0",
  "name" : "SIPhStatutValidPharmOncoFAIRCodeSystem",
  "title" : "Statut validation pharmaceutique Code System",
  "status" : "draft",
  "experimental" : true,
  "date" : "2024-07-01T08:31:50+00:00",
  "publisher" : "DOMASIA team of the Signal and Image Processing Laboratory (LTSI) and KEREVAL",
  "contact" : [{
    "name" : "DOMASIA team of the Signal and Image Processing Laboratory (LTSI) and KEREVAL",
    "telecom" : [{
      "system" : "url",
      "value" : "https://ltsi.univ-rennes.fr"
    }]
  }],
  "description" : "Code system pour l'attribut StatutValidPharm",
  "caseSensitive" : true,
  "content" : "complete",
  "count" : 2,
  "concept" : [{
    "code" : "VAL",
    "display" : "validée"
  },
  {
    "code" : "INV",
    "display" : "invalidée"
  }]
}