{
  "resourceType" : "CodeSystem",
  "id" : "siph-typecomposant-oncofair-codesystem",
  "text" : {
    "status" : "generated",
    "div" : "<div xmlns=\"http://www.w3.org/1999/xhtml\"><p class=\"res-header-id\"><b>Generated Narrative: CodeSystem siph-typecomposant-oncofair-codesystem</b></p><a name=\"siph-typecomposant-oncofair-codesystem\"> </a><a name=\"hcsiph-typecomposant-oncofair-codesystem\"> </a><a name=\"siph-typecomposant-oncofair-codesystem-en-US\"> </a><p>This case-sensitive code system <code>http://ltsi.univ-rennes.fr/CodeSystem/siph-typecomposant-oncofair-codesystem</code> defines the following codes:</p><table class=\"codes\"><tr><td style=\"white-space:nowrap\"><b>Code</b></td><td><b>Display</b></td></tr><tr><td style=\"white-space:nowrap\">SPEC<a name=\"siph-typecomposant-oncofair-codesystem-SPEC\"> </a></td><td>spécialité</td></tr><tr><td style=\"white-space:nowrap\">ATUN<a name=\"siph-typecomposant-oncofair-codesystem-ATUN\"> </a></td><td>ATU nominative</td></tr><tr><td style=\"white-space:nowrap\">PRAC<a name=\"siph-typecomposant-oncofair-codesystem-PRAC\"> </a></td><td>principe actif</td></tr><tr><td style=\"white-space:nowrap\">PRHO<a name=\"siph-typecomposant-oncofair-codesystem-PRHO\"> </a></td><td>préparation hospitalière</td></tr><tr><td style=\"white-space:nowrap\">IMPO<a name=\"siph-typecomposant-oncofair-codesystem-IMPO\"> </a></td><td>importation</td></tr><tr><td style=\"white-space:nowrap\">ATUC<a name=\"siph-typecomposant-oncofair-codesystem-ATUC\"> </a></td><td>ATU de cohorte</td></tr><tr><td style=\"white-space:nowrap\">PRMA<a name=\"siph-typecomposant-oncofair-codesystem-PRMA\"> </a></td><td>préparation magistrale</td></tr><tr><td style=\"white-space:nowrap\">MAPR<a name=\"siph-typecomposant-oncofair-codesystem-MAPR\"> </a></td><td>matière première</td></tr><tr><td style=\"white-space:nowrap\">MVTS<a name=\"siph-typecomposant-oncofair-codesystem-MVTS\"> </a></td><td>médicament virtuel THESORIMED</td></tr><tr><td style=\"white-space:nowrap\">MVTR<a name=\"siph-typecomposant-oncofair-codesystem-MVTR\"> </a></td><td>médicament virtuel THERIAQUE</td></tr><tr><td style=\"white-space:nowrap\">MVBC<a name=\"siph-typecomposant-oncofair-codesystem-MVBC\"> </a></td><td>médicament virtuel BCB DEXTER</td></tr><tr><td style=\"white-space:nowrap\">MVVI<a name=\"siph-typecomposant-oncofair-codesystem-MVVI\"> </a></td><td>médicament virtuel VIDAL</td></tr><tr><td style=\"white-space:nowrap\">DC<a name=\"siph-typecomposant-oncofair-codesystem-DC\"> </a></td><td>dénomination commune</td></tr><tr><td style=\"white-space:nowrap\">MVMB<a name=\"siph-typecomposant-oncofair-codesystem-MVMB\"> </a></td><td>médicament virtuel MedicaBase</td></tr></table></div>"
  },
  "url" : "http://ltsi.univ-rennes.fr/CodeSystem/siph-typecomposant-oncofair-codesystem",
  "version" : "0.1.0",
  "name" : "SIPhTypeComposantOncoFAIRCodeSystem",
  "title" : "Type de composant Code System",
  "status" : "draft",
  "experimental" : true,
  "date" : "2024-07-30T09:08:54+00:00",
  "publisher" : "DOMASIA team of the Signal and Image Processing Laboratory (LTSI) and KEREVAL",
  "contact" : [{
    "name" : "DOMASIA team of the Signal and Image Processing Laboratory (LTSI) and KEREVAL",
    "telecom" : [{
      "system" : "url",
      "value" : "https://ltsi.univ-rennes.fr"
    }]
  }],
  "description" : "Code system pour l'attribut TypeComposant",
  "caseSensitive" : true,
  "content" : "complete",
  "count" : 14,
  "concept" : [{
    "code" : "SPEC",
    "display" : "spécialité"
  },
  {
    "code" : "ATUN",
    "display" : "ATU nominative"
  },
  {
    "code" : "PRAC",
    "display" : "principe actif"
  },
  {
    "code" : "PRHO",
    "display" : "préparation hospitalière"
  },
  {
    "code" : "IMPO",
    "display" : "importation"
  },
  {
    "code" : "ATUC",
    "display" : "ATU de cohorte"
  },
  {
    "code" : "PRMA",
    "display" : "préparation magistrale"
  },
  {
    "code" : "MAPR",
    "display" : "matière première"
  },
  {
    "code" : "MVTS",
    "display" : "médicament virtuel THESORIMED"
  },
  {
    "code" : "MVTR",
    "display" : "médicament virtuel THERIAQUE"
  },
  {
    "code" : "MVBC",
    "display" : "médicament virtuel BCB DEXTER"
  },
  {
    "code" : "MVVI",
    "display" : "médicament virtuel VIDAL"
  },
  {
    "code" : "DC",
    "display" : "dénomination commune"
  },
  {
    "code" : "MVMB",
    "display" : "médicament virtuel MedicaBase"
  }]
}