{
  "resourceType" : "CodeSystem",
  "id" : "siph-paramposoconditionnelle-oncofair-codesystem",
  "text" : {
    "status" : "generated",
    "div" : "<div xmlns=\"http://www.w3.org/1999/xhtml\"><p>This case-sensitive code system <code>http://ltsi.univ-rennes.fr/CodeSystem/siph-paramposoconditionnelle-oncofair-codesystem</code> defines the following codes:</p><table class=\"codes\"><tr><td style=\"white-space:nowrap\"><b>Code</b></td><td><b>Display</b></td></tr><tr><td style=\"white-space:nowrap\">DELAIMIN<a name=\"siph-paramposoconditionnelle-oncofair-codesystem-DELAIMIN\"> </a></td><td>Délai minimal entre deux prises ou injections</td></tr><tr><td style=\"white-space:nowrap\">DOSEMAXP<a name=\"siph-paramposoconditionnelle-oncofair-codesystem-DOSEMAXP\"> </a></td><td>Dose maximale par prise</td></tr><tr><td style=\"white-space:nowrap\">DOSEMAXJ<a name=\"siph-paramposoconditionnelle-oncofair-codesystem-DOSEMAXJ\"> </a></td><td>Dose maximale par 24h</td></tr><tr><td style=\"white-space:nowrap\">DEBITMAX<a name=\"siph-paramposoconditionnelle-oncofair-codesystem-DEBITMAX\"> </a></td><td>Débit maximal</td></tr><tr><td style=\"white-space:nowrap\">DUREEMIN<a name=\"siph-paramposoconditionnelle-oncofair-codesystem-DUREEMIN\"> </a></td><td>Durée d'injection minimale</td></tr><tr><td style=\"white-space:nowrap\">DUREEMAX<a name=\"siph-paramposoconditionnelle-oncofair-codesystem-DUREEMAX\"> </a></td><td>Durée d'injection maximale</td></tr><tr><td style=\"white-space:nowrap\">DOSEMAXC<a name=\"siph-paramposoconditionnelle-oncofair-codesystem-DOSEMAXC\"> </a></td><td>Dose maximale cumulée</td></tr></table></div>"
  },
  "url" : "http://ltsi.univ-rennes.fr/CodeSystem/siph-paramposoconditionnelle-oncofair-codesystem",
  "version" : "0.1.0",
  "name" : "SIPhParamPosoConditionnelleOncoFAIRCodeSystem",
  "title" : "Paremètres posologie conditionnelle Code System",
  "status" : "draft",
  "experimental" : true,
  "date" : "2024-06-11T14:41:15+00:00",
  "publisher" : "DOMASIA team of the Signal and Image Processing Laboratory (LTSI) and KEREVAL",
  "contact" : [{
    "name" : "DOMASIA team of the Signal and Image Processing Laboratory (LTSI) and KEREVAL",
    "telecom" : [{
      "system" : "url",
      "value" : "https://ltsi.univ-rennes.fr"
    }]
  }],
  "description" : "Code system pour l'attribut ParamPosoConditionnelle",
  "caseSensitive" : true,
  "content" : "complete",
  "count" : 7,
  "concept" : [{
    "code" : "DELAIMIN",
    "display" : "Délai minimal entre deux prises ou injections"
  },
  {
    "code" : "DOSEMAXP",
    "display" : "Dose maximale par prise"
  },
  {
    "code" : "DOSEMAXJ",
    "display" : "Dose maximale par 24h"
  },
  {
    "code" : "DEBITMAX",
    "display" : "Débit maximal"
  },
  {
    "code" : "DUREEMIN",
    "display" : "Durée d'injection minimale"
  },
  {
    "code" : "DUREEMAX",
    "display" : "Durée d'injection maximale"
  },
  {
    "code" : "DOSEMAXC",
    "display" : "Dose maximale cumulée"
  }]
}