{
  "resourceType" : "CodeSystem",
  "id" : "siph-gonogo-oncofair-codesystem",
  "text" : {
    "status" : "generated",
    "div" : "<div xmlns=\"http://www.w3.org/1999/xhtml\"><p>This case-sensitive code system <code>http://ltsi.univ-rennes.fr/CodeSystem/siph-gonogo-oncofair-codesystem</code> defines the following codes:</p><table class=\"codes\"><tr><td style=\"white-space:nowrap\"><b>Code</b></td><td><b>Display</b></td></tr><tr><td style=\"white-space:nowrap\">NA<a name=\"siph-gonogo-oncofair-codesystem-NA\"> </a></td><td>Non applicable</td></tr><tr><td style=\"white-space:nowrap\">ATT<a name=\"siph-gonogo-oncofair-codesystem-ATT\"> </a></td><td>En attente</td></tr><tr><td style=\"white-space:nowrap\">PREP<a name=\"siph-gonogo-oncofair-codesystem-PREP\"> </a></td><td>A préparer</td></tr><tr><td style=\"white-space:nowrap\">GO<a name=\"siph-gonogo-oncofair-codesystem-GO\"> </a></td><td>Confirmé</td></tr><tr><td style=\"white-space:nowrap\">NOGO<a name=\"siph-gonogo-oncofair-codesystem-NOGO\"> </a></td><td>Annulé</td></tr></table></div>"
  },
  "url" : "http://ltsi.univ-rennes.fr/CodeSystem/siph-gonogo-oncofair-codesystem",
  "version" : "0.1.0",
  "name" : "SIPhgoNogoOncoFAIRCodeSystem",
  "title" : "goNogo Code System",
  "status" : "draft",
  "experimental" : true,
  "date" : "2024-06-21T13:36:06+00:00",
  "publisher" : "DOMASIA team of the Signal and Image Processing Laboratory (LTSI) and KEREVAL",
  "contact" : [{
    "name" : "DOMASIA team of the Signal and Image Processing Laboratory (LTSI) and KEREVAL",
    "telecom" : [{
      "system" : "url",
      "value" : "https://ltsi.univ-rennes.fr"
    }]
  }],
  "description" : "Code system pour l'attribut goNogo",
  "caseSensitive" : true,
  "content" : "complete",
  "count" : 5,
  "concept" : [{
    "code" : "NA",
    "display" : "Non applicable"
  },
  {
    "code" : "ATT",
    "display" : "En attente"
  },
  {
    "code" : "PREP",
    "display" : "A préparer"
  },
  {
    "code" : "GO",
    "display" : "Confirmé"
  },
  {
    "code" : "NOGO",
    "display" : "Annulé"
  }]
}