{
  "resourceType" : "Practitioner",
  "id" : "ExampleOncoFAIRPractitioner",
  "text" : {
    "status" : "generated",
    "div" : "<div xmlns=\"http://www.w3.org/1999/xhtml\"><p class=\"res-header-id\"><b>Generated Narrative: Practitioner ExampleOncoFAIRPractitioner</b></p><a name=\"ExampleOncoFAIRPractitioner\"> </a><a name=\"hcExampleOncoFAIRPractitioner\"> </a><a name=\"hcExampleOncoFAIRPractitioner-en-US\"> </a><p><b>identifier</b>: 12345</p></div>"
  },
  "identifier" : [{
    "value" : "12345"
  }]
}