{
  "resourceType" : "SearchParameter",
  "id" : "oncofair-sp-indication",
  "text" : {
    "status" : "generated",
    "div" : "<div xmlns=\"http://www.w3.org/1999/xhtml\"><p class=\"res-header-id\"><b>Generated Narrative: SearchParameter oncofair-sp-indication</b></p><a name=\"oncofair-sp-indication\"> </a><a name=\"hconcofair-sp-indication\"> </a><a name=\"hconcofair-sp-indication-en-US\"> </a><h2>OncoFAIRSPIndication</h2><p>Parameter <code>indication</code>:<code>string</code></p><div><p>Search for indications concerning the prescription item and the component prescribed or prescribed protocol</p>\n</div><table class=\"grid\"><tr><td>Resource</td><td><a href=\"http://hl7.org/fhir/R5/careplan.html\">CarePlan</a></td></tr><tr><td>Expression</td><td><code>MedicationRequest.note.where(id='indication').text | CarePlan.note.where(id='indication').text</code></td></tr><tr><td>Processing Mode</td><td>Normal</td></tr><tr><td>Multiples</td><td><ul><li>multipleAnd: It's up to the server whether the parameter may repeat in order to specify multiple values that must all be true</li><li>multipleOr: It's up to the server whether the parameter can have multiple values (separated by comma) where at least one must be true</li></ul></td></tr></table></div>"
  },
  "url" : "http://ltsi.univ-rennes.fr/SearchParameter/oncofair-sp-indication",
  "version" : "0.1.0",
  "name" : "OncoFAIRSPIndication",
  "status" : "active",
  "date" : "2024-07-01T10:02:25+00:00",
  "publisher" : "DOMASIA team of the Signal and Image Processing Laboratory (LTSI) and KEREVAL",
  "contact" : [{
    "name" : "DOMASIA team of the Signal and Image Processing Laboratory (LTSI) and KEREVAL",
    "telecom" : [{
      "system" : "url",
      "value" : "https://ltsi.univ-rennes.fr"
    }]
  }],
  "description" : "Search for indications concerning the prescription item and the component prescribed or prescribed protocol",
  "code" : "indication",
  "base" : ["CarePlan"],
  "type" : "string",
  "expression" : "MedicationRequest.note.where(id='indication').text | CarePlan.note.where(id='indication').text",
  "processingMode" : "normal"
}