{
  "resourceType" : "ValueSet",
  "id" : "siph-typeevenement-oncofair-valueset",
  "text" : {
    "status" : "generated",
    "div" : "<div xmlns=\"http://www.w3.org/1999/xhtml\"><p class=\"res-header-id\"><b>Generated Narrative: ValueSet siph-typeevenement-oncofair-valueset</b></p><a name=\"siph-typeevenement-oncofair-valueset\"> </a><a name=\"hcsiph-typeevenement-oncofair-valueset\"> </a><a name=\"hcsiph-typeevenement-oncofair-valueset-en-US\"> </a><ul><li>Include all codes defined in <a href=\"CodeSystem-siph-typeevenement-oncofair-codesystem.html\"><code>http://ltsi.univ-rennes.fr/CodeSystem/siph-typeevenement-oncofair-codesystem</code></a></li></ul></div>"
  },
  "url" : "http://ltsi.univ-rennes.fr/ValueSet/siph-typeevenement-oncofair-valueset",
  "version" : "0.1.0",
  "name" : "SIPhTypeEvenementOncoFAIRValueSet",
  "title" : "Type de l'évènement Value Set",
  "status" : "draft",
  "experimental" : true,
  "date" : "2024-07-09T15:05:31+00:00",
  "publisher" : "DOMASIA team of the Signal and Image Processing Laboratory (LTSI) and KEREVAL",
  "contact" : [{
    "name" : "DOMASIA team of the Signal and Image Processing Laboratory (LTSI) and KEREVAL",
    "telecom" : [{
      "system" : "url",
      "value" : "https://ltsi.univ-rennes.fr"
    }]
  }],
  "description" : "Value Set pour TypeEvenement",
  "compose" : {
    "include" : [{
      "system" : "http://ltsi.univ-rennes.fr/CodeSystem/siph-typeevenement-oncofair-codesystem"
    }]
  }
}