{
  "resourceType" : "ValueSet",
  "id" : "Topography",
  "text" : {
    "status" : "generated",
    "div" : "<div xmlns=\"http://www.w3.org/1999/xhtml\"><p class=\"res-header-id\"><b>Generated Narrative: ValueSet Topography</b></p><a name=\"Topography\"> </a><a name=\"hcTopography\"> </a><a name=\"Topography-en-US\"> </a><ul><li>Include these codes as defined in <a href=\"http://terminology.hl7.org/6.0.2/CodeSystem-icd-o-3.html\"><code>http://terminology.hl7.org/CodeSystem/icd-o-3</code></a><table class=\"none\"><tr><td style=\"white-space:nowrap\"><b>Code</b></td><td><b>Display</b></td></tr><tr><td>C00</td><td>LIP</td></tr><tr><td>C00.0</td><td>External upper lip</td></tr><tr><td>C00.1</td><td>External lower lip</td></tr><tr><td>C00.2</td><td>External lip, NOS</td></tr><tr><td>C00.3</td><td>Mucosa of upper lip</td></tr><tr><td>C00.4</td><td>Mucosa of lower lip</td></tr><tr><td>C00.5</td><td>Mucosa of lip, NOS</td></tr><tr><td>C00.6</td><td>Commissure of lip</td></tr><tr><td>C00.8</td><td>Overlapping lesion of lip</td></tr><tr><td>C00.9</td><td>Lip, NOS</td></tr><tr><td>C01</td><td>BASE OF TONGUE</td></tr><tr><td>C01.9</td><td>Base of tongue, NOS</td></tr><tr><td>C02</td><td>OTHER AND UNSPECIFIED PARTS OF TONGUE</td></tr><tr><td>C02.0</td><td>Dorsal surface of tongue, NOS</td></tr><tr><td>C02.1</td><td>Border of tongue</td></tr><tr><td>C02.2</td><td>Ventral surface of tongue, NOS</td></tr><tr><td>C02.3</td><td>Anterior 2/3 of tongue, NOS</td></tr><tr><td>C02.4</td><td>Lingual tonsil</td></tr><tr><td>C02.8</td><td>Overlapping lesion of tongue</td></tr><tr><td>C02.9</td><td>Tongue, NOS</td></tr><tr><td>C03</td><td>GUM</td></tr><tr><td>C03.0</td><td>Upper gum</td></tr><tr><td>C03.1</td><td>Lower gum</td></tr><tr><td>C03.9</td><td>Gum, NOS</td></tr><tr><td>C04</td><td>FLOOR OF MOUTH</td></tr><tr><td>C04.0</td><td>Anterior floor of mouth</td></tr><tr><td>C04.1</td><td>Lateral floor of mouth</td></tr><tr><td>C04.8</td><td>Overlapping lesion of floor of mouth</td></tr><tr><td>C04.9</td><td>Floor of mouth, NOS</td></tr><tr><td>C05</td><td>PALATE</td></tr><tr><td>C05.0</td><td>Hard palate</td></tr><tr><td>C05.1</td><td>Soft palate, NOS</td></tr><tr><td>C05.2</td><td>Uvula</td></tr><tr><td>C05.8</td><td>Overlapping lesion of palate</td></tr><tr><td>C05.9</td><td>Palate, NOS</td></tr><tr><td>C06</td><td>OTHER AND UNSPECIFIED PARTS OF MOUTH</td></tr><tr><td>C06.0</td><td>Cheek mucosa</td></tr><tr><td>C06.1</td><td>Vestibule of mouth</td></tr><tr><td>C06.2</td><td>Retromolar area</td></tr><tr><td>C06.8</td><td>Overlapping lesion of other and unspecified parts of mouth</td></tr><tr><td>C06.9</td><td>Mouth, NOS</td></tr><tr><td>C07</td><td>PAROTID GLAND</td></tr><tr><td>C07.9</td><td>Parotid gland</td></tr><tr><td>C08</td><td>OTHER AND UNSPECIFIED MAJOR SALIVARY GLANDS</td></tr><tr><td>C08.0</td><td>Submandibular gland</td></tr><tr><td>C08.1</td><td>Sublingual gland</td></tr><tr><td>C08.8</td><td>Overlapping lesion of major salivary glands</td></tr><tr><td>C08.9</td><td>Major salivary gland, NOS</td></tr><tr><td>C09</td><td>TONSIL</td></tr><tr><td>C09.0</td><td>Tonsillar fossa</td></tr><tr><td>C09.1</td><td>Tonsillar pillar</td></tr><tr><td>C09.8</td><td>Overlapping lesion of tonsil</td></tr><tr><td>C09.9</td><td>Tonsil, NOS</td></tr><tr><td>C10</td><td>OROPHARYNX</td></tr><tr><td>C10.0</td><td>Vallecula</td></tr><tr><td>C10.1</td><td>Anterior surface of epiglottis</td></tr><tr><td>C10.2</td><td>Lateral wall of oropharynx</td></tr><tr><td>C10.3</td><td>Posterior wall of oropharynx</td></tr><tr><td>C10.4</td><td>Branchial cleft</td></tr><tr><td>C10.8</td><td>Overlapping lesion of oropharynx</td></tr><tr><td>C10.9</td><td>Oropharynx, NOS</td></tr><tr><td>C11</td><td>NASOPHARYNX</td></tr><tr><td>C11.0</td><td>Superior wall of nasopharynx</td></tr><tr><td>C11.1</td><td>Posterior wall of nasopharynx</td></tr><tr><td>C11.2</td><td>Lateral wall of nasopharynx</td></tr><tr><td>C11.3</td><td>Anterior wall of nasopharynx</td></tr><tr><td>C11.8</td><td>Overlapping lesion of nasopharynx</td></tr><tr><td>C11.9</td><td>Nasopharynx, NOS</td></tr><tr><td>C12</td><td>PYRIFORM SINUS</td></tr><tr><td>C12.9</td><td>Pyriform sinus</td></tr><tr><td>C13</td><td>HYPOPHARYNX</td></tr><tr><td>C13.0</td><td>Postcricoid region</td></tr><tr><td>C13.1</td><td>Hypopharyngeal aspect of aryepiglottic fold</td></tr><tr><td>C13.2</td><td>Posterior wall of hypopharynx</td></tr><tr><td>C13.8</td><td>Overlapping lesion of hypopharynx</td></tr><tr><td>C13.9</td><td>Hypopharynx, NOS</td></tr><tr><td>C14</td><td>OTHER AND ILL-DEFINED SITES IN LIP, ORAL CAVITY AND PHARYNX</td></tr><tr><td>C14.0</td><td>Pharynx, NOS</td></tr><tr><td>C14.2</td><td>Waldeyer ring</td></tr><tr><td>C14.8</td><td>Overlapping lesion of lip, oral cavity and pharynx</td></tr><tr><td>C15</td><td>ESOPHAGUS</td></tr><tr><td>C15.0</td><td>Cervical esophagus</td></tr><tr><td>C15.1</td><td>Thoracic esophagus</td></tr><tr><td>C15.2</td><td>Abdominal esophagus</td></tr><tr><td>C15.3</td><td>Upper third of esophagus</td></tr><tr><td>C15.4</td><td>Middle third of esophagus</td></tr><tr><td>C15.5</td><td>Lower third of esophagus</td></tr><tr><td>C15.8</td><td>Overlapping lesion of esophagus</td></tr><tr><td>C15.9</td><td>Esophagus, NOS</td></tr><tr><td>C16</td><td>STOMACH</td></tr><tr><td>C16.0</td><td>Cardia, NOS</td></tr><tr><td>C16.1</td><td>Fundus of stomach</td></tr><tr><td>C16.2</td><td>Body of stomach</td></tr><tr><td>C16.3</td><td>Gastric antrum</td></tr><tr><td>C16.4</td><td>Pylorus</td></tr><tr><td>C16.5</td><td>Lesser curvature of stomach, NOS</td></tr><tr><td>C16.6</td><td>Greater curvature of stomach, NOS</td></tr><tr><td>C16.8</td><td>Overlapping lesion of stomach</td></tr><tr><td>C16.9</td><td>Stomach, NOS</td></tr><tr><td>C17</td><td>SMALL INTESTINE</td></tr><tr><td>C17.0</td><td>Duodenum</td></tr><tr><td>C17.1</td><td>Jejunum</td></tr><tr><td>C17.2</td><td>Ileum</td></tr><tr><td>C17.3</td><td>Meckel diverticulum</td></tr><tr><td>C17.8</td><td>Overlapping lesion of smallintestine</td></tr><tr><td>C17.9</td><td>Small intestine, NOS</td></tr><tr><td>C18</td><td>COLON</td></tr><tr><td>C18.0</td><td>Cecum</td></tr><tr><td>C18.1</td><td>Appendix</td></tr><tr><td>C18.2</td><td>Ascending colon</td></tr><tr><td>C18.3</td><td>Hepatic flexure of colon</td></tr><tr><td>C18.4</td><td>Transverse colon</td></tr><tr><td>C18.5</td><td>Splenic flexure of colon</td></tr><tr><td>C18.6</td><td>Descending colon</td></tr><tr><td>C18.7</td><td>Sigmoid colon</td></tr><tr><td>C18.8</td><td>Overlapping lesion of colon</td></tr><tr><td>C18.9</td><td>Colon, NOS</td></tr><tr><td>C19</td><td>RECTOSIGMOID JUNCTION</td></tr><tr><td>C19.9</td><td>Rectosigmoid junction</td></tr><tr><td>C20</td><td>RECTUM</td></tr><tr><td>C20.9</td><td>Rectum, NOS</td></tr><tr><td>C21</td><td>ANUS AND ANAL CANAL</td></tr><tr><td>C21.0</td><td>Anus, NOS</td></tr><tr><td>C21.1</td><td>Anal canal</td></tr><tr><td>C21.2</td><td>Cloacogenic zone</td></tr><tr><td>C21.8</td><td>Overlapping lesion of rectum, anus and anal canal</td></tr><tr><td>C22</td><td>LIVER AND INTRAHEPATIC BILE DUCTS</td></tr><tr><td>C22.0</td><td>Liver</td></tr><tr><td>C22.1</td><td>Intrahepatic bile duct</td></tr><tr><td>C23</td><td>   GALLBLADDER</td></tr><tr><td>C23.9</td><td>Gallbladder</td></tr><tr><td>C24</td><td>OTHER AND UNSPECIFIED PARTS OF BILIARY TRACT</td></tr><tr><td>C24.0</td><td>Extrahepatic bile duct</td></tr><tr><td>C24.1</td><td>Ampulla of Vater</td></tr><tr><td>C24.8</td><td>Overlapping lesion of biliary tract Note:</td></tr><tr><td>C24.9</td><td>Biliary tract, NOS</td></tr><tr><td>C25</td><td>PANCREAS</td></tr><tr><td>C25.0</td><td>Head of pancreas</td></tr><tr><td>C25.1</td><td>Body of pancreas</td></tr><tr><td>C25.2</td><td>Tail of pancreas</td></tr><tr><td>C25.3</td><td>Pancreatic duct</td></tr><tr><td>C25.4</td><td>Islets of Langerhans</td></tr><tr><td>C25.7</td><td>Other specified parts of pancreas</td></tr><tr><td>C25.8</td><td>Overlapping lesion of pancreas</td></tr><tr><td>C25.9</td><td>Pancreas, NOS</td></tr><tr><td>C26</td><td>OTHER AND ILL-DEFINED DIGESTIVE ORGANS</td></tr><tr><td>C26.0</td><td>Intestinal tract, NOS</td></tr><tr><td>C26.8</td><td>Overlapping lesion of digestive system</td></tr><tr><td>C26.9</td><td>Gastrointestinal tract, NOS</td></tr><tr><td>C30</td><td>NASAL CAVITY AND MIDDLE EAR</td></tr><tr><td>C30.0</td><td>Nasal cavity</td></tr><tr><td>C30.1</td><td>Middle ear</td></tr><tr><td>C31</td><td>ACCESSORY SINUSES</td></tr><tr><td>C31.0</td><td>Maxillary sinus</td></tr><tr><td>C31.1</td><td>Ethmoid sinus</td></tr><tr><td>C31.2</td><td>Frontal sinus</td></tr><tr><td>C31.3</td><td>Sphenoid sinus</td></tr><tr><td>C31.8</td><td>Overlapping lesion of accessory sinuses</td></tr><tr><td>C31.9</td><td>Accessory sinus, NOS</td></tr><tr><td>C32</td><td>LARYNX</td></tr><tr><td>C32.0</td><td>Glottis</td></tr><tr><td>C32.1</td><td>Supraglottis</td></tr><tr><td>C32.2</td><td>Subglottis</td></tr><tr><td>C32.3</td><td>Laryngeal cartilage</td></tr><tr><td>C32.8</td><td>Overlapping lesion of larynx</td></tr><tr><td>C32.9</td><td>Larynx, NOS</td></tr><tr><td>C33</td><td>TRACHEA</td></tr><tr><td>C33.9</td><td>Trachea</td></tr><tr><td>C34</td><td>BRONCHUS AND LUNG</td></tr><tr><td>C34.0</td><td>Main bronchus</td></tr><tr><td>C34.1</td><td>Upper lobe, lung</td></tr><tr><td>C34.2</td><td>Middle lobe, lung</td></tr><tr><td>C34.3</td><td>Lower lobe, lung</td></tr><tr><td>C34.8</td><td>Overlapping lesion of lung</td></tr><tr><td>C34.9</td><td>Lung, NOS</td></tr><tr><td>C37</td><td>THYMUS</td></tr><tr><td>C37.9</td><td>Thymus</td></tr><tr><td>C38</td><td>HEART, MEDIASTINUM, AND PLEURA</td></tr><tr><td>C38.0</td><td>Heart</td></tr><tr><td>C38.1</td><td>Anterior mediastinum</td></tr><tr><td>C38.2</td><td>Posterior mediastinum</td></tr><tr><td>C38.3</td><td>Mediastinum, NOS</td></tr><tr><td>C38.4</td><td>Pleura, NOS</td></tr><tr><td>C38.8</td><td>Overlapping lesion of heart, mediastinum and pleura</td></tr><tr><td>C39</td><td>OTHER AND ILL-DEFINED SITES WITHIN RESPIRATORY SYSTEM AND INTRATHORACIC ORGANS</td></tr><tr><td>C39.0</td><td>Upper respiratory tract, NOS</td></tr><tr><td>C39.8</td><td>Overlapping lesion of respiratory system and intrathoracic organs</td></tr><tr><td>C39.9</td><td>Ill-defined sites within respiratory system</td></tr><tr><td>C40</td><td>BONES, JOINTS AND ARTICULAR CARTILAGE OF LIMBS</td></tr><tr><td>C40.0</td><td>Long bones of upper limb, scapula and associated joints</td></tr><tr><td>C40.1</td><td>Short bones of upper limb and associated joints</td></tr><tr><td>C40.2</td><td>Long bones of lower limb and associated joints</td></tr><tr><td>C40.3</td><td>Short bones of lower limb and associated joints</td></tr><tr><td>C40.8</td><td>Overlapping lesion of bones, joints and articular cartilage of limbs</td></tr><tr><td>C40.9</td><td>Bone of limb, NOS</td></tr><tr><td>C41</td><td>BONES, JOINTS AND ARTICULAR CARTILAGE OF OTHER AND UNSPECIFIED SITES</td></tr><tr><td>C41.0</td><td>Bones of skull and face and associated joints</td></tr><tr><td>C41.1</td><td>Mandible</td></tr><tr><td>C41.2</td><td>Vertebral column</td></tr><tr><td>C41.3</td><td>Rib, sternum, clavicle and associated joints</td></tr><tr><td>C41.4</td><td>Pelvic bones, sacrum, coccyx and associated joints</td></tr><tr><td>C41.8</td><td>Overlapping lesion of bones, joints and articular cartilage</td></tr><tr><td>C41.9</td><td>Bone, NOS</td></tr><tr><td>C42</td><td>HEMATOPOIETIC AND RETICULOENDOTHELIAL SYSTEMS</td></tr><tr><td>C42.0</td><td>Blood</td></tr><tr><td>C42.1</td><td>Bone marrow</td></tr><tr><td>C42.2</td><td>Spleen</td></tr><tr><td>C42.3</td><td>Reticuloendothelial system,NOS</td></tr><tr><td>C42.4</td><td>Hematopoietic system, NOS</td></tr><tr><td>C44</td><td>SKIN</td></tr><tr><td>C44.0</td><td>Skin of lip, NOS</td></tr><tr><td>C44.1</td><td>Eyelid</td></tr><tr><td>C44.2</td><td>External ear</td></tr><tr><td>C44.3</td><td>Skin of other and unspecified parts of face</td></tr><tr><td>C44.4</td><td>Skin of scalp and neck</td></tr><tr><td>C44.5</td><td>Skin of trunk</td></tr><tr><td>C44.6</td><td>Skin of upper limb and shoulder</td></tr><tr><td>C44.7</td><td>Skin of lower limb and hip</td></tr><tr><td>C44.8</td><td>Overlapping lesion of skin</td></tr><tr><td>C44.9</td><td>Skin, NOS</td></tr><tr><td>C47</td><td>PERIPHERAL NERVES AND AUTONOMIC NERVOUS SYSTEM</td></tr><tr><td>C47.0</td><td>Peripheral nerves and autonomic nervous system of head, face, and neck</td></tr><tr><td>C47.1</td><td>Peripheral nerves and autonomic nervous system of upper limb and shoulder</td></tr><tr><td>C47.2</td><td>Peripheral nerves and autonomic nervous system of lower limband hip</td></tr><tr><td>C47.3</td><td>Peripheral nerves and autonomic nervous system of thorax</td></tr><tr><td>C47.4</td><td>Peripheral nerves and autonomic nervous system of abdomen</td></tr><tr><td>C47.5</td><td>Peripheral nerves and autonomic nervous system of pelvis</td></tr><tr><td>C47.6</td><td>Peripheral nerves and autonomic nervous system of trunk, NOS</td></tr><tr><td>C47.8</td><td>Overlapping lesion of peripheral nerves and autonomic nervous system</td></tr><tr><td>C47.9</td><td>Autonomic nervous system, NOS</td></tr><tr><td>C48</td><td>RETROPERITONEUM AND PERITONEUM</td></tr><tr><td>C48.0</td><td>Retroperitoneum</td></tr><tr><td>C48.1</td><td>Specified parts of peritoneum</td></tr><tr><td>C48.2</td><td>Peritoneum, NOS</td></tr><tr><td>C48.8</td><td>Overlapping lesion of retroperitoneum and peritoneum</td></tr><tr><td>C49</td><td>CONNECTIVE, SUBCUTANEOUS AND OTHER SOFT TISSUES</td></tr><tr><td>C49.0</td><td>Connective, subcutaneous and other soft tissues of head, face, and neck</td></tr><tr><td>C49.1</td><td>Connective, subcutaneous and other soft tissues of upper limb and shoulder</td></tr><tr><td>C49.2</td><td>Connective, subcutaneous and other soft tissues of lower limb and hip</td></tr><tr><td>C49.3</td><td>Connective, subcutaneous and other soft tissues of thorax</td></tr><tr><td>C49.4</td><td>Connective, subcutaneous and other soft tissues of abdomen</td></tr><tr><td>C49.5</td><td>Connective, subcutaneous and other soft tissues of pelvis</td></tr><tr><td>C49.6</td><td>Connective, subcutaneous and other soft tissues of trunk NOS</td></tr><tr><td>C49.8</td><td>Overlapping lesion of connective, subcutaneous and other soft tissues</td></tr><tr><td>C49.9</td><td>Connective, subcutaneous and other soft tissues, NOS</td></tr><tr><td>C50</td><td>BREAST</td></tr><tr><td>C50.0</td><td>Nipple</td></tr><tr><td>C50.1</td><td>Central portion of breast</td></tr><tr><td>C50.2</td><td>Upper-inner quadrant of breast</td></tr><tr><td>C50.3</td><td>Lower-inner quadrant of breast</td></tr><tr><td>C50.4</td><td>Upper-outer quadrant of breast</td></tr><tr><td>C50.5</td><td>Lower-outer quadrant of breast</td></tr><tr><td>C50.6</td><td>Axillary tail of breast</td></tr><tr><td>C50.8</td><td>Overlapping lesion of breast</td></tr><tr><td>C50.9</td><td>Breast, NOS</td></tr><tr><td>C51</td><td>VULVA</td></tr><tr><td>C51.0</td><td>Labium majus</td></tr><tr><td>C51.1</td><td>Labium minus</td></tr><tr><td>C51.2</td><td>Clitoris</td></tr><tr><td>C51.8</td><td>Overlapping lesion of vulva</td></tr><tr><td>C51.9</td><td>Vulva, NOS</td></tr><tr><td>C52</td><td>VAGINA</td></tr><tr><td>C52.9</td><td>Vagina, NOS</td></tr><tr><td>C53</td><td>CERVIX UTERI</td></tr><tr><td>C53.0</td><td>Endocervix</td></tr><tr><td>C53.1</td><td>Exocervix</td></tr><tr><td>C53.8</td><td>Overlapping lesion of cervix uteri</td></tr><tr><td>C53.9</td><td>Cervix uteri</td></tr><tr><td>C54</td><td>CORPUS UTERI</td></tr><tr><td>C54.0</td><td>Isthmus uteri</td></tr><tr><td>C54.1</td><td>Endometrium</td></tr><tr><td>C54.2</td><td>Myometrium</td></tr><tr><td>C54.3</td><td>Fundus uteri</td></tr><tr><td>C54.8</td><td>Overlapping lesion of corpus uteri</td></tr><tr><td>C54.9</td><td>Corpus uteri</td></tr><tr><td>C55</td><td>UTERUS, NOS</td></tr><tr><td>C55.9</td><td>Uterus, NOS</td></tr><tr><td>C56</td><td>OVARY</td></tr><tr><td>C56.9</td><td>Ovary</td></tr><tr><td>C57</td><td>OTHER AND UNSPECIFIED FEMALE GENITAL ORGANS</td></tr><tr><td>C57.0</td><td>Fallopian tube</td></tr><tr><td>C57.1</td><td>Broad ligament</td></tr><tr><td>C57.2</td><td>Round ligament</td></tr><tr><td>C57.3</td><td>Parametrium</td></tr><tr><td>C57.4</td><td>Uterine adnexa</td></tr><tr><td>C57.7</td><td>Other specified parts of female genital organs</td></tr><tr><td>C57.8</td><td>Overlapping lesion of female genital organs</td></tr><tr><td>C57.9</td><td>Female genital tract, NOS</td></tr><tr><td>C58</td><td>PLACENTA</td></tr><tr><td>C58.9</td><td>Placenta</td></tr><tr><td>C60</td><td>PENIS</td></tr><tr><td>C60.0</td><td>Prepuce</td></tr><tr><td>C60.1</td><td>Glans penis</td></tr><tr><td>C60.2</td><td>Body of penis</td></tr><tr><td>C60.8</td><td>Overlapping lesion of penis</td></tr><tr><td>C60.9</td><td>Penis, NOS</td></tr><tr><td>C61</td><td>PROSTATE GLAND</td></tr><tr><td>C61.9</td><td>Prostate gland</td></tr><tr><td>C62</td><td>TESTIS</td></tr><tr><td>C62.0</td><td>Undescended testis</td></tr><tr><td>C62.1</td><td>Descended testis</td></tr><tr><td>C62.9</td><td>Testis, NOS</td></tr><tr><td>C63</td><td>OTHER AND UNSPECIFIED MALE GENITAL ORGANS</td></tr><tr><td>C63.0</td><td>Epididymis</td></tr><tr><td>C63.1</td><td>Spermatic cord</td></tr><tr><td>C63.2</td><td>Scrotum, NOS</td></tr><tr><td>C63.7</td><td>Other specified parts of male genital organs</td></tr><tr><td>C63.8</td><td>Overlapping lesion of male genital organs Note:</td></tr><tr><td>C63.9</td><td>Male genital organs, NOS</td></tr><tr><td>C64</td><td>KIDNEY</td></tr><tr><td>C64.9</td><td>Kidney, NOS</td></tr><tr><td>C65</td><td>RENAL PELVIS</td></tr><tr><td>C65.9</td><td>Renal pelvis</td></tr><tr><td>C66</td><td>URETER</td></tr><tr><td>C66.9</td><td>Ureter</td></tr><tr><td>C67</td><td>BLADDER</td></tr><tr><td>C67.0</td><td>Trigone of bladder</td></tr><tr><td>C67.1</td><td>Dome of bladder</td></tr><tr><td>C67.2</td><td>Lateral wall of bladder</td></tr><tr><td>C67.3</td><td>Anterior wall of bladder</td></tr><tr><td>C67.4</td><td>Posterior wall of bladder</td></tr><tr><td>C67.5</td><td>Bladder neck</td></tr><tr><td>C67.6</td><td>Ureteric orifice</td></tr><tr><td>C67.7</td><td>Urachus</td></tr><tr><td>C67.8</td><td>Overlapping lesion of bladder</td></tr><tr><td>C67.9</td><td>Bladder, NOS</td></tr><tr><td>C68</td><td>OTHER AND UNSPECIFIED URINARY ORGANS</td></tr><tr><td>C68.0</td><td>Urethra</td></tr><tr><td>C68.1</td><td>Paraurethral gland</td></tr><tr><td>C68.8</td><td>Overlapping lesion of urinary organs</td></tr><tr><td>C68.9</td><td>Urinary system, NOS</td></tr><tr><td>C69</td><td>EYE AND ADNEXA</td></tr><tr><td>C69.0</td><td>Conjunctiva</td></tr><tr><td>C69.1</td><td>Cornea, NOS</td></tr><tr><td>C69.2</td><td>Retina</td></tr><tr><td>C69.3</td><td>Choroid</td></tr><tr><td>C69.4</td><td>Ciliary body</td></tr><tr><td>C69.5</td><td>Lacrimal gland</td></tr><tr><td>C69.6</td><td>Orbit, NOS</td></tr><tr><td>C69.8</td><td>Overlapping lesion of eye and adnexa</td></tr><tr><td>C69.9</td><td>Eye, NOS</td></tr><tr><td>C70</td><td>MENINGES</td></tr><tr><td>C70.0</td><td>Cerebral meninges</td></tr><tr><td>C70.1</td><td>Spinal meninges</td></tr><tr><td>C70.9</td><td>Meninges, NOS</td></tr><tr><td>C71</td><td>BRAIN</td></tr><tr><td>C71.0</td><td>Cerebrum</td></tr><tr><td>C71.1</td><td>Frontal lobe</td></tr><tr><td>C71.2</td><td>Temporal lobe</td></tr><tr><td>C71.3</td><td>Parietal lobe</td></tr><tr><td>C71.4</td><td>Occipital lobe</td></tr><tr><td>C71.5</td><td>Ventricle, NOS</td></tr><tr><td>C71.6</td><td>Cerebellum, NOS</td></tr><tr><td>C71.7</td><td>Brain stem</td></tr><tr><td>C71.8</td><td>Overlapping lesion of brain</td></tr><tr><td>C71.9</td><td>Brain, NOS</td></tr><tr><td>C72</td><td>SPINAL CORD, CRANIAL NERVES, AND OTHER PARTS OF CENTRAL NERVOUS SYSTEM</td></tr><tr><td>C72.0</td><td>Spinal cord</td></tr><tr><td>C72.1</td><td>Cauda equina</td></tr><tr><td>C72.2</td><td>Olfactory nerve</td></tr><tr><td>C72.3</td><td>Optic nerve</td></tr><tr><td>C72.4</td><td>Acoustic nerve</td></tr><tr><td>C72.5</td><td>Cranial nerve, NOS</td></tr><tr><td>C72.8</td><td>Overlapping lesion of brain and central nervous system</td></tr><tr><td>C72.9</td><td>Nervous system, NOS</td></tr><tr><td>C73</td><td>THYROID GLAND</td></tr><tr><td>C73.9</td><td>Thyroid gland</td></tr><tr><td>C74</td><td>ADRENAL GLAND</td></tr><tr><td>C74.0</td><td>Cortex of adrenal gland</td></tr><tr><td>C74.1</td><td>Medulla of adrenal gland</td></tr><tr><td>C74.9</td><td>Adrenal gland, NOS</td></tr><tr><td>C75</td><td>OTHER ENDOCRINE GLANDS AND RELATED STRUCTURES</td></tr><tr><td>C75.0</td><td>Parathyroid gland</td></tr><tr><td>C75.1</td><td>Pituitary gland</td></tr><tr><td>C75.2</td><td>Craniopharyngeal duct</td></tr><tr><td>C75.3</td><td>Pineal gland</td></tr><tr><td>C75.4</td><td>Carotid body</td></tr><tr><td>C75.5</td><td>Aortic body and other paraganglia</td></tr><tr><td>C75.8</td><td>Overlapping lesion of endocrine glands and related structures</td></tr><tr><td>C75.9</td><td>Endocrine gland, NOS</td></tr><tr><td>C76</td><td>OTHER AND ILL-DEFINED SITES</td></tr><tr><td>C76.0</td><td>Head, face or neck, NOS</td></tr><tr><td>C76.1</td><td>Thorax, NOS</td></tr><tr><td>C76.2</td><td>Abdomen, NOS</td></tr><tr><td>C76.3</td><td>Pelvis, NOS</td></tr><tr><td>C76.4</td><td>Upper limb, NOS</td></tr><tr><td>C76.5</td><td>Lower limb, NOS</td></tr><tr><td>C76.7</td><td>Other ill-defined sites</td></tr><tr><td>C76.8</td><td>Overlapping lesion of ill-defined sites</td></tr><tr><td>C77</td><td>LYMPH NODES</td></tr><tr><td>C77.0</td><td>Lymph nodes of head, face and neck</td></tr><tr><td>C77.1</td><td>Intrathoracic lymph nodes</td></tr><tr><td>C77.2</td><td>Intra-abdominal lymph nodes</td></tr><tr><td>C77.3</td><td>Lymph nodes of axilla or arm</td></tr><tr><td>C77.4</td><td>Lymph nodes of inguinal region or leg</td></tr><tr><td>C77.5</td><td>Pelvic lymph nodes</td></tr><tr><td>C77.8</td><td>Lymph nodes of multiple regions</td></tr><tr><td>C77.9</td><td>Lymph node, NOS</td></tr><tr><td>C80</td><td>UNKNOWN PRIMARY SITE</td></tr><tr><td>C80.9</td><td>Unknown primary site</td></tr></table></li></ul></div>"
  },
  "url" : "http://ltsi.univ-rennes.fr/ValueSet/Topography",
  "version" : "0.1.0",
  "name" : "Topography",
  "title" : "Topography Value Set",
  "status" : "draft",
  "date" : "2024-07-30T09:18:29+00:00",
  "publisher" : "DOMASIA team of the Signal and Image Processing Laboratory (LTSI) and KEREVAL",
  "contact" : [{
    "name" : "DOMASIA team of the Signal and Image Processing Laboratory (LTSI) and KEREVAL",
    "telecom" : [{
      "system" : "url",
      "value" : "https://ltsi.univ-rennes.fr"
    }]
  }],
  "description" : "Cancer topography",
  "compose" : {
    "include" : [{
      "system" : "http://terminology.hl7.org/CodeSystem/icd-o-3",
      "concept" : [{
        "code" : "C00",
        "display" : "LIP"
      },
      {
        "code" : "C00.0",
        "display" : "External upper lip"
      },
      {
        "code" : "C00.1",
        "display" : "External lower lip"
      },
      {
        "code" : "C00.2",
        "display" : "External lip, NOS"
      },
      {
        "code" : "C00.3",
        "display" : "Mucosa of upper lip"
      },
      {
        "code" : "C00.4",
        "display" : "Mucosa of lower lip"
      },
      {
        "code" : "C00.5",
        "display" : "Mucosa of lip, NOS"
      },
      {
        "code" : "C00.6",
        "display" : "Commissure of lip"
      },
      {
        "code" : "C00.8",
        "display" : "Overlapping lesion of lip"
      },
      {
        "code" : "C00.9",
        "display" : "Lip, NOS"
      },
      {
        "code" : "C01",
        "display" : "BASE OF TONGUE"
      },
      {
        "code" : "C01.9",
        "display" : "Base of tongue, NOS"
      },
      {
        "code" : "C02",
        "display" : "OTHER AND UNSPECIFIED PARTS OF TONGUE"
      },
      {
        "code" : "C02.0",
        "display" : "Dorsal surface of tongue, NOS"
      },
      {
        "code" : "C02.1",
        "display" : "Border of tongue"
      },
      {
        "code" : "C02.2",
        "display" : "Ventral surface of tongue, NOS"
      },
      {
        "code" : "C02.3",
        "display" : "Anterior 2/3 of tongue, NOS"
      },
      {
        "code" : "C02.4",
        "display" : "Lingual tonsil"
      },
      {
        "code" : "C02.8",
        "display" : "Overlapping lesion of tongue"
      },
      {
        "code" : "C02.9",
        "display" : "Tongue, NOS"
      },
      {
        "code" : "C03",
        "display" : "GUM"
      },
      {
        "code" : "C03.0",
        "display" : "Upper gum"
      },
      {
        "code" : "C03.1",
        "display" : "Lower gum"
      },
      {
        "code" : "C03.9",
        "display" : "Gum, NOS"
      },
      {
        "code" : "C04",
        "display" : "FLOOR OF MOUTH"
      },
      {
        "code" : "C04.0",
        "display" : "Anterior floor of mouth"
      },
      {
        "code" : "C04.1",
        "display" : "Lateral floor of mouth"
      },
      {
        "code" : "C04.8",
        "display" : "Overlapping lesion of floor of mouth"
      },
      {
        "code" : "C04.9",
        "display" : "Floor of mouth, NOS"
      },
      {
        "code" : "C05",
        "display" : "PALATE"
      },
      {
        "code" : "C05.0",
        "display" : "Hard palate"
      },
      {
        "code" : "C05.1",
        "display" : "Soft palate, NOS"
      },
      {
        "code" : "C05.2",
        "display" : "Uvula"
      },
      {
        "code" : "C05.8",
        "display" : "Overlapping lesion of palate"
      },
      {
        "code" : "C05.9",
        "display" : "Palate, NOS"
      },
      {
        "code" : "C06",
        "display" : "OTHER AND UNSPECIFIED PARTS OF MOUTH"
      },
      {
        "code" : "C06.0",
        "display" : "Cheek mucosa"
      },
      {
        "code" : "C06.1",
        "display" : "Vestibule of mouth"
      },
      {
        "code" : "C06.2",
        "display" : "Retromolar area"
      },
      {
        "code" : "C06.8",
        "display" : "Overlapping lesion of other and unspecified parts of mouth"
      },
      {
        "code" : "C06.9",
        "display" : "Mouth, NOS"
      },
      {
        "code" : "C07",
        "display" : "PAROTID GLAND"
      },
      {
        "code" : "C07.9",
        "display" : "Parotid gland"
      },
      {
        "code" : "C08",
        "display" : "OTHER AND UNSPECIFIED MAJOR SALIVARY GLANDS"
      },
      {
        "code" : "C08.0",
        "display" : "Submandibular gland"
      },
      {
        "code" : "C08.1",
        "display" : "Sublingual gland"
      },
      {
        "code" : "C08.8",
        "display" : "Overlapping lesion of major salivary glands"
      },
      {
        "code" : "C08.9",
        "display" : "Major salivary gland, NOS"
      },
      {
        "code" : "C09",
        "display" : "TONSIL"
      },
      {
        "code" : "C09.0",
        "display" : "Tonsillar fossa"
      },
      {
        "code" : "C09.1",
        "display" : "Tonsillar pillar"
      },
      {
        "code" : "C09.8",
        "display" : "Overlapping lesion of tonsil"
      },
      {
        "code" : "C09.9",
        "display" : "Tonsil, NOS"
      },
      {
        "code" : "C10",
        "display" : "OROPHARYNX"
      },
      {
        "code" : "C10.0",
        "display" : "Vallecula"
      },
      {
        "code" : "C10.1",
        "display" : "Anterior surface of epiglottis"
      },
      {
        "code" : "C10.2",
        "display" : "Lateral wall of oropharynx"
      },
      {
        "code" : "C10.3",
        "display" : "Posterior wall of oropharynx"
      },
      {
        "code" : "C10.4",
        "display" : "Branchial cleft"
      },
      {
        "code" : "C10.8",
        "display" : "Overlapping lesion of oropharynx"
      },
      {
        "code" : "C10.9",
        "display" : "Oropharynx, NOS"
      },
      {
        "code" : "C11",
        "display" : "NASOPHARYNX"
      },
      {
        "code" : "C11.0",
        "display" : "Superior wall of nasopharynx"
      },
      {
        "code" : "C11.1",
        "display" : "Posterior wall of nasopharynx"
      },
      {
        "code" : "C11.2",
        "display" : "Lateral wall of nasopharynx"
      },
      {
        "code" : "C11.3",
        "display" : "Anterior wall of nasopharynx"
      },
      {
        "code" : "C11.8",
        "display" : "Overlapping lesion of nasopharynx"
      },
      {
        "code" : "C11.9",
        "display" : "Nasopharynx, NOS"
      },
      {
        "code" : "C12",
        "display" : "PYRIFORM SINUS"
      },
      {
        "code" : "C12.9",
        "display" : "Pyriform sinus"
      },
      {
        "code" : "C13",
        "display" : "HYPOPHARYNX"
      },
      {
        "code" : "C13.0",
        "display" : "Postcricoid region"
      },
      {
        "code" : "C13.1",
        "display" : "Hypopharyngeal aspect of aryepiglottic fold"
      },
      {
        "code" : "C13.2",
        "display" : "Posterior wall of hypopharynx"
      },
      {
        "code" : "C13.8",
        "display" : "Overlapping lesion of hypopharynx"
      },
      {
        "code" : "C13.9",
        "display" : "Hypopharynx, NOS"
      },
      {
        "code" : "C14",
        "display" : "OTHER AND ILL-DEFINED SITES IN LIP, ORAL CAVITY AND PHARYNX"
      },
      {
        "code" : "C14.0",
        "display" : "Pharynx, NOS"
      },
      {
        "code" : "C14.2",
        "display" : "Waldeyer ring"
      },
      {
        "code" : "C14.8",
        "display" : "Overlapping lesion of lip, oral cavity and pharynx"
      },
      {
        "code" : "C15",
        "display" : "ESOPHAGUS"
      },
      {
        "code" : "C15.0",
        "display" : "Cervical esophagus"
      },
      {
        "code" : "C15.1",
        "display" : "Thoracic esophagus"
      },
      {
        "code" : "C15.2",
        "display" : "Abdominal esophagus"
      },
      {
        "code" : "C15.3",
        "display" : "Upper third of esophagus"
      },
      {
        "code" : "C15.4",
        "display" : "Middle third of esophagus"
      },
      {
        "code" : "C15.5",
        "display" : "Lower third of esophagus"
      },
      {
        "code" : "C15.8",
        "display" : "Overlapping lesion of esophagus"
      },
      {
        "code" : "C15.9",
        "display" : "Esophagus, NOS"
      },
      {
        "code" : "C16",
        "display" : "STOMACH"
      },
      {
        "code" : "C16.0",
        "display" : "Cardia, NOS"
      },
      {
        "code" : "C16.1",
        "display" : "Fundus of stomach"
      },
      {
        "code" : "C16.2",
        "display" : "Body of stomach"
      },
      {
        "code" : "C16.3",
        "display" : "Gastric antrum"
      },
      {
        "code" : "C16.4",
        "display" : "Pylorus"
      },
      {
        "code" : "C16.5",
        "display" : "Lesser curvature of stomach, NOS"
      },
      {
        "code" : "C16.6",
        "display" : "Greater curvature of stomach, NOS"
      },
      {
        "code" : "C16.8",
        "display" : "Overlapping lesion of stomach"
      },
      {
        "code" : "C16.9",
        "display" : "Stomach, NOS"
      },
      {
        "code" : "C17",
        "display" : "SMALL INTESTINE"
      },
      {
        "code" : "C17.0",
        "display" : "Duodenum"
      },
      {
        "code" : "C17.1",
        "display" : "Jejunum"
      },
      {
        "code" : "C17.2",
        "display" : "Ileum"
      },
      {
        "code" : "C17.3",
        "display" : "Meckel diverticulum"
      },
      {
        "code" : "C17.8",
        "display" : "Overlapping lesion of smallintestine"
      },
      {
        "code" : "C17.9",
        "display" : "Small intestine, NOS"
      },
      {
        "code" : "C18",
        "display" : "COLON"
      },
      {
        "code" : "C18.0",
        "display" : "Cecum"
      },
      {
        "code" : "C18.1",
        "display" : "Appendix"
      },
      {
        "code" : "C18.2",
        "display" : "Ascending colon"
      },
      {
        "code" : "C18.3",
        "display" : "Hepatic flexure of colon"
      },
      {
        "code" : "C18.4",
        "display" : "Transverse colon"
      },
      {
        "code" : "C18.5",
        "display" : "Splenic flexure of colon"
      },
      {
        "code" : "C18.6",
        "display" : "Descending colon"
      },
      {
        "code" : "C18.7",
        "display" : "Sigmoid colon"
      },
      {
        "code" : "C18.8",
        "display" : "Overlapping lesion of colon"
      },
      {
        "code" : "C18.9",
        "display" : "Colon, NOS"
      },
      {
        "code" : "C19",
        "display" : "RECTOSIGMOID JUNCTION"
      },
      {
        "code" : "C19.9",
        "display" : "Rectosigmoid junction"
      },
      {
        "code" : "C20",
        "display" : "RECTUM"
      },
      {
        "code" : "C20.9",
        "display" : "Rectum, NOS"
      },
      {
        "code" : "C21",
        "display" : "ANUS AND ANAL CANAL"
      },
      {
        "code" : "C21.0",
        "display" : "Anus, NOS"
      },
      {
        "code" : "C21.1",
        "display" : "Anal canal"
      },
      {
        "code" : "C21.2",
        "display" : "Cloacogenic zone"
      },
      {
        "code" : "C21.8",
        "display" : "Overlapping lesion of rectum, anus and anal canal"
      },
      {
        "code" : "C22",
        "display" : "LIVER AND INTRAHEPATIC BILE DUCTS"
      },
      {
        "code" : "C22.0",
        "display" : "Liver"
      },
      {
        "code" : "C22.1",
        "display" : "Intrahepatic bile duct"
      },
      {
        "code" : "C23",
        "display" : "   GALLBLADDER"
      },
      {
        "code" : "C23.9",
        "display" : "Gallbladder"
      },
      {
        "code" : "C24",
        "display" : "OTHER AND UNSPECIFIED PARTS OF BILIARY TRACT"
      },
      {
        "code" : "C24.0",
        "display" : "Extrahepatic bile duct"
      },
      {
        "code" : "C24.1",
        "display" : "Ampulla of Vater"
      },
      {
        "code" : "C24.8",
        "display" : "Overlapping lesion of biliary tract Note:"
      },
      {
        "code" : "C24.9",
        "display" : "Biliary tract, NOS"
      },
      {
        "code" : "C25",
        "display" : "PANCREAS"
      },
      {
        "code" : "C25.0",
        "display" : "Head of pancreas"
      },
      {
        "code" : "C25.1",
        "display" : "Body of pancreas"
      },
      {
        "code" : "C25.2",
        "display" : "Tail of pancreas"
      },
      {
        "code" : "C25.3",
        "display" : "Pancreatic duct"
      },
      {
        "code" : "C25.4",
        "display" : "Islets of Langerhans"
      },
      {
        "code" : "C25.7",
        "display" : "Other specified parts of pancreas"
      },
      {
        "code" : "C25.8",
        "display" : "Overlapping lesion of pancreas"
      },
      {
        "code" : "C25.9",
        "display" : "Pancreas, NOS"
      },
      {
        "code" : "C26",
        "display" : "OTHER AND ILL-DEFINED DIGESTIVE ORGANS"
      },
      {
        "code" : "C26.0",
        "display" : "Intestinal tract, NOS"
      },
      {
        "code" : "C26.8",
        "display" : "Overlapping lesion of digestive system"
      },
      {
        "code" : "C26.9",
        "display" : "Gastrointestinal tract, NOS"
      },
      {
        "code" : "C30",
        "display" : "NASAL CAVITY AND MIDDLE EAR"
      },
      {
        "code" : "C30.0",
        "display" : "Nasal cavity"
      },
      {
        "code" : "C30.1",
        "display" : "Middle ear"
      },
      {
        "code" : "C31",
        "display" : "ACCESSORY SINUSES"
      },
      {
        "code" : "C31.0",
        "display" : "Maxillary sinus"
      },
      {
        "code" : "C31.1",
        "display" : "Ethmoid sinus"
      },
      {
        "code" : "C31.2",
        "display" : "Frontal sinus"
      },
      {
        "code" : "C31.3",
        "display" : "Sphenoid sinus"
      },
      {
        "code" : "C31.8",
        "display" : "Overlapping lesion of accessory sinuses"
      },
      {
        "code" : "C31.9",
        "display" : "Accessory sinus, NOS"
      },
      {
        "code" : "C32",
        "display" : "LARYNX"
      },
      {
        "code" : "C32.0",
        "display" : "Glottis"
      },
      {
        "code" : "C32.1",
        "display" : "Supraglottis"
      },
      {
        "code" : "C32.2",
        "display" : "Subglottis"
      },
      {
        "code" : "C32.3",
        "display" : "Laryngeal cartilage"
      },
      {
        "code" : "C32.8",
        "display" : "Overlapping lesion of larynx"
      },
      {
        "code" : "C32.9",
        "display" : "Larynx, NOS"
      },
      {
        "code" : "C33",
        "display" : "TRACHEA"
      },
      {
        "code" : "C33.9",
        "display" : "Trachea"
      },
      {
        "code" : "C34",
        "display" : "BRONCHUS AND LUNG"
      },
      {
        "code" : "C34.0",
        "display" : "Main bronchus"
      },
      {
        "code" : "C34.1",
        "display" : "Upper lobe, lung"
      },
      {
        "code" : "C34.2",
        "display" : "Middle lobe, lung"
      },
      {
        "code" : "C34.3",
        "display" : "Lower lobe, lung"
      },
      {
        "code" : "C34.8",
        "display" : "Overlapping lesion of lung"
      },
      {
        "code" : "C34.9",
        "display" : "Lung, NOS"
      },
      {
        "code" : "C37",
        "display" : "THYMUS"
      },
      {
        "code" : "C37.9",
        "display" : "Thymus"
      },
      {
        "code" : "C38",
        "display" : "HEART, MEDIASTINUM, AND PLEURA"
      },
      {
        "code" : "C38.0",
        "display" : "Heart"
      },
      {
        "code" : "C38.1",
        "display" : "Anterior mediastinum"
      },
      {
        "code" : "C38.2",
        "display" : "Posterior mediastinum"
      },
      {
        "code" : "C38.3",
        "display" : "Mediastinum, NOS"
      },
      {
        "code" : "C38.4",
        "display" : "Pleura, NOS"
      },
      {
        "code" : "C38.8",
        "display" : "Overlapping lesion of heart, mediastinum and pleura"
      },
      {
        "code" : "C39",
        "display" : "OTHER AND ILL-DEFINED SITES WITHIN RESPIRATORY SYSTEM AND INTRATHORACIC ORGANS"
      },
      {
        "code" : "C39.0",
        "display" : "Upper respiratory tract, NOS"
      },
      {
        "code" : "C39.8",
        "display" : "Overlapping lesion of respiratory system and intrathoracic organs"
      },
      {
        "code" : "C39.9",
        "display" : "Ill-defined sites within respiratory system"
      },
      {
        "code" : "C40",
        "display" : "BONES, JOINTS AND ARTICULAR CARTILAGE OF LIMBS"
      },
      {
        "code" : "C40.0",
        "display" : "Long bones of upper limb, scapula and associated joints"
      },
      {
        "code" : "C40.1",
        "display" : "Short bones of upper limb and associated joints"
      },
      {
        "code" : "C40.2",
        "display" : "Long bones of lower limb and associated joints"
      },
      {
        "code" : "C40.3",
        "display" : "Short bones of lower limb and associated joints"
      },
      {
        "code" : "C40.8",
        "display" : "Overlapping lesion of bones, joints and articular cartilage of limbs"
      },
      {
        "code" : "C40.9",
        "display" : "Bone of limb, NOS"
      },
      {
        "code" : "C41",
        "display" : "BONES, JOINTS AND ARTICULAR CARTILAGE OF OTHER AND UNSPECIFIED SITES"
      },
      {
        "code" : "C41.0",
        "display" : "Bones of skull and face and associated joints"
      },
      {
        "code" : "C41.1",
        "display" : "Mandible"
      },
      {
        "code" : "C41.2",
        "display" : "Vertebral column"
      },
      {
        "code" : "C41.3",
        "display" : "Rib, sternum, clavicle and associated joints"
      },
      {
        "code" : "C41.4",
        "display" : "Pelvic bones, sacrum, coccyx and associated joints"
      },
      {
        "code" : "C41.8",
        "display" : "Overlapping lesion of bones, joints and articular cartilage"
      },
      {
        "code" : "C41.9",
        "display" : "Bone, NOS"
      },
      {
        "code" : "C42",
        "display" : "HEMATOPOIETIC AND RETICULOENDOTHELIAL SYSTEMS"
      },
      {
        "code" : "C42.0",
        "display" : "Blood"
      },
      {
        "code" : "C42.1",
        "display" : "Bone marrow"
      },
      {
        "code" : "C42.2",
        "display" : "Spleen"
      },
      {
        "code" : "C42.3",
        "display" : "Reticuloendothelial system,NOS"
      },
      {
        "code" : "C42.4",
        "display" : "Hematopoietic system, NOS"
      },
      {
        "code" : "C44",
        "display" : "SKIN"
      },
      {
        "code" : "C44.0",
        "display" : "Skin of lip, NOS"
      },
      {
        "code" : "C44.1",
        "display" : "Eyelid"
      },
      {
        "code" : "C44.2",
        "display" : "External ear"
      },
      {
        "code" : "C44.3",
        "display" : "Skin of other and unspecified parts of face"
      },
      {
        "code" : "C44.4",
        "display" : "Skin of scalp and neck"
      },
      {
        "code" : "C44.5",
        "display" : "Skin of trunk"
      },
      {
        "code" : "C44.6",
        "display" : "Skin of upper limb and shoulder"
      },
      {
        "code" : "C44.7",
        "display" : "Skin of lower limb and hip"
      },
      {
        "code" : "C44.8",
        "display" : "Overlapping lesion of skin"
      },
      {
        "code" : "C44.9",
        "display" : "Skin, NOS"
      },
      {
        "code" : "C47",
        "display" : "PERIPHERAL NERVES AND AUTONOMIC NERVOUS SYSTEM"
      },
      {
        "code" : "C47.0",
        "display" : "Peripheral nerves and autonomic nervous system of head, face, and neck"
      },
      {
        "code" : "C47.1",
        "display" : "Peripheral nerves and autonomic nervous system of upper limb and shoulder"
      },
      {
        "code" : "C47.2",
        "display" : "Peripheral nerves and autonomic nervous system of lower limband hip"
      },
      {
        "code" : "C47.3",
        "display" : "Peripheral nerves and autonomic nervous system of thorax"
      },
      {
        "code" : "C47.4",
        "display" : "Peripheral nerves and autonomic nervous system of abdomen"
      },
      {
        "code" : "C47.5",
        "display" : "Peripheral nerves and autonomic nervous system of pelvis"
      },
      {
        "code" : "C47.6",
        "display" : "Peripheral nerves and autonomic nervous system of trunk, NOS"
      },
      {
        "code" : "C47.8",
        "display" : "Overlapping lesion of peripheral nerves and autonomic nervous system"
      },
      {
        "code" : "C47.9",
        "display" : "Autonomic nervous system, NOS"
      },
      {
        "code" : "C48",
        "display" : "RETROPERITONEUM AND PERITONEUM"
      },
      {
        "code" : "C48.0",
        "display" : "Retroperitoneum"
      },
      {
        "code" : "C48.1",
        "display" : "Specified parts of peritoneum"
      },
      {
        "code" : "C48.2",
        "display" : "Peritoneum, NOS"
      },
      {
        "code" : "C48.8",
        "display" : "Overlapping lesion of retroperitoneum and peritoneum"
      },
      {
        "code" : "C49",
        "display" : "CONNECTIVE, SUBCUTANEOUS AND OTHER SOFT TISSUES"
      },
      {
        "code" : "C49.0",
        "display" : "Connective, subcutaneous and other soft tissues of head, face, and neck"
      },
      {
        "code" : "C49.1",
        "display" : "Connective, subcutaneous and other soft tissues of upper limb and shoulder"
      },
      {
        "code" : "C49.2",
        "display" : "Connective, subcutaneous and other soft tissues of lower limb and hip"
      },
      {
        "code" : "C49.3",
        "display" : "Connective, subcutaneous and other soft tissues of thorax"
      },
      {
        "code" : "C49.4",
        "display" : "Connective, subcutaneous and other soft tissues of abdomen"
      },
      {
        "code" : "C49.5",
        "display" : "Connective, subcutaneous and other soft tissues of pelvis"
      },
      {
        "code" : "C49.6",
        "display" : "Connective, subcutaneous and other soft tissues of trunk NOS"
      },
      {
        "code" : "C49.8",
        "display" : "Overlapping lesion of connective, subcutaneous and other soft tissues"
      },
      {
        "code" : "C49.9",
        "display" : "Connective, subcutaneous and other soft tissues, NOS"
      },
      {
        "code" : "C50",
        "display" : "BREAST"
      },
      {
        "code" : "C50.0",
        "display" : "Nipple"
      },
      {
        "code" : "C50.1",
        "display" : "Central portion of breast"
      },
      {
        "code" : "C50.2",
        "display" : "Upper-inner quadrant of breast"
      },
      {
        "code" : "C50.3",
        "display" : "Lower-inner quadrant of breast"
      },
      {
        "code" : "C50.4",
        "display" : "Upper-outer quadrant of breast"
      },
      {
        "code" : "C50.5",
        "display" : "Lower-outer quadrant of breast"
      },
      {
        "code" : "C50.6",
        "display" : "Axillary tail of breast"
      },
      {
        "code" : "C50.8",
        "display" : "Overlapping lesion of breast"
      },
      {
        "code" : "C50.9",
        "display" : "Breast, NOS"
      },
      {
        "code" : "C51",
        "display" : "VULVA"
      },
      {
        "code" : "C51.0",
        "display" : "Labium majus"
      },
      {
        "code" : "C51.1",
        "display" : "Labium minus"
      },
      {
        "code" : "C51.2",
        "display" : "Clitoris"
      },
      {
        "code" : "C51.8",
        "display" : "Overlapping lesion of vulva"
      },
      {
        "code" : "C51.9",
        "display" : "Vulva, NOS"
      },
      {
        "code" : "C52",
        "display" : "VAGINA"
      },
      {
        "code" : "C52.9",
        "display" : "Vagina, NOS"
      },
      {
        "code" : "C53",
        "display" : "CERVIX UTERI"
      },
      {
        "code" : "C53.0",
        "display" : "Endocervix"
      },
      {
        "code" : "C53.1",
        "display" : "Exocervix"
      },
      {
        "code" : "C53.8",
        "display" : "Overlapping lesion of cervix uteri"
      },
      {
        "code" : "C53.9",
        "display" : "Cervix uteri"
      },
      {
        "code" : "C54",
        "display" : "CORPUS UTERI"
      },
      {
        "code" : "C54.0",
        "display" : "Isthmus uteri"
      },
      {
        "code" : "C54.1",
        "display" : "Endometrium"
      },
      {
        "code" : "C54.2",
        "display" : "Myometrium"
      },
      {
        "code" : "C54.3",
        "display" : "Fundus uteri"
      },
      {
        "code" : "C54.8",
        "display" : "Overlapping lesion of corpus uteri"
      },
      {
        "code" : "C54.9",
        "display" : "Corpus uteri"
      },
      {
        "code" : "C55",
        "display" : "UTERUS, NOS"
      },
      {
        "code" : "C55.9",
        "display" : "Uterus, NOS"
      },
      {
        "code" : "C56",
        "display" : "OVARY"
      },
      {
        "code" : "C56.9",
        "display" : "Ovary"
      },
      {
        "code" : "C57",
        "display" : "OTHER AND UNSPECIFIED FEMALE GENITAL ORGANS"
      },
      {
        "code" : "C57.0",
        "display" : "Fallopian tube"
      },
      {
        "code" : "C57.1",
        "display" : "Broad ligament"
      },
      {
        "code" : "C57.2",
        "display" : "Round ligament"
      },
      {
        "code" : "C57.3",
        "display" : "Parametrium"
      },
      {
        "code" : "C57.4",
        "display" : "Uterine adnexa"
      },
      {
        "code" : "C57.7",
        "display" : "Other specified parts of female genital organs"
      },
      {
        "code" : "C57.8",
        "display" : "Overlapping lesion of female genital organs"
      },
      {
        "code" : "C57.9",
        "display" : "Female genital tract, NOS"
      },
      {
        "code" : "C58",
        "display" : "PLACENTA"
      },
      {
        "code" : "C58.9",
        "display" : "Placenta"
      },
      {
        "code" : "C60",
        "display" : "PENIS"
      },
      {
        "code" : "C60.0",
        "display" : "Prepuce"
      },
      {
        "code" : "C60.1",
        "display" : "Glans penis"
      },
      {
        "code" : "C60.2",
        "display" : "Body of penis"
      },
      {
        "code" : "C60.8",
        "display" : "Overlapping lesion of penis"
      },
      {
        "code" : "C60.9",
        "display" : "Penis, NOS"
      },
      {
        "code" : "C61",
        "display" : "PROSTATE GLAND"
      },
      {
        "code" : "C61.9",
        "display" : "Prostate gland"
      },
      {
        "code" : "C62",
        "display" : "TESTIS"
      },
      {
        "code" : "C62.0",
        "display" : "Undescended testis"
      },
      {
        "code" : "C62.1",
        "display" : "Descended testis"
      },
      {
        "code" : "C62.9",
        "display" : "Testis, NOS"
      },
      {
        "code" : "C63",
        "display" : "OTHER AND UNSPECIFIED MALE GENITAL ORGANS"
      },
      {
        "code" : "C63.0",
        "display" : "Epididymis"
      },
      {
        "code" : "C63.1",
        "display" : "Spermatic cord"
      },
      {
        "code" : "C63.2",
        "display" : "Scrotum, NOS"
      },
      {
        "code" : "C63.7",
        "display" : "Other specified parts of male genital organs"
      },
      {
        "code" : "C63.8",
        "display" : "Overlapping lesion of male genital organs Note:"
      },
      {
        "code" : "C63.9",
        "display" : "Male genital organs, NOS"
      },
      {
        "code" : "C64",
        "display" : "KIDNEY"
      },
      {
        "code" : "C64.9",
        "display" : "Kidney, NOS"
      },
      {
        "code" : "C65",
        "display" : "RENAL PELVIS"
      },
      {
        "code" : "C65.9",
        "display" : "Renal pelvis"
      },
      {
        "code" : "C66",
        "display" : "URETER"
      },
      {
        "code" : "C66.9",
        "display" : "Ureter"
      },
      {
        "code" : "C67",
        "display" : "BLADDER"
      },
      {
        "code" : "C67.0",
        "display" : "Trigone of bladder"
      },
      {
        "code" : "C67.1",
        "display" : "Dome of bladder"
      },
      {
        "code" : "C67.2",
        "display" : "Lateral wall of bladder"
      },
      {
        "code" : "C67.3",
        "display" : "Anterior wall of bladder"
      },
      {
        "code" : "C67.4",
        "display" : "Posterior wall of bladder"
      },
      {
        "code" : "C67.5",
        "display" : "Bladder neck"
      },
      {
        "code" : "C67.6",
        "display" : "Ureteric orifice"
      },
      {
        "code" : "C67.7",
        "display" : "Urachus"
      },
      {
        "code" : "C67.8",
        "display" : "Overlapping lesion of bladder"
      },
      {
        "code" : "C67.9",
        "display" : "Bladder, NOS"
      },
      {
        "code" : "C68",
        "display" : "OTHER AND UNSPECIFIED URINARY ORGANS"
      },
      {
        "code" : "C68.0",
        "display" : "Urethra"
      },
      {
        "code" : "C68.1",
        "display" : "Paraurethral gland"
      },
      {
        "code" : "C68.8",
        "display" : "Overlapping lesion of urinary organs"
      },
      {
        "code" : "C68.9",
        "display" : "Urinary system, NOS"
      },
      {
        "code" : "C69",
        "display" : "EYE AND ADNEXA"
      },
      {
        "code" : "C69.0",
        "display" : "Conjunctiva"
      },
      {
        "code" : "C69.1",
        "display" : "Cornea, NOS"
      },
      {
        "code" : "C69.2",
        "display" : "Retina"
      },
      {
        "code" : "C69.3",
        "display" : "Choroid"
      },
      {
        "code" : "C69.4",
        "display" : "Ciliary body"
      },
      {
        "code" : "C69.5",
        "display" : "Lacrimal gland"
      },
      {
        "code" : "C69.6",
        "display" : "Orbit, NOS"
      },
      {
        "code" : "C69.8",
        "display" : "Overlapping lesion of eye and adnexa"
      },
      {
        "code" : "C69.9",
        "display" : "Eye, NOS"
      },
      {
        "code" : "C70",
        "display" : "MENINGES"
      },
      {
        "code" : "C70.0",
        "display" : "Cerebral meninges"
      },
      {
        "code" : "C70.1",
        "display" : "Spinal meninges"
      },
      {
        "code" : "C70.9",
        "display" : "Meninges, NOS"
      },
      {
        "code" : "C71",
        "display" : "BRAIN"
      },
      {
        "code" : "C71.0",
        "display" : "Cerebrum"
      },
      {
        "code" : "C71.1",
        "display" : "Frontal lobe"
      },
      {
        "code" : "C71.2",
        "display" : "Temporal lobe"
      },
      {
        "code" : "C71.3",
        "display" : "Parietal lobe"
      },
      {
        "code" : "C71.4",
        "display" : "Occipital lobe"
      },
      {
        "code" : "C71.5",
        "display" : "Ventricle, NOS"
      },
      {
        "code" : "C71.6",
        "display" : "Cerebellum, NOS"
      },
      {
        "code" : "C71.7",
        "display" : "Brain stem"
      },
      {
        "code" : "C71.8",
        "display" : "Overlapping lesion of brain"
      },
      {
        "code" : "C71.9",
        "display" : "Brain, NOS"
      },
      {
        "code" : "C72",
        "display" : "SPINAL CORD, CRANIAL NERVES, AND OTHER PARTS OF CENTRAL NERVOUS SYSTEM"
      },
      {
        "code" : "C72.0",
        "display" : "Spinal cord"
      },
      {
        "code" : "C72.1",
        "display" : "Cauda equina"
      },
      {
        "code" : "C72.2",
        "display" : "Olfactory nerve"
      },
      {
        "code" : "C72.3",
        "display" : "Optic nerve"
      },
      {
        "code" : "C72.4",
        "display" : "Acoustic nerve"
      },
      {
        "code" : "C72.5",
        "display" : "Cranial nerve, NOS"
      },
      {
        "code" : "C72.8",
        "display" : "Overlapping lesion of brain and central nervous system"
      },
      {
        "code" : "C72.9",
        "display" : "Nervous system, NOS"
      },
      {
        "code" : "C73",
        "display" : "THYROID GLAND"
      },
      {
        "code" : "C73.9",
        "display" : "Thyroid gland"
      },
      {
        "code" : "C74",
        "display" : "ADRENAL GLAND"
      },
      {
        "code" : "C74.0",
        "display" : "Cortex of adrenal gland"
      },
      {
        "code" : "C74.1",
        "display" : "Medulla of adrenal gland"
      },
      {
        "code" : "C74.9",
        "display" : "Adrenal gland, NOS"
      },
      {
        "code" : "C75",
        "display" : "OTHER ENDOCRINE GLANDS AND RELATED STRUCTURES"
      },
      {
        "code" : "C75.0",
        "display" : "Parathyroid gland"
      },
      {
        "code" : "C75.1",
        "display" : "Pituitary gland"
      },
      {
        "code" : "C75.2",
        "display" : "Craniopharyngeal duct"
      },
      {
        "code" : "C75.3",
        "display" : "Pineal gland"
      },
      {
        "code" : "C75.4",
        "display" : "Carotid body"
      },
      {
        "code" : "C75.5",
        "display" : "Aortic body and other paraganglia"
      },
      {
        "code" : "C75.8",
        "display" : "Overlapping lesion of endocrine glands and related structures"
      },
      {
        "code" : "C75.9",
        "display" : "Endocrine gland, NOS"
      },
      {
        "code" : "C76",
        "display" : "OTHER AND ILL-DEFINED SITES"
      },
      {
        "code" : "C76.0",
        "display" : "Head, face or neck, NOS"
      },
      {
        "code" : "C76.1",
        "display" : "Thorax, NOS"
      },
      {
        "code" : "C76.2",
        "display" : "Abdomen, NOS"
      },
      {
        "code" : "C76.3",
        "display" : "Pelvis, NOS"
      },
      {
        "code" : "C76.4",
        "display" : "Upper limb, NOS"
      },
      {
        "code" : "C76.5",
        "display" : "Lower limb, NOS"
      },
      {
        "code" : "C76.7",
        "display" : "Other ill-defined sites"
      },
      {
        "code" : "C76.8",
        "display" : "Overlapping lesion of ill-defined sites"
      },
      {
        "code" : "C77",
        "display" : "LYMPH NODES"
      },
      {
        "code" : "C77.0",
        "display" : "Lymph nodes of head, face and neck"
      },
      {
        "code" : "C77.1",
        "display" : "Intrathoracic lymph nodes"
      },
      {
        "code" : "C77.2",
        "display" : "Intra-abdominal lymph nodes"
      },
      {
        "code" : "C77.3",
        "display" : "Lymph nodes of axilla or arm"
      },
      {
        "code" : "C77.4",
        "display" : "Lymph nodes of inguinal region or leg"
      },
      {
        "code" : "C77.5",
        "display" : "Pelvic lymph nodes"
      },
      {
        "code" : "C77.8",
        "display" : "Lymph nodes of multiple regions"
      },
      {
        "code" : "C77.9",
        "display" : "Lymph node, NOS"
      },
      {
        "code" : "C80",
        "display" : "UNKNOWN PRIMARY SITE"
      },
      {
        "code" : "C80.9",
        "display" : "Unknown primary site"
      }]
    }]
  }
}