{
  "resourceType" : "ValueSet",
  "id" : "siph-natureproppharm-oncofair-valueset",
  "text" : {
    "status" : "generated",
    "div" : "<div xmlns=\"http://www.w3.org/1999/xhtml\"><ul><li>Include all codes defined in <a href=\"CodeSystem-siph-natureproppharm-oncofair-codesystem.html\"><code>http://ltsi.univ-rennes.fr/CodeSystem/siph-natureproppharm-oncofair-codesystem</code></a></li></ul></div>"
  },
  "url" : "http://ltsi.univ-rennes.fr/ValueSet/siph-natureproppharm-oncofair-valueset",
  "version" : "0.1.0",
  "name" : "SIPhNaturePropPharmOncoFAIRValueSet",
  "title" : "Nature proposition pharmaceutique Value Set",
  "status" : "draft",
  "experimental" : true,
  "date" : "2024-06-10T15:21:14+00:00",
  "publisher" : "DOMASIA team of the Signal and Image Processing Laboratory (LTSI) and KEREVAL",
  "contact" : [{
    "name" : "DOMASIA team of the Signal and Image Processing Laboratory (LTSI) and KEREVAL",
    "telecom" : [{
      "system" : "url",
      "value" : "https://ltsi.univ-rennes.fr"
    }]
  }],
  "description" : "Value Set pour NaturePropPharm",
  "compose" : {
    "include" : [{
      "system" : "http://ltsi.univ-rennes.fr/CodeSystem/siph-natureproppharm-oncofair-codesystem"
    }]
  }
}