{
  "resourceType" : "ValueSet",
  "id" : "medications-oncofair-valueset",
  "text" : {
    "status" : "generated",
    "div" : "<div xmlns=\"http://www.w3.org/1999/xhtml\"><ul><li>Include all codes defined in <a href=\"CodeSystem-medications-oncofair-codesystem.html\"><code>http://ltsi.univ-rennes.fr/CodeSystem/medications-oncofair-codesystem</code></a></li></ul></div>"
  },
  "url" : "http://ltsi.univ-rennes.fr/ValueSet/medications-oncofair-valueset",
  "version" : "0.1.0",
  "name" : "MedicationsOncoFAIRValueSet",
  "title" : "Medications Value Set",
  "status" : "draft",
  "experimental" : true,
  "date" : "2024-06-11T13:36:23+00:00",
  "publisher" : "DOMASIA team of the Signal and Image Processing Laboratory (LTSI) and KEREVAL",
  "contact" : [{
    "name" : "DOMASIA team of the Signal and Image Processing Laboratory (LTSI) and KEREVAL",
    "telecom" : [{
      "system" : "url",
      "value" : "https://ltsi.univ-rennes.fr"
    }]
  }],
  "description" : "ValueSet for medications.",
  "compose" : {
    "include" : [{
      "system" : "http://ltsi.univ-rennes.fr/CodeSystem/medications-oncofair-codesystem"
    }]
  }
}