{
  "resourceType" : "ValueSet",
  "id" : "forme-pharmaceutique-valueset",
  "text" : {
    "status" : "generated",
    "div" : "<div xmlns=\"http://www.w3.org/1999/xhtml\"><ul><li>Include codes from<a href=\"CodeSystem-snomedct.html\"><code>http://ltsi.univ-rennes.fr/CodeSystem/snomedct</code></a> where constraint  = (&lt; 763158003 |Medicinal product (product)|) . 411116001 |Has manufactured dose form (attribute)|</li></ul></div>"
  },
  "url" : "http://ltsi.univ-rennes.fr/ValueSet/forme-pharmaceutique-valueset",
  "version" : "0.1.0",
  "name" : "FormePharmaceutiqueValueSet",
  "status" : "draft",
  "experimental" : true,
  "date" : "2024-06-10T08:10:59+00:00",
  "publisher" : "DOMASIA team of the Signal and Image Processing Laboratory (LTSI) and KEREVAL",
  "contact" : [{
    "name" : "DOMASIA team of the Signal and Image Processing Laboratory (LTSI) and KEREVAL",
    "telecom" : [{
      "system" : "url",
      "value" : "https://ltsi.univ-rennes.fr"
    }]
  }],
  "description" : "Value Set pour la forme pharmaceutique",
  "compose" : {
    "include" : [{
      "system" : "http://ltsi.univ-rennes.fr/CodeSystem/snomedct",
      "filter" : [{
        "property" : "constraint",
        "op" : "=",
        "value" : "(< 763158003 |Medicinal product (product)|) . 411116001 |Has manufactured dose form (attribute)|"
      }]
    }]
  }
}