{
  "resourceType" : "CodeSystem",
  "id" : "concept-medication-oncofair-codesystem",
  "text" : {
    "status" : "generated",
    "div" : "<div xmlns=\"http://www.w3.org/1999/xhtml\"><p class=\"res-header-id\"><b>Generated Narrative: CodeSystem concept-medication-oncofair-codesystem</b></p><a name=\"concept-medication-oncofair-codesystem\"> </a><a name=\"hcconcept-medication-oncofair-codesystem\"> </a><a name=\"concept-medication-oncofair-codesystem-en-US\"> </a><p>This case-sensitive code system <code>http://ltsi.univ-rennes.fr/CodeSystem/concept-medication-oncofair-codesystem</code> defines the following codes:</p><table class=\"codes\"><tr><td style=\"white-space:nowrap\"><b>Code</b></td></tr><tr><td style=\"white-space:nowrap\">element<a name=\"concept-medication-oncofair-codesystem-element\"> </a></td></tr><tr><td style=\"white-space:nowrap\">report<a name=\"concept-medication-oncofair-codesystem-report\"> </a></td></tr><tr><td style=\"white-space:nowrap\">component<a name=\"concept-medication-oncofair-codesystem-component\"> </a></td></tr><tr><td style=\"white-space:nowrap\">prescription<a name=\"concept-medication-oncofair-codesystem-prescription\"> </a></td></tr></table></div>"
  },
  "url" : "http://ltsi.univ-rennes.fr/CodeSystem/concept-medication-oncofair-codesystem",
  "version" : "0.1.0",
  "name" : "ConceptMedicationOncoFAIRCodeSystem",
  "title" : "Concepts Medication Code System",
  "status" : "draft",
  "experimental" : true,
  "date" : "2025-01-17T13:34:34+00:00",
  "publisher" : "DOMASIA team of the Signal and Image Processing Laboratory (LTSI) and KEREVAL",
  "contact" : [{
    "name" : "DOMASIA team of the Signal and Image Processing Laboratory (LTSI) and KEREVAL",
    "telecom" : [{
      "system" : "url",
      "value" : "https://ltsi.univ-rennes.fr"
    }]
  }],
  "description" : "Code system pour différiencier les niveaux de MR/MA",
  "caseSensitive" : true,
  "content" : "complete",
  "count" : 4,
  "concept" : [{
    "code" : "element",
    "display" : "element"
  },
  {
    "code" : "report",
    "display" : "report"
  },
  {
    "code" : "component",
    "display" : "component"
  },
  {
    "code" : "prescription",
    "display" : "prescription"
  }]
}