{
  "resourceType" : "CodeSystem",
  "id" : "siph-listeald-oncofair-codesystem",
  "text" : {
    "status" : "generated",
    "div" : "<div xmlns=\"http://www.w3.org/1999/xhtml\"><p class=\"res-header-id\"><b>Generated Narrative: CodeSystem siph-listeald-oncofair-codesystem</b></p><a name=\"siph-listeald-oncofair-codesystem\"> </a><a name=\"hcsiph-listeald-oncofair-codesystem\"> </a><a name=\"siph-listeald-oncofair-codesystem-en-US\"> </a><p>This case-sensitive code system <code>http://ltsi.univ-rennes.fr/CodeSystem/siph-listeald-oncofair-codesystem</code> defines the following codes:</p><table class=\"codes\"><tr><td style=\"white-space:nowrap\"><b>Code</b></td><td><b>Display</b></td></tr><tr><td style=\"white-space:nowrap\">ALD1<a name=\"siph-listeald-oncofair-codesystem-ALD1\"> </a></td><td>Accident vasculaire cérébral invalidant</td></tr><tr><td style=\"white-space:nowrap\">ALD2<a name=\"siph-listeald-oncofair-codesystem-ALD2\"> </a></td><td>Insuffisances médullaires et autres cytopénies chroniques</td></tr><tr><td style=\"white-space:nowrap\">ALD3<a name=\"siph-listeald-oncofair-codesystem-ALD3\"> </a></td><td>Artériopathies chroniques avec manifestations ischémiques</td></tr><tr><td style=\"white-space:nowrap\">ALD4<a name=\"siph-listeald-oncofair-codesystem-ALD4\"> </a></td><td>Bilharziose compliquée</td></tr><tr><td style=\"white-space:nowrap\">ALD5<a name=\"siph-listeald-oncofair-codesystem-ALD5\"> </a></td><td>Insuffisance cardiaque grave, troubles du rythme graves, cardiopathies valvulaires graves ; cardiopathies congénitales graves</td></tr><tr><td style=\"white-space:nowrap\">ALD6<a name=\"siph-listeald-oncofair-codesystem-ALD6\"> </a></td><td>Maladies chroniques actives du foie et cirrhoses</td></tr><tr><td style=\"white-space:nowrap\">ALD7<a name=\"siph-listeald-oncofair-codesystem-ALD7\"> </a></td><td>Déficit immunitaire primitif grave nécessitant un traitement prolongé, infection par le virus de limmuno-déficience humaine</td></tr><tr><td style=\"white-space:nowrap\">ALD8<a name=\"siph-listeald-oncofair-codesystem-ALD8\"> </a></td><td>Diabète de type 1 et diabète de type 2</td></tr><tr><td style=\"white-space:nowrap\">ALD9<a name=\"siph-listeald-oncofair-codesystem-ALD9\"> </a></td><td>Forme grave des affections neurologiques et musculaires (dont myopathie), épilepsie grave</td></tr><tr><td style=\"white-space:nowrap\">ALD10<a name=\"siph-listeald-oncofair-codesystem-ALD10\"> </a></td><td>Hémoglobinopathies, hémolyses, chroniques constitutionnelles et acquises sévères</td></tr><tr><td style=\"white-space:nowrap\">ALD11<a name=\"siph-listeald-oncofair-codesystem-ALD11\"> </a></td><td>Hémophilies et affections constitutionnelles de lhémostase graves</td></tr><tr><td style=\"white-space:nowrap\">ALD12<a name=\"siph-listeald-oncofair-codesystem-ALD12\"> </a></td><td>Hypertension artérielle sévère</td></tr><tr><td style=\"white-space:nowrap\">ALD13<a name=\"siph-listeald-oncofair-codesystem-ALD13\"> </a></td><td>Maladie coronaire</td></tr><tr><td style=\"white-space:nowrap\">ALD14<a name=\"siph-listeald-oncofair-codesystem-ALD14\"> </a></td><td>Insuffisance respiratoire chronique grave</td></tr><tr><td style=\"white-space:nowrap\">ALD15<a name=\"siph-listeald-oncofair-codesystem-ALD15\"> </a></td><td>Lèpre</td></tr><tr><td style=\"white-space:nowrap\">ALD16<a name=\"siph-listeald-oncofair-codesystem-ALD16\"> </a></td><td>Maladie de Parkinson</td></tr><tr><td style=\"white-space:nowrap\">ALD17<a name=\"siph-listeald-oncofair-codesystem-ALD17\"> </a></td><td>Maladies métaboliques héréditaires nécessitant un traitement prolongé spécialisé</td></tr><tr><td style=\"white-space:nowrap\">ALD18<a name=\"siph-listeald-oncofair-codesystem-ALD18\"> </a></td><td>Mucoviscidose</td></tr><tr><td style=\"white-space:nowrap\">ALD19<a name=\"siph-listeald-oncofair-codesystem-ALD19\"> </a></td><td>Néphropathie chronique grave et syndrome néphrotique primitif</td></tr><tr><td style=\"white-space:nowrap\">ALD20<a name=\"siph-listeald-oncofair-codesystem-ALD20\"> </a></td><td>Paraplégie</td></tr><tr><td style=\"white-space:nowrap\">ALD21<a name=\"siph-listeald-oncofair-codesystem-ALD21\"> </a></td><td>Péri-artérite noueuse, lupus érythémateux aigu disséminé, sclérodermie généralisée évolutive</td></tr><tr><td style=\"white-space:nowrap\">ALD22<a name=\"siph-listeald-oncofair-codesystem-ALD22\"> </a></td><td>Polyarthrite rhumatoïde évolutive grave</td></tr><tr><td style=\"white-space:nowrap\">ALD23<a name=\"siph-listeald-oncofair-codesystem-ALD23\"> </a></td><td>Psychose, trouble grave de la personnalité, arriération mentale</td></tr><tr><td style=\"white-space:nowrap\">ALD24<a name=\"siph-listeald-oncofair-codesystem-ALD24\"> </a></td><td>Rectocolite hémorragique et maladie de Crohn évolutives</td></tr><tr><td style=\"white-space:nowrap\">ALD25<a name=\"siph-listeald-oncofair-codesystem-ALD25\"> </a></td><td>Sclérose en plaques</td></tr><tr><td style=\"white-space:nowrap\">ALD26<a name=\"siph-listeald-oncofair-codesystem-ALD26\"> </a></td><td>Scoliose structurale évolutive (dont langle est égal ou supérieur à 25 degrés) jusquà maturation rachidienne</td></tr><tr><td style=\"white-space:nowrap\">ALD27<a name=\"siph-listeald-oncofair-codesystem-ALD27\"> </a></td><td>Spondylarthrite ankylosante grave</td></tr><tr><td style=\"white-space:nowrap\">ALD28<a name=\"siph-listeald-oncofair-codesystem-ALD28\"> </a></td><td>Suites de transplantation dorgane</td></tr><tr><td style=\"white-space:nowrap\">ALD29<a name=\"siph-listeald-oncofair-codesystem-ALD29\"> </a></td><td>Tuberculose active</td></tr><tr><td style=\"white-space:nowrap\">ALD30<a name=\"siph-listeald-oncofair-codesystem-ALD30\"> </a></td><td>Tumeur maligne, affection maligne du tissu lymphatique ou hématopoïétique</td></tr><tr><td style=\"white-space:nowrap\">ALD31<a name=\"siph-listeald-oncofair-codesystem-ALD31\"> </a></td><td>Affections dites « hors liste »</td></tr><tr><td style=\"white-space:nowrap\">ALD32<a name=\"siph-listeald-oncofair-codesystem-ALD32\"> </a></td><td>Plusieurs affections entraînant un état pathologique invalidant</td></tr></table></div>"
  },
  "url" : "http://ltsi.univ-rennes.fr/CodeSystem/siph-listeald-oncofair-codesystem",
  "version" : "0.1.0",
  "name" : "SIPhListeALDOncoFAIRCodeSystem",
  "title" : "Liste ALD Code System",
  "status" : "draft",
  "experimental" : true,
  "date" : "2025-01-14T12:47:11+00:00",
  "publisher" : "DOMASIA team of the Signal and Image Processing Laboratory (LTSI) and KEREVAL",
  "contact" : [{
    "name" : "DOMASIA team of the Signal and Image Processing Laboratory (LTSI) and KEREVAL",
    "telecom" : [{
      "system" : "url",
      "value" : "https://ltsi.univ-rennes.fr"
    }]
  }],
  "description" : "Code system pour l'attribut ListeALD",
  "caseSensitive" : true,
  "content" : "complete",
  "count" : 32,
  "concept" : [{
    "code" : "ALD1",
    "display" : "Accident vasculaire cérébral invalidant"
  },
  {
    "code" : "ALD2",
    "display" : "Insuffisances médullaires et autres cytopénies chroniques"
  },
  {
    "code" : "ALD3",
    "display" : "Artériopathies chroniques avec manifestations ischémiques"
  },
  {
    "code" : "ALD4",
    "display" : "Bilharziose compliquée"
  },
  {
    "code" : "ALD5",
    "display" : "Insuffisance cardiaque grave, troubles du rythme graves, cardiopathies valvulaires graves ; cardiopathies congénitales graves"
  },
  {
    "code" : "ALD6",
    "display" : "Maladies chroniques actives du foie et cirrhoses"
  },
  {
    "code" : "ALD7",
    "display" : "Déficit immunitaire primitif grave nécessitant un traitement prolongé, infection par le virus de limmuno-déficience humaine"
  },
  {
    "code" : "ALD8",
    "display" : "Diabète de type 1 et diabète de type 2"
  },
  {
    "code" : "ALD9",
    "display" : "Forme grave des affections neurologiques et musculaires (dont myopathie), épilepsie grave"
  },
  {
    "code" : "ALD10",
    "display" : "Hémoglobinopathies, hémolyses, chroniques constitutionnelles et acquises sévères"
  },
  {
    "code" : "ALD11",
    "display" : "Hémophilies et affections constitutionnelles de lhémostase graves"
  },
  {
    "code" : "ALD12",
    "display" : "Hypertension artérielle sévère"
  },
  {
    "code" : "ALD13",
    "display" : "Maladie coronaire"
  },
  {
    "code" : "ALD14",
    "display" : "Insuffisance respiratoire chronique grave"
  },
  {
    "code" : "ALD15",
    "display" : "Lèpre"
  },
  {
    "code" : "ALD16",
    "display" : "Maladie de Parkinson"
  },
  {
    "code" : "ALD17",
    "display" : "Maladies métaboliques héréditaires nécessitant un traitement prolongé spécialisé"
  },
  {
    "code" : "ALD18",
    "display" : "Mucoviscidose"
  },
  {
    "code" : "ALD19",
    "display" : "Néphropathie chronique grave et syndrome néphrotique primitif"
  },
  {
    "code" : "ALD20",
    "display" : "Paraplégie"
  },
  {
    "code" : "ALD21",
    "display" : "Péri-artérite noueuse, lupus érythémateux aigu disséminé, sclérodermie généralisée évolutive"
  },
  {
    "code" : "ALD22",
    "display" : "Polyarthrite rhumatoïde évolutive grave"
  },
  {
    "code" : "ALD23",
    "display" : "Psychose, trouble grave de la personnalité, arriération mentale"
  },
  {
    "code" : "ALD24",
    "display" : "Rectocolite hémorragique et maladie de Crohn évolutives"
  },
  {
    "code" : "ALD25",
    "display" : "Sclérose en plaques"
  },
  {
    "code" : "ALD26",
    "display" : "Scoliose structurale évolutive (dont langle est égal ou supérieur à 25 degrés) jusquà maturation rachidienne"
  },
  {
    "code" : "ALD27",
    "display" : "Spondylarthrite ankylosante grave"
  },
  {
    "code" : "ALD28",
    "display" : "Suites de transplantation dorgane"
  },
  {
    "code" : "ALD29",
    "display" : "Tuberculose active"
  },
  {
    "code" : "ALD30",
    "display" : "Tumeur maligne, affection maligne du tissu lymphatique ou hématopoïétique"
  },
  {
    "code" : "ALD31",
    "display" : "Affections dites « hors liste »"
  },
  {
    "code" : "ALD32",
    "display" : "Plusieurs affections entraînant un état pathologique invalidant"
  }]
}