{
  "resourceType" : "Medication",
  "id" : "OncoFAIRMedication-fluoro-uracile",
  "meta" : {
    "profile" : ["http://ltsi.univ-rennes.fr/StructureDefinition/oncofair-medication"]
  },
  "text" : {
    "status" : "extensions",
    "div" : "<div xmlns=\"http://www.w3.org/1999/xhtml\"><p class=\"res-header-id\"><b>Generated Narrative: Medication OncoFAIRMedication-fluoro-uracile</b></p><a name=\"OncoFAIRMedication-fluoro-uracile\"> </a><a name=\"hcOncoFAIRMedication-fluoro-uracile\"> </a><a name=\"OncoFAIRMedication-fluoro-uracile-en-US\"> </a><p><b>OncoFAIRMedicationType</b>: <span title=\"Codes:{http://ltsi.univ-rennes.fr/CodeSystem/siph-typecomposant-oncofair-codesystem PRAC}\">principe actif</span></p><p><b>code</b>: <span title=\"Codes:{http://snomed.info/sct 387172005}\">5-fluorouracil</span></p></div>"
  },
  "extension" : [{
    "url" : "http://ltsi.univ-rennes.fr/StructureDefinition/oncofair-medication-type",
    "valueCodeableConcept" : {
      "coding" : [{
        "system" : "http://ltsi.univ-rennes.fr/CodeSystem/siph-typecomposant-oncofair-codesystem",
        "code" : "PRAC",
        "display" : "principe actif"
      }]
    }
  }],
  "code" : {
    "coding" : [{
      "system" : "http://snomed.info/sct",
      "code" : "387172005",
      "display" : "5-fluorouracil"
    }]
  }
}