URL,Version,Status,OIDs,Name,Title,Descriptino,Used
http://ltsi.univ-rennes.fr/CodeSystem/CSCommunicationModes,0.1.0,draft,,CSCommunicationModes,Communication modes,"CodeSystem for french communication modes (incremental, summary).",
http://ltsi.univ-rennes.fr/CodeSystem/CSLOINC,0.1.0,draft,,CSLOINC,LOINC codes,"LOINC CodeSystem.",
http://ltsi.univ-rennes.fr/CodeSystem/CSMedicalUnits,0.1.0,draft,,CSMedicalUnits,Medical units,"CodeSystem for french medical units (accommodation, medical liability unit).",
http://ltsi.univ-rennes.fr/CodeSystem/CSMedicationTypes,0.1.0,draft,,CSMedicationTypes,Medication types,"CodeSystem for french medication types.",
http://ltsi.univ-rennes.fr/CodeSystem/CSMedications,0.1.0,draft,,CSMedications,Medications,"CodeSystem for french medications.",
http://ltsi.univ-rennes.fr/CodeSystem/CSPrescriptionCategory,0.1.0,draft,,CSPrescriptionCategory,Prescription category,"CodeSystem for french prescription category (creation, stop, modification, validation).",
http://ltsi.univ-rennes.fr/CodeSystem/CSSCT,0.1.0,draft,,CSSCT,SNOMED CT Codes,"SNOMED CT code system.",
