<?xml version="1.0" encoding="UTF-8"?><SearchParameter xmlns="http://hl7.org/fhir"><id value="oncofair-sp-mr-date-time-prescription-start"/><text><status value="generated"/><div xmlns="http://www.w3.org/1999/xhtml"><p class="res-header-id"><b>Generated Narrative: SearchParameter oncofair-sp-mr-date-time-prescription-start</b></p><a name="oncofair-sp-mr-date-time-prescription-start"> </a><a name="hconcofair-sp-mr-date-time-prescription-start"> </a><a name="oncofair-sp-mr-date-time-prescription-start-en-US"> </a><h2>OncoFAIRSPMRDateTimePrescriptionStart</h2><p>Parameter <code>mr-date-time-prescription-start</code>:<code>date</code></p><div><p>Search for the date/time prescription start</p>
</div><table class="grid"><tr><td>Resource</td><td><a href="http://hl7.org/fhir/R5/medicationrequest.html">MedicationRequest</a></td></tr><tr><td>Expression</td><td><code>MedicationRequest.effectiveDosePeriod.start</code></td></tr><tr><td>Processing Mode</td><td>Normal</td></tr><tr><td>Multiples</td><td><ul><li>multipleAnd: The parameter may repeat in order to specify multiple values that must all be true</li><li>multipleOr: The parameter may have multiple values (separated by comma) where at least one must be true</li></ul></td></tr><tr><td>Comparators</td><td>Allowed: eq, ne, gt, lt, ge, le, sa, eb, ap</td></tr></table></div></text><url value="http://ltsi.univ-rennes.fr/SearchParameter/oncofair-sp-mr-date-time-prescription-start"/><version value="0.1.0"/><name value="OncoFAIRSPMRDateTimePrescriptionStart"/><status value="active"/><date value="2025-05-19T07:51:41+00:00"/><publisher value="KEREVAL and DOMASIA team of the Signal and Image Processing Laboratory (LTSI)"/><contact><name value="KEREVAL and DOMASIA team of the Signal and Image Processing Laboratory (LTSI)"/><telecom><system value="url"/><value value="https://github.com/ONCOFAIR"/></telecom></contact><description value="Search for the date/time prescription start"/><code value="mr-date-time-prescription-start"/><base value="MedicationRequest"/><type value="date"/><expression value="MedicationRequest.effectiveDosePeriod.start"/><processingMode value="normal"/><multipleOr value="true"/><multipleAnd value="true"/><comparator value="eq"/><comparator value="ne"/><comparator value="gt"/><comparator value="lt"/><comparator value="ge"/><comparator value="le"/><comparator value="sa"/><comparator value="eb"/><comparator value="ap"/></SearchParameter>