<?xml version="1.0" encoding="UTF-8"?><ValueSet xmlns="http://hl7.org/fhir"><id value="VSEventTypeData"/><text><status value="generated"/><div xmlns="http://www.w3.org/1999/xhtml"><p class="res-header-id"><b>Generated Narrative: ValueSet VSEventTypeData</b></p><a name="VSEventTypeData"> </a><a name="hcVSEventTypeData"> </a><a name="VSEventTypeData-en-US"> </a><ul><li>Include all codes defined in <a href="CodeSystem-CSEventTypeData.html"><code>http://ltsi.univ-rennes.fr/CodeSystem/CSEventTypeData</code></a></li></ul></div></text><url value="http://ltsi.univ-rennes.fr/ValueSet/VSEventTypeData"/><version value="0.1.0"/><name value="VSEventTypeData"/><title value="Event Types Data"/><status value="draft"/><experimental value="true"/><date value="2025-05-15T10:05:11+00:00"/><publisher value="KEREVAL and DOMASIA team of the Signal and Image Processing Laboratory (LTSI)"/><contact><name value="KEREVAL and DOMASIA team of the Signal and Image Processing Laboratory (LTSI)"/><telecom><system value="url"/><value value="https://github.com/ONCOFAIR"/></telecom></contact><description value="ValueSet for various event types used in French healthcare systems."/><compose><include><system value="http://ltsi.univ-rennes.fr/CodeSystem/CSEventTypeData"/></include></compose></ValueSet>