<?xml version="1.0" encoding="UTF-8"?><ValueSet xmlns="http://hl7.org/fhir"><id value="siph-renscomplement-oncofair-valueset"/><text><status value="generated"/><div xmlns="http://www.w3.org/1999/xhtml"><p class="res-header-id"><b>Generated Narrative: ValueSet siph-renscomplement-oncofair-valueset</b></p><a name="siph-renscomplement-oncofair-valueset"> </a><a name="hcsiph-renscomplement-oncofair-valueset"> </a><a name="siph-renscomplement-oncofair-valueset-en-US"> </a><ul><li>Include all codes defined in <a href="CodeSystem-siph-renscomplement-oncofair-codesystem.html"><code>http://ltsi.univ-rennes.fr/CodeSystem/siph-renscomplement-oncofair-codesystem</code></a></li></ul></div></text><url value="http://ltsi.univ-rennes.fr/ValueSet/siph-renscomplement-oncofair-valueset"/><version value="0.1.0"/><name value="SIPhRensComplementOncoFAIRValueSet"/><title value="Renseignement complémentaire Value Set"/><status value="draft"/><experimental value="true"/><date value="2025-05-15T07:56:52+00:00"/><publisher value="KEREVAL and DOMASIA team of the Signal and Image Processing Laboratory (LTSI)"/><contact><name value="KEREVAL and DOMASIA team of the Signal and Image Processing Laboratory (LTSI)"/><telecom><system value="url"/><value value="https://github.com/ONCOFAIR"/></telecom></contact><description value="Value Set pour RensComplement"/><compose><include><system value="http://ltsi.univ-rennes.fr/CodeSystem/siph-renscomplement-oncofair-codesystem"/></include></compose></ValueSet>