<?xml version="1.0" encoding="UTF-8"?><ValueSet xmlns="http://hl7.org/fhir"><id value="medical-units-oncofair-valueset"/><text><status value="generated"/><div xmlns="http://www.w3.org/1999/xhtml"><p class="res-header-id"><b>Generated Narrative: ValueSet medical-units-oncofair-valueset</b></p><a name="medical-units-oncofair-valueset"> </a><a name="hcmedical-units-oncofair-valueset"> </a><a name="medical-units-oncofair-valueset-en-US"> </a><ul><li>Include all codes defined in <a href="CodeSystem-medical-units-oncofair-codesystem.html"><code>http://ltsi.univ-rennes.fr/CodeSystem/medical-units-oncofair-codesystem</code></a></li></ul></div></text><url value="http://ltsi.univ-rennes.fr/ValueSet/medical-units-oncofair-valueset"/><version value="0.1.0"/><name value="MedicalUnitsOncoFAIRValueSet"/><title value="Medical units Value Set"/><status value="draft"/><experimental value="true"/><date value="2025-05-15T07:56:52+00:00"/><publisher value="KEREVAL and DOMASIA team of the Signal and Image Processing Laboratory (LTSI)"/><contact><name value="KEREVAL and DOMASIA team of the Signal and Image Processing Laboratory (LTSI)"/><telecom><system value="url"/><value value="https://github.com/ONCOFAIR"/></telecom></contact><description value="ValueSet for medical units (accommodation, medical liability unit)."/><compose><include><system value="http://ltsi.univ-rennes.fr/CodeSystem/medical-units-oncofair-codesystem"/></include></compose></ValueSet>