{
  "resourceType" : "ValueSet",
  "id" : "vsMedicationLTIExemption",
  "text" : {
    "status" : "generated",
    "div" : "<div xmlns=\"http://www.w3.org/1999/xhtml\"><p class=\"res-header-id\"><b>Generated Narrative: ValueSet vsMedicationLTIExemption</b></p><a name=\"vsMedicationLTIExemption\"> </a><a name=\"hcvsMedicationLTIExemption\"> </a><a name=\"vsMedicationLTIExemption-en-US\"> </a><ul><li>Include all codes defined in <a href=\"CodeSystem-medication-lti-exemption.html\"><code>http://ltsi.univ-rennes.fr/CodeSystem/medication-lti-exemption</code></a></li></ul></div>"
  },
  "url" : "http://ltsi.univ-rennes.fr/ValueSet/vsMedicationLTIExemption",
  "version" : "0.1.0",
  "name" : "VSMedicationLTIExemption",
  "title" : "Medication LTI Exemption",
  "status" : "draft",
  "experimental" : true,
  "date" : "2024-09-10T09:36:14+00:00",
  "publisher" : "DOMASIA team of the Signal and Image Processing Laboratory (LTSI) and KEREVAL",
  "contact" : [{
    "name" : "DOMASIA team of the Signal and Image Processing Laboratory (LTSI) and KEREVAL",
    "telecom" : [{
      "system" : "url",
      "value" : "https://ltsi.univ-rennes.fr"
    }]
  }],
  "description" : "ValueSet for medication LTI exemption.",
  "compose" : {
    "include" : [{
      "system" : "http://ltsi.univ-rennes.fr/CodeSystem/medication-lti-exemption"
    }]
  }
}