<?xml version="1.0" encoding="UTF-8"?>

<CodeSystem xmlns="http://hl7.org/fhir">
  <id value="CSLOINC"/>
  <text>
    <status value="generated"/><div xmlns="http://www.w3.org/1999/xhtml"><p>This case-sensitive code system <code>http://ltsi.univ-rennes.fr/CodeSystem/CSLOINC</code> defines the following codes:</p><table class="codes"><tr><td style="white-space:nowrap"><b>Code</b></td><td><b>Display</b></td></tr><tr><td style="white-space:nowrap">29463-7<a name="CSLOINC-29463-7"> </a></td><td>Weight</td></tr><tr><td style="white-space:nowrap">8302-2<a name="CSLOINC-8302-2"> </a></td><td>Height</td></tr><tr><td style="white-space:nowrap">29274-8&quot;<a name="CSLOINC-29274-8.34"> </a></td><td>Vital signs measurements</td></tr><tr><td style="white-space:nowrap">44292-1<a name="CSLOINC-44292-1"> </a></td><td>Dosage instructions</td></tr><tr><td style="white-space:nowrap">36380-3<a name="CSLOINC-36380-3"> </a></td><td>Duration of medication therapy</td></tr></table></div>
  </text>
  <url value="http://ltsi.univ-rennes.fr/CodeSystem/CSLOINC"/>
  <version value="0.1.0"/>
  <name value="CSLOINC"/>
  <title value="LOINC codes"/>
  <status value="draft"/>
  <experimental value="true"/>
  <date value="2024-05-22T08:18:01+00:00"/>
  <publisher value="DOMASIA team of the Signal and Image Processing Laboratory (LTSI) and KEREVAL"/>
  <contact>
    <name value="DOMASIA team of the Signal and Image Processing Laboratory (LTSI) and KEREVAL"/>
    <telecom>
      <system value="url"/>
      <value value="https://ltsi.univ-rennes.fr"/>
    </telecom>
  </contact>
  <description value="LOINC CodeSystem."/>
  <caseSensitive value="true"/>
  <content value="complete"/>
  <count value="5"/>
  <concept>
    <code value="29463-7"/>
    <display value="Weight"/>
  </concept>
  <concept>
    <code value="8302-2"/>
    <display value="Height"/>
  </concept>
  <concept>
    <code value="29274-8&quot;"/>
    <display value="Vital signs measurements"/>
  </concept>
  <concept>
    <code value="44292-1"/>
    <display value="Dosage instructions"/>
  </concept>
  <concept>
    <code value="36380-3"/>
    <display value="Duration of medication therapy"/>
  </concept>
</CodeSystem>