<?xml version="1.0" encoding="UTF-8"?>

<CodeSystem xmlns="http://hl7.org/fhir">
  <id value="CSPrescriptionCategory"/>
  <text>
    <status value="generated"/><div xmlns="http://www.w3.org/1999/xhtml"><p>This case-sensitive code system <code>http://ltsi.univ-rennes.fr/CodeSystem/CSPrescriptionCategory</code> defines the following codes:</p><table class="codes"><tr><td style="white-space:nowrap"><b>Code</b></td><td><b>Display</b></td></tr><tr><td style="white-space:nowrap">C<a name="CSPrescriptionCategory-C"> </a></td><td>Creation</td></tr><tr><td style="white-space:nowrap">S<a name="CSPrescriptionCategory-S"> </a></td><td>Stop</td></tr><tr><td style="white-space:nowrap">M<a name="CSPrescriptionCategory-M"> </a></td><td>Modification</td></tr><tr><td style="white-space:nowrap">V<a name="CSPrescriptionCategory-V"> </a></td><td>Validation</td></tr></table></div>
  </text>
  <url value="http://ltsi.univ-rennes.fr/CodeSystem/CSPrescriptionCategory"/>
  <version value="0.1.0"/>
  <name value="CSPrescriptionCategory"/>
  <title value="Prescription category"/>
  <status value="draft"/>
  <experimental value="true"/>
  <date value="2024-05-21T15:06:05+00:00"/>
  <publisher value="DOMASIA team of the Signal and Image Processing Laboratory (LTSI) and KEREVAL"/>
  <contact>
    <name value="DOMASIA team of the Signal and Image Processing Laboratory (LTSI) and KEREVAL"/>
    <telecom>
      <system value="url"/>
      <value value="https://ltsi.univ-rennes.fr"/>
    </telecom>
  </contact>
  <description value="CodeSystem for french prescription category (creation, stop, modification, validation)."/>
  <caseSensitive value="true"/>
  <content value="complete"/>
  <count value="4"/>
  <concept>
    <code value="C"/>
    <display value="Creation"/>
  </concept>
  <concept>
    <code value="S"/>
    <display value="Stop"/>
  </concept>
  <concept>
    <code value="M"/>
    <display value="Modification"/>
  </concept>
  <concept>
    <code value="V"/>
    <display value="Validation"/>
  </concept>
</CodeSystem>