<?xml version="1.0" encoding="UTF-8"?>

<CodeSystem xmlns="http://hl7.org/fhir">
  <id value="siph-type-liaison-oncofair-codesystem"/>
  <text>
    <status value="generated"/><div xmlns="http://www.w3.org/1999/xhtml"><p class="res-header-id"><b>Generated Narrative: CodeSystem siph-type-liaison-oncofair-codesystem</b></p><a name="siph-type-liaison-oncofair-codesystem"> </a><a name="hcsiph-type-liaison-oncofair-codesystem"> </a><a name="hcsiph-type-liaison-oncofair-codesystem-en-US"> </a><p>This case-sensitive code system <code>http://ltsi.univ-rennes.fr/CodeSystem/siph-type-liaison-oncofair-codesystem</code> defines the following codes:</p><table class="codes"><tr><td style="white-space:nowrap"><b>Code</b></td><td><b>Display</b></td></tr><tr><td style="white-space:nowrap">COMP<a name="siph-type-liaison-oncofair-codesystem-COMP"> </a></td><td>Complément</td></tr><tr><td style="white-space:nowrap">ALTERN<a name="siph-type-liaison-oncofair-codesystem-ALTERN"> </a></td><td>Alternance</td></tr><tr><td style="white-space:nowrap">COND<a name="siph-type-liaison-oncofair-codesystem-COND"> </a></td><td>Alternative</td></tr><tr><td style="white-space:nowrap">DISDC<a name="siph-type-liaison-oncofair-codesystem-DISDC"> </a></td><td>Dispensation DC</td></tr><tr><td style="white-space:nowrap">MODIF<a name="siph-type-liaison-oncofair-codesystem-MODIF"> </a></td><td>Modification</td></tr><tr><td style="white-space:nowrap">SUGG<a name="siph-type-liaison-oncofair-codesystem-SUGG"> </a></td><td>Suggestion</td></tr><tr><td style="white-space:nowrap">REMP<a name="siph-type-liaison-oncofair-codesystem-REMP"> </a></td><td>Remplacement</td></tr></table></div>
  </text>
  <url value="http://ltsi.univ-rennes.fr/CodeSystem/siph-type-liaison-oncofair-codesystem"/>
  <version value="0.1.0"/>
  <name value="SIPhTypeLiaisonOncoFAIRCodeSystem"/>
  <title value="Type de liaison Code System"/>
  <status value="draft"/>
  <experimental value="true"/>
  <date value="2024-07-08T15:06:33+00:00"/>
  <publisher value="DOMASIA team of the Signal and Image Processing Laboratory (LTSI) and KEREVAL"/>
  <contact>
    <name value="DOMASIA team of the Signal and Image Processing Laboratory (LTSI) and KEREVAL"/>
    <telecom>
      <system value="url"/>
      <value value="https://ltsi.univ-rennes.fr"/>
    </telecom>
  </contact>
  <description value="Code system pour l'attribut TypeLiaison"/>
  <caseSensitive value="true"/>
  <content value="complete"/>
  <count value="7"/>
  <concept>
    <code value="COMP"/>
    <display value="Complément"/>
  </concept>
  <concept>
    <code value="ALTERN"/>
    <display value="Alternance"/>
  </concept>
  <concept>
    <code value="COND"/>
    <display value="Alternative"/>
  </concept>
  <concept>
    <code value="DISDC"/>
    <display value="Dispensation DC"/>
  </concept>
  <concept>
    <code value="MODIF"/>
    <display value="Modification"/>
  </concept>
  <concept>
    <code value="SUGG"/>
    <display value="Suggestion"/>
  </concept>
  <concept>
    <code value="REMP"/>
    <display value="Remplacement"/>
  </concept>
</CodeSystem>