<?xml version="1.0" encoding="UTF-8"?>

<CodeSystem xmlns="http://hl7.org/fhir">
  <id value="siph-statutcomposantadm-oncofair-codesystem"/>
  <text>
    <status value="generated"/><div xmlns="http://www.w3.org/1999/xhtml"><p>This case-sensitive code system <code>http://ltsi.univ-rennes.fr/CodeSystem/siph-statutcomposantadm-oncofair-codesystem</code> defines the following codes:</p><table class="codes"><tr><td style="white-space:nowrap"><b>Code</b></td><td><b>Display</b></td></tr><tr><td style="white-space:nowrap">AF<a name="siph-statutcomposantadm-oncofair-codesystem-AF"> </a></td><td>à faire</td></tr><tr><td style="white-space:nowrap">FA<a name="siph-statutcomposantadm-oncofair-codesystem-FA"> </a></td><td>fait</td></tr><tr><td style="white-space:nowrap">AN<a name="siph-statutcomposantadm-oncofair-codesystem-AN"> </a></td><td>annulé</td></tr><tr><td style="white-space:nowrap">PE<a name="siph-statutcomposantadm-oncofair-codesystem-PE"> </a></td><td>perdu</td></tr><tr><td style="white-space:nowrap">DE<a name="siph-statutcomposantadm-oncofair-codesystem-DE"> </a></td><td>démarré</td></tr><tr><td style="white-space:nowrap">FI<a name="siph-statutcomposantadm-oncofair-codesystem-FI"> </a></td><td>fini</td></tr><tr><td style="white-space:nowrap">AR<a name="siph-statutcomposantadm-oncofair-codesystem-AR"> </a></td><td>arrêté</td></tr><tr><td style="white-space:nowrap">SS<a name="siph-statutcomposantadm-oncofair-codesystem-SS"> </a></td><td>suspendu</td></tr><tr><td style="white-space:nowrap">SU<a name="siph-statutcomposantadm-oncofair-codesystem-SU"> </a></td><td>suivi</td></tr><tr><td style="white-space:nowrap">RD<a name="siph-statutcomposantadm-oncofair-codesystem-RD"> </a></td><td>redémarré</td></tr></table></div>
  </text>
  <url value="http://ltsi.univ-rennes.fr/CodeSystem/siph-statutcomposantadm-oncofair-codesystem"/>
  <version value="0.1.0"/>
  <name value="SIPhStatutComposantAdmOncoFAIRCodeSystem"/>
  <status value="draft"/>
  <experimental value="true"/>
  <date value="2024-06-04T08:55:54+00:00"/>
  <publisher value="DOMASIA team of the Signal and Image Processing Laboratory (LTSI) and KEREVAL"/>
  <contact>
    <name value="DOMASIA team of the Signal and Image Processing Laboratory (LTSI) and KEREVAL"/>
    <telecom>
      <system value="url"/>
      <value value="https://ltsi.univ-rennes.fr"/>
    </telecom>
  </contact>
  <description value="Code system pour l'attribut StatutComposantAdm"/>
  <caseSensitive value="true"/>
  <content value="complete"/>
  <count value="10"/>
  <concept>
    <code value="AF"/>
    <display value="à faire"/>
  </concept>
  <concept>
    <code value="FA"/>
    <display value="fait"/>
  </concept>
  <concept>
    <code value="AN"/>
    <display value="annulé"/>
  </concept>
  <concept>
    <code value="PE"/>
    <display value="perdu"/>
  </concept>
  <concept>
    <code value="DE"/>
    <display value="démarré"/>
  </concept>
  <concept>
    <code value="FI"/>
    <display value="fini"/>
  </concept>
  <concept>
    <code value="AR"/>
    <display value="arrêté"/>
  </concept>
  <concept>
    <code value="SS"/>
    <display value="suspendu"/>
  </concept>
  <concept>
    <code value="SU"/>
    <display value="suivi"/>
  </concept>
  <concept>
    <code value="RD"/>
    <display value="redémarré"/>
  </concept>
</CodeSystem>