<?xml version="1.0" encoding="UTF-8"?>

<Device xmlns="http://hl7.org/fhir">
  <id value="ExampleOncoFAIRDevice"/>
  <text>
    <status value="generated"/><div xmlns="http://www.w3.org/1999/xhtml"><p><b>Generated Narrative: Device </b><a name="ExampleOncoFAIRDevice"> </a><a name="hcExampleOncoFAIRDevice"> </a></p><div style="display: inline-block; background-color: #d9e0e7; padding: 6px; margin: 4px; border: 1px solid #8da1b4; border-radius: 5px; line-height: 60%"><p style="margin-bottom: 0px">ResourceDevice &quot;ExampleOncoFAIRDevice&quot; </p></div><p><b>identifier</b>: D04</p></div>
  </text>
  <identifier>
    <value value="D04"/>
  </identifier>
</Device>