<?xml version="1.0" encoding="UTF-8"?>

<HealthcareService xmlns="http://hl7.org/fhir">
  <id value="ExampleHealthcareServiceMedicalLiability"/>
  <text>
    <status value="generated"/><div xmlns="http://www.w3.org/1999/xhtml"><p class="res-header-id"><b>Generated Narrative: HealthcareService ExampleHealthcareServiceMedicalLiability</b></p><a name="ExampleHealthcareServiceMedicalLiability"> </a><a name="hcExampleHealthcareServiceMedicalLiability"> </a><a name="hcExampleHealthcareServiceMedicalLiability-en-US"> </a><p><b>identifier</b>: MD067</p></div>
  </text>
  <identifier>
    <value value="MD067"/>
  </identifier>
</HealthcareService>