<?xml version="1.0" encoding="UTF-8"?>

<MedicationRequest xmlns="http://hl7.org/fhir">
  <id value="ExampleOncoFAIRMedicationRequestElement"/>
  <meta>
    <profile value="http://ltsi.univ-rennes.fr/StructureDefinition/oncofair-medicationrequest-element"/>
  </meta>
  <text>
    <status value="extensions"/><div xmlns="http://www.w3.org/1999/xhtml"><p><b>Generated Narrative: MedicationRequest </b><a name="ExampleOncoFAIRMedicationRequestElement"> </a><a name="hcExampleOncoFAIRMedicationRequestElement"> </a></p><div style="display: inline-block; background-color: #d9e0e7; padding: 6px; margin: 4px; border: 1px solid #8da1b4; border-radius: 5px; line-height: 60%"><p style="margin-bottom: 0px">ResourceMedicationRequest &quot;ExampleOncoFAIRMedicationRequestElement&quot; </p><p style="margin-bottom: 0px">Profile: <a href="StructureDefinition-oncofair-medicationrequest-element.html">OncoFAIR MedicationRequest Element</a></p></div><p><b>OncoFAIRElementForm</b>: Tablet <span style="background: LightGoldenRodYellow; margin: 4px; border: 1px solid khaki"> (<a href="CodeSystem-snomedct.html">SNOMED CT (all versions)</a>#385055001)</span></p><p><b>OncoFAIRMRElementSupply</b>: true</p><p><b>OncoFAIRMRElementRank</b>: 3</p><blockquote><p><b>OncoFAIRMRElementGoNogo</b></p><blockquote><p><b>url</b></p><code>GoNogoStatus</code></blockquote><p><b>value</b>: En attente <span style="background: LightGoldenRodYellow; margin: 4px; border: 1px solid khaki"> (<a href="CodeSystem-siph-gonogo-oncofair-codesystem.html">SIPhgoNogoOncoFAIRCodeSystem</a>#ATT)</span></p><blockquote><p><b>url</b></p><code>GoNogoReasonWaiting</code></blockquote><p><b>value</b>: XXX <span style="background: LightGoldenRodYellow; margin: 4px; border: 1px solid khaki"> ()</span></p></blockquote><blockquote><p><b>OncoFAIRPharmacistAdvice</b></p><blockquote><p><b>url</b></p><code>pharmacistValidation</code></blockquote><p><b>value</b>: validée <span style="background: LightGoldenRodYellow; margin: 4px; border: 1px solid khaki"> (<a href="CodeSystem-siph-statutvalidpharm-oncofair-codesystem.html">SIPhStatutValidPharmOncoFAIRCodeSystem</a>#VAL)</span></p><blockquote><p><b>url</b></p><code>pharmacistProposal</code></blockquote><p><b>value</b>: Suggestion <span style="background: LightGoldenRodYellow; margin: 4px; border: 1px solid khaki"> (<a href="CodeSystem-siph-natureproppharm-oncofair-codesystem.html">SIPhNaturePropPharmOncoFAIRCodeSystem</a>#SUG)</span></p></blockquote><p><b>identifier</b>: 123456</p><p><b>basedOn</b>: </p><ul><li><a href="MedicationRequest-ExampleOncoFAIRMedicationRequestPrescription.html">MedicationRequest/ExampleOncoFAIRMedicationRequestPrescription</a></li><li><a href="MedicationRequest-ExampleOncoFAIRMedicationRequestElement.html">MedicationRequest/ExampleOncoFAIRMedicationRequestElement</a></li><li><a href="CarePlan-ExampleOncoFAIRCarePlan.html">CarePlan/ExampleOncoFAIRCarePlan</a></li></ul><p><b>groupIdentifier</b>: 303030</p><p><b>status</b>: active</p><p><b>intent</b>: proposal</p><p><b>priority</b>: urgent</p><h3>Medications</h3><table class="grid"><tr><td style="display: none">-</td><td><b>Concept</b></td><td><b>Reference</b></td></tr><tr><td style="display: none">*</td><td>element <span style="background: LightGoldenRodYellow; margin: 4px; border: 1px solid khaki"> ([not stated]#element)</span></td><td><a href="Medication-ExampleOncoFAIRMedication.html">Medication/ExampleOncoFAIRMedication</a></td></tr></table><p><b>subject</b>: <a href="Patient-ExampleOncoFAIRPatient.html">Patient/ExampleOncoFAIRPatient</a></p><p><b>requester</b>: <a href="Practitioner-ExampleOncoFAIRPractitioner.html">Practitioner/ExampleOncoFAIRPractitioner</a></p><h3>Devices</h3><table class="grid"><tr><td style="display: none">-</td><td><b>Reference</b></td></tr><tr><td style="display: none">*</td><td><a href="DeviceDefinition-ExampleOncoFAIRDeviceDefinition.html">DeviceDefinition/ExampleOncoFAIRDeviceDefinition</a></td></tr></table><p><b>note</b>: Paracetamol 500mg Tablet, Prescribed for headaches, Administered after meals</p><blockquote><p><b>dosageInstruction</b></p><blockquote><p><b>id</b></p>element</blockquote><p><b>text</b>: Description of the dosage</p><p><b>additionalInstruction</b>: Half to one hour before food <span style="background: LightGoldenRodYellow; margin: 4px; border: 1px solid khaki"> (<a href="https://browser.ihtsdotools.org/">SNOMED CT</a>#311501008)</span></p><p><b>timing</b>: Starting 2024-06-01 08:00:00+0000 , Once, Until 2024-06-01 09:00:00+0000 </p><p><b>site</b>: Throat <span style="background: LightGoldenRodYellow; margin: 4px; border: 1px solid khaki"> (<a href="https://browser.ihtsdotools.org/">SNOMED CT</a>#49928004)</span></p><p><b>route</b>: Oral route <span style="background: LightGoldenRodYellow; margin: 4px; border: 1px solid khaki"> (<a href="CodeSystem-snomedct.html">SNOMED CT (all versions)</a>#26643006)</span></p><p><b>method</b>: Médicament <span style="background: LightGoldenRodYellow; margin: 4px; border: 1px solid khaki"> (<a href="CodeSystem-siph-typeeltpla-oncofair-codesystem.html">SIPhTypeEltPLAOncoFAIRCodeSystem</a>#MED)</span></p></blockquote><blockquote><p><b>dosageInstruction</b></p><blockquote><p><b>id</b></p>posology</blockquote><p><b>timing</b>: Duration 1?ngen-7? , 2</p><blockquote><p><b>doseAndRate</b></p></blockquote></blockquote></div>
  </text>
  <extension url="http://ltsi.univ-rennes.fr/StructureDefinition/oncofair-element-form">
    <valueCodeableConcept>
      <coding>
        <system value="http://ltsi.univ-rennes.fr/CodeSystem/snomedct"/>
        <code value="385055001"/>
        <display value="Tablet"/>
      </coding>
    </valueCodeableConcept>
  </extension>
  <extension url="http://ltsi.univ-rennes.fr/StructureDefinition/oncofair-mr-element-supply">
    <valueBoolean value="true"/>
  </extension>
  <extension url="http://ltsi.univ-rennes.fr/StructureDefinition/oncofair-mr-element-rank">
    <valueInteger value="3"/>
  </extension>
  <extension url="http://ltsi.univ-rennes.fr/StructureDefinition/oncofair-mr-element-go-nogo">
    <extension url="GoNogoStatus">
      <valueCodeableConcept>
        <coding>
          <system value="http://ltsi.univ-rennes.fr/CodeSystem/siph-gonogo-oncofair-codesystem"/>
          <code value="ATT"/>
          <display value="En attente"/>
        </coding>
      </valueCodeableConcept>
    </extension>
    <extension url="GoNogoReasonWaiting">
      <valueCodeableConcept>
        <text value="XXX"/>
      </valueCodeableConcept>
    </extension>
  </extension>
  <extension url="http://ltsi.univ-rennes.fr/StructureDefinition/oncofair-pharmacist-advice">
    <extension url="pharmacistValidation">
      <valueCodeableConcept>
        <coding>
          <system value="http://ltsi.univ-rennes.fr/CodeSystem/siph-statutvalidpharm-oncofair-codesystem"/>
          <code value="VAL"/>
          <display value="validée"/>
        </coding>
      </valueCodeableConcept>
    </extension>
    <extension url="pharmacistProposal">
      <valueCodeableConcept>
        <coding>
          <system value="http://ltsi.univ-rennes.fr/CodeSystem/siph-natureproppharm-oncofair-codesystem"/>
          <code value="SUG"/>
          <display value="Suggestion"/>
        </coding>
      </valueCodeableConcept>
    </extension>
  </extension>
  <identifier>
    <value value="123456"/>
  </identifier>
  <basedOn>
    <reference value="MedicationRequest/ExampleOncoFAIRMedicationRequestPrescription"/>
  </basedOn>
  <basedOn>
    <extension url="http://ltsi.univ-rennes.fr/StructureDefinition/oncofair-mr-element-link-type">
      <valueCodeableConcept>
        <coding>
          <system value="http://ltsi.univ-rennes.fr/CodeSystem/siph-type-liasion-oncofair-codesystem"/>
          <code value="COMP"/>
          <display value="Complément"/>
        </coding>
      </valueCodeableConcept>
    </extension>
    <reference value="MedicationRequest/ExampleOncoFAIRMedicationRequestElement"/>
  </basedOn>
  <basedOn>
    <reference value="CarePlan/ExampleOncoFAIRCarePlan"/>
  </basedOn>
  <groupIdentifier>
    <value value="303030"/>
  </groupIdentifier>
  <status value="active"/>
  <intent value="proposal"/>
  <priority value="urgent"/>
  <medication>
    <concept>
      <coding>
        <code value="element"/>
      </coding>
    </concept>
    <reference>
      <reference value="Medication/ExampleOncoFAIRMedication"/>
    </reference>
  </medication>
  <subject>
    <reference value="Patient/ExampleOncoFAIRPatient"/>
  </subject>
  <requester>
    <reference value="Practitioner/ExampleOncoFAIRPractitioner"/>
  </requester>
  <device>
    <reference>
      <reference value="DeviceDefinition/ExampleOncoFAIRDeviceDefinition"/>
    </reference>
  </device>
  <note id="wording">
    <text value="Paracetamol 500mg Tablet"/>
  </note>
  <note id="indication">
    <text value="Prescribed for headaches"/>
  </note>
  <note id="comments">
    <text value="Administered after meals"/>
  </note>
  <dosageInstruction id="element">
    <text value="Description of the dosage"/>
    <additionalInstruction>
      <coding>
        <system value="http://snomed.info/sct"/>
        <code value="311501008"/>
        <display value="Half to one hour before food"/>
      </coding>
    </additionalInstruction>
    <timing>
      <repeat>
        <boundsPeriod>
          <start value="2024-06-01T08:00:00Z"/>
          <end value="2024-06-01T09:00:00Z"/>
        </boundsPeriod>
        <offset value="10"/>
      </repeat>
    </timing>
    <site>
      <coding>
        <system value="http://snomed.info/sct"/>
        <code value="49928004"/>
        <display value="Throat"/>
      </coding>
    </site>
    <route>
      <coding>
        <system value="http://ltsi.univ-rennes.fr/CodeSystem/snomedct"/>
        <code value="26643006"/>
        <display value="Oral route"/>
      </coding>
    </route>
    <method>
      <coding>
        <system value="http://ltsi.univ-rennes.fr/CodeSystem/siph-typeeltpla-oncofair-codesystem"/>
        <code value="MED"/>
        <display value="Médicament"/>
      </coding>
    </method>
  </dosageInstruction>
  <dosageInstruction id="posology">
    <timing>
      <repeat>
        <duration value="1"/>
        <durationUnit value="s"/>
        <frequency value="2"/>
      </repeat>
    </timing>
    <doseAndRate>
      <doseQuantity>
        <value value="250"/>
        <system value="http://unitsofmeasure.org"/>
        <code value="mg"/>
      </doseQuantity>
      <rateQuantity>
        <value value="50"/>
        <system value="http://unitsofmeasure.org"/>
        <code value="mg/h"/>
      </rateQuantity>
    </doseAndRate>
  </dosageInstruction>
</MedicationRequest>