<?xml version="1.0" encoding="UTF-8"?>

<MedicationRequest xmlns="http://hl7.org/fhir">
  <id value="ExampleOncoFAIRMedicationRequestPrescription"/>
  <meta>
    <profile value="http://ltsi.univ-rennes.fr/StructureDefinition/oncofair-medicationrequest-prescription"/>
  </meta>
  <text>
    <status value="extensions"/><div xmlns="http://www.w3.org/1999/xhtml"><p><b>Generated Narrative: MedicationRequest </b><a name="ExampleOncoFAIRMedicationRequestPrescription"> </a><a name="hcExampleOncoFAIRMedicationRequestPrescription"> </a></p><div style="display: inline-block; background-color: #d9e0e7; padding: 6px; margin: 4px; border: 1px solid #8da1b4; border-radius: 5px; line-height: 60%"><p style="margin-bottom: 0px">ResourceMedicationRequest &quot;ExampleOncoFAIRMedicationRequestPrescription&quot; </p><p style="margin-bottom: 0px">Profile: <a href="StructureDefinition-oncofair-medicationrequest-prescription.html">OncoFAIR MedicationRequest Prescription</a></p></div><p><b>OncoFAIRMRPrescriptionValidationDate</b>: 2024-06-01 08:00:00+0000</p><p><b>identifier</b>: 12345</p><p><b>basedOn</b>: <a href="CarePlan-ExampleOncoFAIRCarePlan.html">CarePlan/ExampleOncoFAIRCarePlan</a></p><p><b>status</b>: active</p><p><b>intent</b>: order</p><h3>Medications</h3><table class="grid"><tr><td style="display: none">-</td><td><b>Concept</b></td><td><b>Reference</b></td></tr><tr><td style="display: none">*</td><td>prescription <span style="background: LightGoldenRodYellow; margin: 4px; border: 1px solid khaki"> (<a href="CodeSystem-concept-medication-oncofair-codesystem.html">Concepts Medication Code System</a>#prescription)</span></td><td><a href="Medication-ExampleOncoFAIRMedication.html">Medication/ExampleOncoFAIRMedication</a></td></tr></table><p><b>subject</b>: <a href="Patient-ExampleOncoFAIRPatient.html">Patient/ExampleOncoFAIRPatient</a></p><p><b>encounter</b>: <a href="Encounter-ExampleOncoFAIREncounter.html">Encounter/ExampleOncoFAIREncounter</a></p><p><b>supportingInformation</b>: </p><ul><li><a href="HealthcareService-ExampleHealthcareServiceAccomodation.html">HealthcareService/ExampleHealthcareServiceAccomodation</a></li><li><a href="HealthcareService-ExampleHealthcareServiceMedicalLiability.html">HealthcareService/ExampleHealthcareServiceMedicalLiability</a></li></ul><h3>Reasons</h3><table class="grid"><tr><td style="display: none">-</td><td><b>Reference</b></td></tr><tr><td style="display: none">*</td><td><a href="Observation-ExampleOncoFAIRObservation.html">Observation/ExampleOncoFAIRObservation</a></td></tr></table><p><b>note</b>: This is a default comment on the prescription by the prescribing doctor.</p></div>
  </text>
  <extension url="http://ltsi.univ-rennes.fr/StructureDefinition/oncofair-mr-prescription-validation-date">
    <valueDateTime value="2024-06-01T08:00:00Z"/>
  </extension>
  <identifier>
    <value value="12345"/>
  </identifier>
  <basedOn>
    <reference value="CarePlan/ExampleOncoFAIRCarePlan"/>
  </basedOn>
  <status value="active"/>
  <intent value="order"/>
  <medication>
    <concept>
      <coding>
        <system value="http://ltsi.univ-rennes.fr/CodeSystem/concept-medication-oncofair-codesystem"/>
        <code value="prescription"/>
        <display value="prescription"/>
      </coding>
    </concept>
    <reference>
      <reference value="Medication/ExampleOncoFAIRMedication"/>
    </reference>
  </medication>
  <subject>
    <reference value="Patient/ExampleOncoFAIRPatient"/>
  </subject>
  <encounter>
    <reference value="Encounter/ExampleOncoFAIREncounter"/>
  </encounter>
  <supportingInformation id="accomodationUnit">
    <reference value="HealthcareService/ExampleHealthcareServiceAccomodation"/>
  </supportingInformation>
  <supportingInformation id="medicalLiabiltyUnit">
    <reference value="HealthcareService/ExampleHealthcareServiceMedicalLiability"/>
  </supportingInformation>
  <reason>
    <reference>
      <reference value="Observation/ExampleOncoFAIRObservation"/>
    </reference>
  </reason>
  <note>
    <text value="This is a default comment on the prescription by the prescribing doctor."/>
  </note>
</MedicationRequest>