<?xml version="1.0" encoding="UTF-8"?>

<ValueSet xmlns="http://hl7.org/fhir">
  <id value="siph-type-liasion-oncofair-valueset"/>
  <text>
    <status value="generated"/><div xmlns="http://www.w3.org/1999/xhtml"><ul><li>Include all codes defined in <a href="CodeSystem-siph-type-liaison-oncofair-codesystem.html"><code>http://ltsi.univ-rennes.fr/CodeSystem/siph-type-liaison-oncofair-codesystem</code></a></li></ul></div>
  </text>
  <url value="http://ltsi.univ-rennes.fr/ValueSet/siph-type-liasion-oncofair-valueset"/>
  <version value="0.1.0"/>
  <name value="SIPhTypeLiasionOncoFAIRValueSet"/>
  <title value="Type de liaison Value Set"/>
  <status value="draft"/>
  <experimental value="true"/>
  <date value="2024-06-11T13:36:58+00:00"/>
  <publisher value="DOMASIA team of the Signal and Image Processing Laboratory (LTSI) and KEREVAL"/>
  <contact>
    <name value="DOMASIA team of the Signal and Image Processing Laboratory (LTSI) and KEREVAL"/>
    <telecom>
      <system value="url"/>
      <value value="https://ltsi.univ-rennes.fr"/>
    </telecom>
  </contact>
  <description value="Value Set pour Type Liaison"/>
  <compose>
    <include>
      <system value="http://ltsi.univ-rennes.fr/CodeSystem/siph-type-liaison-oncofair-codesystem"/>
    </include>
  </compose>
</ValueSet>