<?xml version="1.0" encoding="UTF-8"?>

<ValueSet xmlns="http://hl7.org/fhir">
  <id value="medications-oncofair-valueset"/>
  <text>
    <status value="generated"/><div xmlns="http://www.w3.org/1999/xhtml"><p class="res-header-id"><b>Generated Narrative: ValueSet medications-oncofair-valueset</b></p><a name="medications-oncofair-valueset"> </a><a name="hcmedications-oncofair-valueset"> </a><a name="hcmedications-oncofair-valueset-en-US"> </a><ul><li>Include all codes defined in <a href="CodeSystem-medications-oncofair-codesystem.html"><code>http://ltsi.univ-rennes.fr/CodeSystem/medications-oncofair-codesystem</code></a></li></ul></div>
  </text>
  <url value="http://ltsi.univ-rennes.fr/ValueSet/medications-oncofair-valueset"/>
  <version value="0.1.0"/>
  <name value="MedicationsOncoFAIRValueSet"/>
  <title value="Medications Value Set"/>
  <status value="draft"/>
  <experimental value="true"/>
  <date value="2024-07-01T13:52:38+00:00"/>
  <publisher value="DOMASIA team of the Signal and Image Processing Laboratory (LTSI) and KEREVAL"/>
  <contact>
    <name value="DOMASIA team of the Signal and Image Processing Laboratory (LTSI) and KEREVAL"/>
    <telecom>
      <system value="url"/>
      <value value="https://ltsi.univ-rennes.fr"/>
    </telecom>
  </contact>
  <description value="ValueSet for medications."/>
  <compose>
    <include>
      <system value="http://ltsi.univ-rennes.fr/CodeSystem/medications-oncofair-codesystem"/>
    </include>
  </compose>
</ValueSet>