{
  "codeSystems" : [
    {
      "url" : "http://ltsi.univ-rennes.fr/CodeSystem/CSEventTypeData",
      "version" : "0.1.0",
      "status" : "draft",
      "name" : "CSEventTypeData",
      "title" : "Event Types",
      "description" : "CodeSystem for various event types used in French healthcare systems, identified by number, abbreviation, and full name.",
      "uses" : {
      },
      "ValueSet-VSEventTypeData.html" : "Event Types Data"
    },
    {
      "url" : "http://ltsi.univ-rennes.fr/CodeSystem/CSMedicationItemProvenance",
      "version" : "0.1.0",
      "status" : "draft",
      "name" : "CSMedicationItemProvenance",
      "title" : "Medication item provenance",
      "description" : "CodeSystem for french medication item provenance.",
      "uses" : {
      },
      "ValueSet-vsMedicationItemProvenance.html" : "Medication item provenance"
    },
    {
      "url" : "http://ltsi.univ-rennes.fr/CodeSystem/CSMedicationStatus",
      "version" : "0.1.0",
      "status" : "draft",
      "name" : "CSMedicationStatus",
      "title" : "Medication status",
      "description" : "CodeSystem for french medication status.",
      "uses" : {
      },
      "ValueSet-vsMedicationStatus.html" : "Medication status"
    },
    {
      "url" : "http://ltsi.univ-rennes.fr/CodeSystem/CSMedicationTypes",
      "version" : "0.1.0",
      "status" : "draft",
      "name" : "CSMedicationTypes",
      "title" : "Medication types",
      "description" : "CodeSystem for french medication types.",
      "uses" : {
      },
      "ValueSet-vsMedicationTypes.html" : "Medication types"
    },
    {
      "url" : "http://ltsi.univ-rennes.fr/CodeSystem/concept-medication-oncofair-codesystem",
      "version" : "0.1.0",
      "status" : "draft",
      "name" : "ConceptMedicationOncoFAIRCodeSystem",
      "title" : "Concepts Medication Code System",
      "description" : "Code system pour différiencier les niveaux de MR/MA",
      "uses" : {
      },
      "ValueSet-concept-medication-oncofair-valueset.html" : "Concepts Medication Value Set"
    },
    {
      "url" : "http://ltsi.univ-rennes.fr/CodeSystem/medical-units-oncofair-codesystem",
      "version" : "0.1.0",
      "status" : "draft",
      "name" : "MedicalUnitsOncoFAIRCodeSystem",
      "title" : "Medical units",
      "description" : "CodeSystem for french medical units (accommodation, medical liability unit).",
      "uses" : {
      },
      "ValueSet-medical-units-oncofair-valueset.html" : "Medical units Value Set"
    },
    {
      "url" : "http://ltsi.univ-rennes.fr/CodeSystem/medication-lti-exemption",
      "version" : "0.1.0",
      "status" : "draft",
      "name" : "CSMedicationLTIExemption",
      "title" : "LTI Detailed Descriptions",
      "description" : "Detailed list of long-term illness (LTI).",
      "uses" : {
      },
      "ValueSet-vsMedicationLTIExemption.html" : "Medication LTI Exemption"
    },
    {
      "url" : "http://ltsi.univ-rennes.fr/CodeSystem/medications-oncofair-codesystem",
      "version" : "0.1.0",
      "status" : "draft",
      "name" : "MedicationsOncoFAIRCodeSystem",
      "title" : "Medications",
      "description" : "CodeSystem for french medications.",
      "uses" : {
      },
      "ValueSet-medications-oncofair-valueset.html" : "Medications Value Set"
    },
    {
      "url" : "http://ltsi.univ-rennes.fr/CodeSystem/siph-gonogo-oncofair-codesystem",
      "version" : "0.1.0",
      "status" : "draft",
      "name" : "SIPhgoNogoOncoFAIRCodeSystem",
      "title" : "goNogo Code System",
      "description" : "Code system pour l'attribut goNogo",
      "uses" : {
      },
      "ValueSet-siph-gonogo-oncofair-valueset.html" : "goNogo Value Set"
    },
    {
      "url" : "http://ltsi.univ-rennes.fr/CodeSystem/siph-listeald-oncofair-codesystem",
      "version" : "0.1.0",
      "status" : "draft",
      "name" : "SIPhListeALDOncoFAIRCodeSystem",
      "title" : "Liste ALD Code System",
      "description" : "Code system pour l'attribut ListeALD",
      "uses" : {
      },
      "ValueSet-siph-listeald-oncofair-valueset.html" : "Liste Affectation Longue Durée Value Set"
    },
    {
      "url" : "http://ltsi.univ-rennes.fr/CodeSystem/siph-natureproppharm-oncofair-codesystem",
      "version" : "0.1.0",
      "status" : "draft",
      "name" : "SIPhNaturePropPharmOncoFAIRCodeSystem",
      "title" : "Nature proposition pharmaceutique Code System",
      "description" : "Code system pour l'attribut NaturePropPharm",
      "uses" : {
      },
      "ValueSet-siph-natureproppharm-oncofair-valueset.html" : "Nature proposition pharmaceutique Value Set"
    },
    {
      "url" : "http://ltsi.univ-rennes.fr/CodeSystem/siph-paramposoconditionnelle-oncofair-codesystem",
      "version" : "0.1.0",
      "status" : "draft",
      "name" : "SIPhParamPosoConditionnelleOncoFAIRCodeSystem",
      "title" : "Paremètres posologie conditionnelle Code System",
      "description" : "Code system pour l'attribut ParamPosoConditionnelle",
      "uses" : {
      },
      "ValueSet-siph-paramposoconditionnelle-oncofair-valueset.html" : "Paramètres posologie conditionnelle"
    },
    {
      "url" : "http://ltsi.univ-rennes.fr/CodeSystem/siph-renscomplement-oncofair-codesystem",
      "version" : "0.1.0",
      "status" : "draft",
      "name" : "SIPhRensComplementOncoFAIRCodeSystem",
      "title" : "Renseignement complémentaire Code System",
      "description" : "Code system pour l'attribut RensComplement",
      "uses" : {
      },
      "ValueSet-siph-renscomplement-oncofair-valueset.html" : "Renseignement complémentaire Value Set"
    },
    {
      "url" : "http://ltsi.univ-rennes.fr/CodeSystem/siph-statutcomposantadm-oncofair-codesystem",
      "version" : "0.1.0",
      "status" : "draft",
      "name" : "SIPhStatutComposantAdmOncoFAIRCodeSystem",
      "title" : "Statut composant administré Code System",
      "description" : "Code system pour l'attribut StatutComposantAdm",
      "uses" : {
      },
      "ValueSet-siph-statutcomposantadm-oncofair-valueset.html" : "Statut composant administré Value Set"
    },
    {
      "url" : "http://ltsi.univ-rennes.fr/CodeSystem/siph-statutvalidpharm-oncofair-codesystem",
      "version" : "0.1.0",
      "status" : "draft",
      "name" : "SIPhStatutValidPharmOncoFAIRCodeSystem",
      "title" : "Statut validation pharmaceutique Code System",
      "description" : "Code system pour l'attribut StatutValidPharm",
      "uses" : {
      },
      "ValueSet-siph-statutvalidpharm-oncofair-valueset.html" : "Statut validation pharmaceutique Value Set"
    },
    {
      "url" : "http://ltsi.univ-rennes.fr/CodeSystem/siph-type-liaison-oncofair-codesystem",
      "version" : "0.1.0",
      "status" : "draft",
      "name" : "SIPhTypeLiaisonOncoFAIRCodeSystem",
      "title" : "Type de liaison Code System",
      "description" : "Code system pour l'attribut TypeLiaison",
      "uses" : {
      },
      "ValueSet-siph-type-liasion-oncofair-valueset.html" : "Type de liaison Value Set"
    },
    {
      "url" : "http://ltsi.univ-rennes.fr/CodeSystem/siph-typecomposant-oncofair-codesystem",
      "version" : "0.1.0",
      "status" : "draft",
      "name" : "SIPhTypeComposantOncoFAIRCodeSystem",
      "title" : "Type de composant Code System",
      "description" : "Code system pour l'attribut TypeComposant",
      "uses" : {
      },
      "ValueSet-siph-typecomposant-oncofair-valueset.html" : "Type de composant Value Set"
    },
    {
      "url" : "http://ltsi.univ-rennes.fr/CodeSystem/siph-typeeltpla-oncofair-codesystem",
      "version" : "0.1.0",
      "status" : "draft",
      "name" : "SIPhTypeEltPLAOncoFAIRCodeSystem",
      "title" : "Type de l'élément d'administration Code System",
      "description" : "Code system pour l'attribut TypeEltPLA",
      "uses" : {
      },
      "ValueSet-siph-typeeltpla-oncofair-valueset.html" : "Type de l'élément d'administration Value Set"
    },
    {
      "url" : "http://ltsi.univ-rennes.fr/CodeSystem/siph-typeevenement-oncofair-codesystem",
      "version" : "0.1.0",
      "status" : "draft",
      "name" : "SIPhTypeEvenementOncoFAIRCodeSystem",
      "title" : "Type évènement Code System",
      "description" : "Code system pour l'attribut TypeEvenement",
      "uses" : {
      },
      "ValueSet-siph-typeevenement-oncofair-valueset.html" : "Type de l'évènement Value Set"
    },
    {
      "url" : "http://terminology.hl7.org/CodeSystem/icd-o-3",
      "version" : "2.0.1",
      "status" : "active",
      "name" : "IcdO3",
      "title" : "International Classification of Diseases for Oncology, version 3.",
      "description" : "International Classification of Diseases for Oncology, version 3. For more information see http://www.who.int/classifications/icd/adaptations/oncology/en/.",
      "oids" : ["2.16.840.1.113883.6.43.1"],
      "uses" : {
      },
      "ValueSet-Morphology.html" : "Morphology Value Set",
      "ValueSet-Topography.html" : "Topography Value Set"
    },
    {
      "url" : "http://terminology.hl7.org/CodeSystem/umls",
      "version" : "2.0.1",
      "status" : "retired",
      "name" : "Umls",
      "title" : "Unified Medical Language System",
      "description" : "UMLS codes as CUIs making up the values in a coding system. More information may be found at http://www.nlm.nih.gov/research/umls/",
      "oids" : ["2.16.840.1.113883.6.86"],
      "uses" : {
      },
      "ValueSet-TreatmentType.html" : "Treatment Type Value Set",
      "ValueSet-TumorPathologyEventType.html" : "Tumor Pathology Event Type Value Set",
      "ValueSet-Laterality.html" : "Tumor Laterality Value Set"
    }
  ]
}
