{"resourceType":"CodeSystem","id":"CSMedications","text":{"status":"generated","div":"<div xmlns=\"http://www.w3.org/1999/xhtml\"><p>This case-sensitive code system <code>http://ltsi.univ-rennes.fr/CodeSystem/CSMedications</code> defines the following codes:</p><table class=\"codes\"><tr><td style=\"white-space:nowrap\"><b>Code</b></td><td><b>Display</b></td></tr><tr><td style=\"white-space:nowrap\">9365536<a name=\"CSMedications-9365536\"> </a></td><td>OXALIPLATINE 200 mg</td></tr><tr><td style=\"white-space:nowrap\">9334872<a name=\"CSMedications-9334872\"> </a></td><td>5-FLUOROURACILE 5 g</td></tr><tr><td style=\"white-space:nowrap\">9314929<a name=\"CSMedications-9314929\"> </a></td><td>LEVOFOLINATE DE CALCIUM</td></tr><tr><td style=\"white-space:nowrap\">9296278<a name=\"CSMedications-9296278\"> </a></td><td>ONDANSETRON</td></tr><tr><td style=\"white-space:nowrap\">5<a name=\"CSMedications-5\"> </a></td><td>METHYLPREDNISOLONE</td></tr><tr><td style=\"white-space:nowrap\">9279854<a name=\"CSMedications-9279854\"> </a></td><td>G5% 100ML POCHE</td></tr><tr><td style=\"white-space:nowrap\">9403863<a name=\"CSMedications-9403863\"> </a></td><td>OXYCODONE LP 10 MG VIATRIS, CPR À LIBÉRATION PROLONGÉE</td></tr><tr><td style=\"white-space:nowrap\">9075933<a name=\"CSMedications-9075933\"> </a></td><td>PROFENID 50 MG, GÉLULE</td></tr><tr><td style=\"white-space:nowrap\">3400892028057<a name=\"CSMedications-3400892028057\"> </a></td><td>DOLIPRANE 2,4% BUV SS SUCRE FL 100ML</td></tr><tr><td style=\"white-space:nowrap\">9100298<a name=\"CSMedications-9100298\"> </a></td><td>VIT B12 DEL 1MG/2ML INJ BUV AMP</td></tr><tr><td style=\"white-space:nowrap\">9009043<a name=\"CSMedications-9009043\"> </a></td><td>BACTRIM FORTE 800MG/160MG CPR</td></tr><tr><td style=\"white-space:nowrap\">9137249<a name=\"CSMedications-9137249\"> </a></td><td>PENTACARINAT 300MG PDR INJ</td></tr></table></div>"},"url":"http://ltsi.univ-rennes.fr/CodeSystem/CSMedications","version":"0.1.0","name":"CSMedications","title":"Medications","status":"draft","experimental":true,"date":"2024-03-25T08:26:42+00:00","publisher":"DOMASIA team of the Signal and Image Processing Laboratory (LTSI)","contact":[{"name":"DOMASIA team of the Signal and Image Processing Laboratory (LTSI)","telecom":[{"system":"url","value":"https://ltsi.univ-rennes.fr"}]}],"description":"CodeSystem for french medications.","caseSensitive":true,"content":"complete","count":12,"concept":[{"code":"9365536","display":"OXALIPLATINE 200 mg"},{"code":"9334872","display":"5-FLUOROURACILE 5 g"},{"code":"9314929","display":"LEVOFOLINATE DE CALCIUM"},{"code":"9296278","display":"ONDANSETRON"},{"code":"5","display":"METHYLPREDNISOLONE"},{"code":"9279854","display":"G5% 100ML POCHE"},{"code":"9403863","display":"OXYCODONE LP 10 MG VIATRIS, CPR À LIBÉRATION PROLONGÉE"},{"code":"9075933","display":"PROFENID 50 MG, GÉLULE"},{"code":"3400892028057","display":"DOLIPRANE 2,4% BUV SS SUCRE FL 100ML"},{"code":"9100298","display":"VIT B12 DEL 1MG/2ML INJ BUV AMP"},{"code":"9009043","display":"BACTRIM FORTE 800MG/160MG CPR"},{"code":"9137249","display":"PENTACARINAT 300MG PDR INJ"}]}