{"resourceType":"CodeSystem","id":"siph-typeevenement-oncofair-codesystem","text":{"status":"generated","div":"<div xmlns=\"http://www.w3.org/1999/xhtml\"><p class=\"res-header-id\"><b>Generated Narrative: CodeSystem siph-typeevenement-oncofair-codesystem</b></p><a name=\"siph-typeevenement-oncofair-codesystem\"> </a><a name=\"hcsiph-typeevenement-oncofair-codesystem\"> </a><a name=\"siph-typeevenement-oncofair-codesystem-en-US\"> </a><p>This case-sensitive code system <code>http://ltsi.univ-rennes.fr/CodeSystem/siph-typeevenement-oncofair-codesystem</code> defines the following codes:</p><table class=\"codes\"><tr><td style=\"white-space:nowrap\"><b>Code</b></td><td><b>Display</b></td></tr><tr><td style=\"white-space:nowrap\">DH<a name=\"siph-typeevenement-oncofair-codesystem-DH\"> </a></td><td>date-heure absolue</td></tr><tr><td style=\"white-space:nowrap\">DHEVT<a name=\"siph-typeevenement-oncofair-codesystem-DHEVT\"> </a></td><td>date-heure relative à un événement</td></tr><tr><td style=\"white-space:nowrap\">SIGNE<a name=\"siph-typeevenement-oncofair-codesystem-SIGNE\"> </a></td><td>survenue d'un signe</td></tr><tr><td style=\"white-space:nowrap\">POSOCOND<a name=\"siph-typeevenement-oncofair-codesystem-POSOCOND\"> </a></td><td>paramètre de posologie conditionnelle</td></tr></table></div>"},"url":"http://ltsi.univ-rennes.fr/CodeSystem/siph-typeevenement-oncofair-codesystem","version":"0.1.0","name":"SIPhTypeEvenementOncoFAIRCodeSystem","title":"Type évènement Code System","status":"draft","experimental":true,"date":"2025-05-22T14:53:56+00:00","publisher":"KEREVAL and DOMASIA team of the Signal and Image Processing Laboratory (LTSI)","contact":[{"name":"KEREVAL and DOMASIA team of the Signal and Image Processing Laboratory (LTSI)","telecom":[{"system":"url","value":"https://github.com/ONCOFAIR"}]}],"description":"Code system pour l'attribut TypeEvenement","caseSensitive":true,"content":"complete","count":4,"concept":[{"code":"DH","display":"date-heure absolue","designation":[{"use":{"system":"http://terminology.hl7.org/CodeSystem/designation-usage","code":"display"},"value":"date-heure absolue"}]},{"code":"DHEVT","display":"date-heure relative à un événement","designation":[{"use":{"system":"http://terminology.hl7.org/CodeSystem/designation-usage","code":"display"},"value":"date-heure relative à un événement"}]},{"code":"SIGNE","display":"survenue d'un signe","designation":[{"use":{"system":"http://terminology.hl7.org/CodeSystem/designation-usage","code":"display"},"value":"survenue d'un signe"}]},{"code":"POSOCOND","display":"paramètre de posologie conditionnelle","designation":[{"use":{"system":"http://terminology.hl7.org/CodeSystem/designation-usage","code":"display"},"value":"paramètre de posologie conditionnelle"}]}]}