{"resourceType":"CodeSystem","id":"CSPrescriptionCategory","text":{"status":"generated","div":"<div xmlns=\"http://www.w3.org/1999/xhtml\"><p>This case-sensitive code system <code>http://ltsi.univ-rennes.fr/CodeSystem/CSPrescriptionCategory</code> defines the following codes:</p><table class=\"codes\"><tr><td style=\"white-space:nowrap\"><b>Code</b></td><td><b>Display</b></td></tr><tr><td style=\"white-space:nowrap\">C<a name=\"CSPrescriptionCategory-C\"> </a></td><td>Creation</td></tr><tr><td style=\"white-space:nowrap\">S<a name=\"CSPrescriptionCategory-S\"> </a></td><td>Stop</td></tr><tr><td style=\"white-space:nowrap\">M<a name=\"CSPrescriptionCategory-M\"> </a></td><td>Modification</td></tr><tr><td style=\"white-space:nowrap\">V<a name=\"CSPrescriptionCategory-V\"> </a></td><td>Validation</td></tr></table></div>"},"url":"http://ltsi.univ-rennes.fr/CodeSystem/CSPrescriptionCategory","version":"0.1.0","name":"CSPrescriptionCategory","title":"Prescription category","status":"draft","experimental":true,"date":"2024-03-25T09:35:47+00:00","publisher":"DOMASIA team of the Signal and Image Processing Laboratory (LTSI)","contact":[{"name":"DOMASIA team of the Signal and Image Processing Laboratory (LTSI)","telecom":[{"system":"url","value":"https://ltsi.univ-rennes.fr"}]}],"description":"CodeSystem for french prescription category (creation, stop, modification, validation).","caseSensitive":true,"content":"complete","count":4,"concept":[{"code":"C","display":"Creation"},{"code":"S","display":"Stop"},{"code":"M","display":"Modification"},{"code":"V","display":"Validation"}]}