{"resourceType":"CodeSystem","id":"CSSCT","text":{"status":"generated","div":"<div xmlns=\"http://www.w3.org/1999/xhtml\"><p>This case-sensitive code system <code>http://ltsi.univ-rennes.fr/CodeSystem/CSSCT</code> defines the following codes:</p><table class=\"codes\"><tr><td style=\"white-space:nowrap\"><b>Code</b></td><td><b>Display</b></td></tr><tr><td style=\"white-space:nowrap\">284009009<a name=\"CSSCT-284009009\"> </a></td><td>Route of administration values</td></tr><tr><td style=\"white-space:nowrap\">6064005<a name=\"CSSCT-6064005\"> </a></td><td>Topical route</td></tr><tr><td style=\"white-space:nowrap\">10547007<a name=\"CSSCT-10547007\"> </a></td><td>Otic route</td></tr><tr><td style=\"white-space:nowrap\">12130007<a name=\"CSSCT-12130007\"> </a></td><td>Intra-articular route</td></tr><tr><td style=\"white-space:nowrap\">16857009<a name=\"CSSCT-16857009\"> </a></td><td>Per vagina</td></tr><tr><td style=\"white-space:nowrap\">26643006<a name=\"CSSCT-26643006\"> </a></td><td>Oral route</td></tr><tr><td style=\"white-space:nowrap\">34206005<a name=\"CSSCT-34206005\"> </a></td><td>Subcutaneous route</td></tr><tr><td style=\"white-space:nowrap\">37161004<a name=\"CSSCT-37161004\"> </a></td><td>Per rectum</td></tr><tr><td style=\"white-space:nowrap\">37737002<a name=\"CSSCT-37737002\"> </a></td><td>Intraluminal route</td></tr><tr><td style=\"white-space:nowrap\">37839007<a name=\"CSSCT-37839007\"> </a></td><td>Sublingual route</td></tr><tr><td style=\"white-space:nowrap\">38239002<a name=\"CSSCT-38239002\"> </a></td><td>Intraperitoneal route</td></tr><tr><td style=\"white-space:nowrap\">45890007<a name=\"CSSCT-45890007\"> </a></td><td>Transdermal route</td></tr><tr><td style=\"white-space:nowrap\">46713006<a name=\"CSSCT-46713006\"> </a></td><td>Nasal route</td></tr><tr><td style=\"white-space:nowrap\">47625008<a name=\"CSSCT-47625008\"> </a></td><td>Intravenous route</td></tr><tr><td style=\"white-space:nowrap\">54471007<a name=\"CSSCT-54471007\"> </a></td><td>Buccal route</td></tr><tr><td style=\"white-space:nowrap\">54485002<a name=\"CSSCT-54485002\"> </a></td><td>Ophthalmic route</td></tr><tr><td style=\"white-space:nowrap\">58100008<a name=\"CSSCT-58100008\"> </a></td><td>Intra-arterial route</td></tr><tr><td style=\"white-space:nowrap\">60213007<a name=\"CSSCT-60213007\"> </a></td><td>Intramedullary route</td></tr><tr><td style=\"white-space:nowrap\">62226000<a name=\"CSSCT-62226000\"> </a></td><td>Intrauterine route</td></tr><tr><td style=\"white-space:nowrap\">72607000<a name=\"CSSCT-72607000\"> </a></td><td>Intrathecal route</td></tr><tr><td style=\"white-space:nowrap\">78421000<a name=\"CSSCT-78421000\"> </a></td><td>Intramuscular route</td></tr></table></div>"},"url":"http://ltsi.univ-rennes.fr/CodeSystem/CSSCT","version":"0.1.0","name":"CSSCT","title":"SNOMED CT Codes","status":"draft","experimental":true,"date":"2024-03-29T13:47:24+00:00","publisher":"DOMASIA team of the Signal and Image Processing Laboratory (LTSI) and KEREVAL","contact":[{"name":"DOMASIA team of the Signal and Image Processing Laboratory (LTSI) and KEREVAL","telecom":[{"system":"url","value":"https://ltsi.univ-rennes.fr"}]}],"description":"SNOMED CT code system.","caseSensitive":true,"content":"complete","count":21,"concept":[{"code":"284009009","display":"Route of administration values"},{"code":"6064005","display":"Topical route"},{"code":"10547007","display":"Otic route"},{"code":"12130007","display":"Intra-articular route"},{"code":"16857009","display":"Per vagina"},{"code":"26643006","display":"Oral route"},{"code":"34206005","display":"Subcutaneous route"},{"code":"37161004","display":"Per rectum"},{"code":"37737002","display":"Intraluminal route"},{"code":"37839007","display":"Sublingual route"},{"code":"38239002","display":"Intraperitoneal route"},{"code":"45890007","display":"Transdermal route"},{"code":"46713006","display":"Nasal route"},{"code":"47625008","display":"Intravenous route"},{"code":"54471007","display":"Buccal route"},{"code":"54485002","display":"Ophthalmic route"},{"code":"58100008","display":"Intra-arterial route"},{"code":"60213007","display":"Intramedullary route"},{"code":"62226000","display":"Intrauterine route"},{"code":"72607000","display":"Intrathecal route"},{"code":"78421000","display":"Intramuscular route"}]}