{"resourceType":"ImplementationGuide","id":"ltsi.fhir.oncofair","text":{"status":"extensions","div":"<div xmlns=\"http://www.w3.org/1999/xhtml\"><h2>OncoFAIR</h2><p>The official URL for this implementation guide is: </p><pre>http://ltsi.univ-rennes.fr/ImplementationGuide/ltsi.fhir.oncofair</pre><div><p>The Onco-FAIR implementation guide reports on the implementation of prescribing and medication administration in oncology.</p>\n</div></div>"},"url":"http://ltsi.univ-rennes.fr/ImplementationGuide/ltsi.fhir.oncofair","version":"0.1.0","name":"OncoFAIR","title":"Onco-FAIR","status":"draft","date":"2024-03-27T14:50:30+00:00","publisher":"DOMASIA team of the Signal and Image Processing Laboratory (LTSI)","contact":[{"name":"DOMASIA team of the Signal and Image Processing Laboratory (LTSI)","telecom":[{"system":"url","value":"https://ltsi.univ-rennes.fr"}]}],"description":"The Onco-FAIR implementation guide reports on the implementation of prescribing and medication administration in oncology.","packageId":"ltsi.fhir.oncofair","license":"CC0-1.0","fhirVersion":["5.0.0"],"dependsOn":[{"id":"hl7tx","extension":[{"url":"http://hl7.org/fhir/tools/StructureDefinition/implementationguide-dependency-comment","valueMarkdown":"Automatically added as a dependency - all IGs depend on HL7 Terminology"}],"uri":"http://terminology.hl7.org/ImplementationGuide/hl7.terminology","packageId":"hl7.terminology.r5","version":"5.3.0"},{"id":"hl7ext","extension":[{"url":"http://hl7.org/fhir/tools/StructureDefinition/implementationguide-dependency-comment","valueMarkdown":"Automatically added as a dependency - all IGs depend on the HL7 Extension Pack"}],"uri":"http://hl7.org/fhir/extensions/ImplementationGuide/hl7.fhir.uv.extensions","packageId":"hl7.fhir.uv.extensions.r5","version":"1.0.0"}],"definition":{"extension":[{"url":"http://hl7.org/fhir/tools/StructureDefinition/ig-internal-dependency","valueCode":"hl7.fhir.uv.tools#0.1.0"}],"grouping":[{"id":"-str-profile","name":"Structures: Resource Profiles","description":"These define constraints on FHIR resources for systems conforming to this implementation guide."},{"id":"-str-extension","name":"Structures: Extension Definitions","description":"These define constraints on FHIR data types for systems conforming to this implementation guide."},{"id":"-term-valueset","name":"Terminology: Value Sets","description":"These define sets of codes used by systems conforming to this implementation guide."},{"id":"-term-codesystem","name":"Terminology: Code Systems","description":"These define new code systems used by systems conforming to this implementation guide."},{"id":"-ex-example","name":"Example: Example Instances","description":"These are example instances that show what data produced and consumed by systems conforming with this implementation guide might look like."}],"resource":[{"extension":[{"url":"http://hl7.org/fhir/tools/StructureDefinition/resource-sort","valueInteger":999999999},{"url":"http://hl7.org/fhir/StructureDefinition/implementationguide-page","valueUri":"StructureDefinition-accomodation-unit.html"}],"reference":{"reference":"StructureDefinition/accomodation-unit"},"name":"Accomodation Unit","description":"Accomodation unit.","isExample":false,"groupingId":"-str-profile"},{"extension":[{"url":"http://hl7.org/fhir/tools/StructureDefinition/resource-sort","valueInteger":999999999},{"url":"http://hl7.org/fhir/StructureDefinition/implementationguide-page","valueUri":"StructureDefinition-additional-information.html"}],"reference":{"reference":"StructureDefinition/additional-information"},"name":"Additional Information","description":"Additional information, such as height or weight.","isExample":false,"groupingId":"-str-profile"},{"extension":[{"url":"http://hl7.org/fhir/tools/StructureDefinition/resource-sort","valueInteger":999999999},{"url":"http://hl7.org/fhir/StructureDefinition/implementationguide-page","valueUri":"StructureDefinition-administration-report.html"}],"reference":{"reference":"StructureDefinition/administration-report"},"name":"Administration Report","description":"Prescribed medication administration report.","isExample":false,"groupingId":"-str-profile"},{"extension":[{"url":"http://hl7.org/fhir/tools/StructureDefinition/resource-sort","valueInteger":999999999},{"url":"http://hl7.org/fhir/StructureDefinition/implementationguide-page","valueUri":"StructureDefinition-associated-device.html"}],"reference":{"reference":"StructureDefinition/associated-device"},"name":"Associated Device","description":"A device associated with a medication for its administration.","isExample":false,"groupingId":"-str-profile"},{"extension":[{"url":"http://hl7.org/fhir/tools/StructureDefinition/resource-sort","valueInteger":999999999},{"url":"http://hl7.org/fhir/StructureDefinition/implementationguide-page","valueUri":"StructureDefinition-Medical-liability-unit.html"}],"reference":{"reference":"StructureDefinition/Medical-liability-unit"},"name":"Medical Liability Unit","description":"Medical liability unit.","isExample":false,"groupingId":"-str-profile"},{"extension":[{"url":"http://hl7.org/fhir/tools/StructureDefinition/resource-sort","valueInteger":999999999},{"url":"http://hl7.org/fhir/StructureDefinition/implementationguide-page","valueUri":"StructureDefinition-oncology-medication.html"}],"reference":{"reference":"StructureDefinition/oncology-medication"},"name":"Oncology Medication","description":"Medication used in oncology.","isExample":false,"groupingId":"-str-profile"},{"extension":[{"url":"http://hl7.org/fhir/tools/StructureDefinition/resource-sort","valueInteger":999999999},{"url":"http://hl7.org/fhir/StructureDefinition/implementationguide-page","valueUri":"StructureDefinition-oncology-patient.html"}],"reference":{"reference":"StructureDefinition/oncology-patient"},"name":"Oncology Patient","description":"Patient receiving medical treatment in oncology.","isExample":false,"groupingId":"-str-profile"},{"extension":[{"url":"http://hl7.org/fhir/tools/StructureDefinition/resource-sort","valueInteger":999999999},{"url":"http://hl7.org/fhir/StructureDefinition/implementationguide-page","valueUri":"StructureDefinition-oncology-practitioner.html"}],"reference":{"reference":"StructureDefinition/oncology-practitioner"},"name":"Oncology Practitioner","description":"Oncology practitioner.","isExample":false,"groupingId":"-str-profile"},{"extension":[{"url":"http://hl7.org/fhir/tools/StructureDefinition/resource-sort","valueInteger":999999999},{"url":"http://hl7.org/fhir/StructureDefinition/implementationguide-page","valueUri":"StructureDefinition-prescription.html"}],"reference":{"reference":"StructureDefinition/prescription"},"name":"Prescription","description":"Medication prescription.","isExample":false,"groupingId":"-str-profile"},{"extension":[{"url":"http://hl7.org/fhir/tools/StructureDefinition/resource-sort","valueInteger":999999999},{"url":"http://hl7.org/fhir/StructureDefinition/implementationguide-page","valueUri":"StructureDefinition-prescription-item.html"}],"reference":{"reference":"StructureDefinition/prescription-item"},"name":"Prescription Item","description":"Prescription item.","isExample":false,"groupingId":"-str-profile"},{"extension":[{"url":"http://hl7.org/fhir/tools/StructureDefinition/resource-sort","valueInteger":999999999},{"url":"http://hl7.org/fhir/StructureDefinition/implementationguide-page","valueUri":"StructureDefinition-protocol.html"}],"reference":{"reference":"StructureDefinition/protocol"},"name":"Protocol","description":"Protocol.","isExample":false,"groupingId":"-str-profile"},{"extension":[{"url":"http://hl7.org/fhir/tools/StructureDefinition/resource-sort","valueInteger":999999999},{"url":"http://hl7.org/fhir/StructureDefinition/implementationguide-page","valueUri":"StructureDefinition-Stay.html"}],"reference":{"reference":"StructureDefinition/Stay"},"name":"Stay","description":"Stay.","isExample":false,"groupingId":"-str-profile"},{"extension":[{"url":"http://hl7.org/fhir/tools/StructureDefinition/resource-sort","valueInteger":999999999},{"url":"http://hl7.org/fhir/StructureDefinition/implementationguide-page","valueUri":"StructureDefinition-treatment-cycle-number.html"}],"reference":{"reference":"StructureDefinition/treatment-cycle-number"},"name":"Treatment cycle number","description":"Treatment cycle number.","isExample":false,"groupingId":"-str-extension"},{"extension":[{"url":"http://hl7.org/fhir/tools/StructureDefinition/resource-sort","valueInteger":999999999},{"url":"http://hl7.org/fhir/StructureDefinition/implementationguide-page","valueUri":"StructureDefinition-treatment-day-number.html"}],"reference":{"reference":"StructureDefinition/treatment-day-number"},"name":"Treatment day number","description":"Treatment day number.","isExample":false,"groupingId":"-str-extension"},{"extension":[{"url":"http://hl7.org/fhir/tools/StructureDefinition/resource-sort","valueInteger":999999999},{"url":"http://hl7.org/fhir/StructureDefinition/implementationguide-page","valueUri":"ValueSet-vsCommunicationModes.html"}],"reference":{"reference":"ValueSet/vsCommunicationModes"},"name":"Communication modes","description":"ValueSet for communication modes (incremental, summary).","isExample":false,"groupingId":"-term-valueset"},{"extension":[{"url":"http://hl7.org/fhir/tools/StructureDefinition/resource-sort","valueInteger":999999999},{"url":"http://hl7.org/fhir/StructureDefinition/implementationguide-page","valueUri":"ValueSet-vsLOINC.html"}],"reference":{"reference":"ValueSet/vsLOINC"},"name":"LOINC codes","description":"ValueSet of LOINC codes.","isExample":false,"groupingId":"-term-valueset"},{"extension":[{"url":"http://hl7.org/fhir/tools/StructureDefinition/resource-sort","valueInteger":999999999},{"url":"http://hl7.org/fhir/StructureDefinition/implementationguide-page","valueUri":"ValueSet-vsMedicalUnits.html"}],"reference":{"reference":"ValueSet/vsMedicalUnits"},"name":"Medical units","description":"ValueSet for medical units (accommodation, medical liability unit).","isExample":false,"groupingId":"-term-valueset"},{"extension":[{"url":"http://hl7.org/fhir/tools/StructureDefinition/resource-sort","valueInteger":999999999},{"url":"http://hl7.org/fhir/StructureDefinition/implementationguide-page","valueUri":"ValueSet-vsMedicationTypes.html"}],"reference":{"reference":"ValueSet/vsMedicationTypes"},"name":"Medication types","description":"ValueSet for medication types.","isExample":false,"groupingId":"-term-valueset"},{"extension":[{"url":"http://hl7.org/fhir/tools/StructureDefinition/resource-sort","valueInteger":999999999},{"url":"http://hl7.org/fhir/StructureDefinition/implementationguide-page","valueUri":"ValueSet-vsMedications.html"}],"reference":{"reference":"ValueSet/vsMedications"},"name":"Medications","description":"ValueSet for medications.","isExample":false,"groupingId":"-term-valueset"},{"extension":[{"url":"http://hl7.org/fhir/tools/StructureDefinition/resource-sort","valueInteger":999999999},{"url":"http://hl7.org/fhir/StructureDefinition/implementationguide-page","valueUri":"ValueSet-vsPrescriptionCategory.html"}],"reference":{"reference":"ValueSet/vsPrescriptionCategory"},"name":"Prescription status","description":"ValueSet for PlanDefinition types, extended to include creation, stop, modification and validation.","isExample":false,"groupingId":"-term-valueset"},{"extension":[{"url":"http://hl7.org/fhir/tools/StructureDefinition/resource-sort","valueInteger":999999999},{"url":"http://hl7.org/fhir/StructureDefinition/implementationguide-page","valueUri":"ValueSet-vsSCT.html"}],"reference":{"reference":"ValueSet/vsSCT"},"name":"SNOMED CT codes","description":"ValueSet of SNOMED CT codes.","isExample":false,"groupingId":"-term-valueset"},{"extension":[{"url":"http://hl7.org/fhir/tools/StructureDefinition/resource-sort","valueInteger":999999999},{"url":"http://hl7.org/fhir/StructureDefinition/implementationguide-page","valueUri":"CodeSystem-CSCommunicationModes.html"}],"reference":{"reference":"CodeSystem/CSCommunicationModes"},"name":"Communication modes","description":"CodeSystem for french communication modes (incremental, summary).","isExample":false,"groupingId":"-term-codesystem"},{"extension":[{"url":"http://hl7.org/fhir/tools/StructureDefinition/resource-sort","valueInteger":999999999},{"url":"http://hl7.org/fhir/StructureDefinition/implementationguide-page","valueUri":"CodeSystem-CSLOINC.html"}],"reference":{"reference":"CodeSystem/CSLOINC"},"name":"LOINC codes","description":"LOINC CodeSystem.","isExample":false,"groupingId":"-term-codesystem"},{"extension":[{"url":"http://hl7.org/fhir/tools/StructureDefinition/resource-sort","valueInteger":999999999},{"url":"http://hl7.org/fhir/StructureDefinition/implementationguide-page","valueUri":"CodeSystem-CSMedicalUnits.html"}],"reference":{"reference":"CodeSystem/CSMedicalUnits"},"name":"Medical units","description":"CodeSystem for french medical units (accommodation, medical liability unit).","isExample":false,"groupingId":"-term-codesystem"},{"extension":[{"url":"http://hl7.org/fhir/tools/StructureDefinition/resource-sort","valueInteger":999999999},{"url":"http://hl7.org/fhir/StructureDefinition/implementationguide-page","valueUri":"CodeSystem-CSMedicationTypes.html"}],"reference":{"reference":"CodeSystem/CSMedicationTypes"},"name":"Medication types","description":"CodeSystem for french medication types.","isExample":false,"groupingId":"-term-codesystem"},{"extension":[{"url":"http://hl7.org/fhir/tools/StructureDefinition/resource-sort","valueInteger":999999999},{"url":"http://hl7.org/fhir/StructureDefinition/implementationguide-page","valueUri":"CodeSystem-CSMedications.html"}],"reference":{"reference":"CodeSystem/CSMedications"},"name":"Medications","description":"CodeSystem for french medications.","isExample":false,"groupingId":"-term-codesystem"},{"extension":[{"url":"http://hl7.org/fhir/tools/StructureDefinition/resource-sort","valueInteger":999999999},{"url":"http://hl7.org/fhir/StructureDefinition/implementationguide-page","valueUri":"CodeSystem-CSPrescriptionCategory.html"}],"reference":{"reference":"CodeSystem/CSPrescriptionCategory"},"name":"Prescription category","description":"CodeSystem for french prescription category (creation, stop, modification, validation).","isExample":false,"groupingId":"-term-codesystem"},{"extension":[{"url":"http://hl7.org/fhir/tools/StructureDefinition/resource-sort","valueInteger":999999999},{"url":"http://hl7.org/fhir/StructureDefinition/implementationguide-page","valueUri":"CodeSystem-CSSCT.html"}],"reference":{"reference":"CodeSystem/CSSCT"},"name":"SNOMED CT Codes","description":"SNOMED CT code system.","isExample":false,"groupingId":"-term-codesystem"},{"extension":[{"url":"http://hl7.org/fhir/tools/StructureDefinition/resource-sort","valueInteger":999999999},{"url":"http://hl7.org/fhir/StructureDefinition/implementationguide-page","valueUri":"PlanDefinition-exampleProtocolInfusionFOLFOX4.html"}],"reference":{"reference":"PlanDefinition/exampleProtocolInfusionFOLFOX4"},"name":"Protocol - FOLFOX 4","description":"Prescribed protocol.","isExample":true,"profile":["http://ltsi.univ-rennes.fr/StructureDefinition/protocol"],"groupingId":"-ex-example"},{"extension":[{"url":"http://hl7.org/fhir/tools/StructureDefinition/resource-sort","valueInteger":999999999},{"url":"http://hl7.org/fhir/StructureDefinition/implementationguide-page","valueUri":"PlanDefinition-exampleProtocolMISCELLANEOUS.html"}],"reference":{"reference":"PlanDefinition/exampleProtocolMISCELLANEOUS"},"name":"Protocol - Miscellaneous protocol","description":"Prescribed protocol.","isExample":true,"profile":["http://ltsi.univ-rennes.fr/StructureDefinition/protocol"],"groupingId":"-ex-example"},{"extension":[{"url":"http://hl7.org/fhir/tools/StructureDefinition/resource-sort","valueInteger":999999999},{"url":"http://hl7.org/fhir/StructureDefinition/implementationguide-page","valueUri":"Location-exampleAccomodationUnit.html"}],"reference":{"reference":"Location/exampleAccomodationUnit"},"name":"exampleAccomodationUnit","description":"SAB accomodation unit.","isExample":true,"profile":["http://ltsi.univ-rennes.fr/StructureDefinition/accomodation-unit"],"groupingId":"-ex-example"},{"extension":[{"url":"http://hl7.org/fhir/tools/StructureDefinition/resource-sort","valueInteger":999999999},{"url":"http://hl7.org/fhir/StructureDefinition/implementationguide-page","valueUri":"Observation-exampleAdditionalInformationHeight.html"}],"reference":{"reference":"Observation/exampleAdditionalInformationHeight"},"name":"exampleAdditionalInformationHeight","description":"Additional information about height.","isExample":true,"profile":["http://ltsi.univ-rennes.fr/StructureDefinition/additional-information"],"groupingId":"-ex-example"},{"extension":[{"url":"http://hl7.org/fhir/tools/StructureDefinition/resource-sort","valueInteger":999999999},{"url":"http://hl7.org/fhir/StructureDefinition/implementationguide-page","valueUri":"Observation-exampleAdditionalInformationWeight.html"}],"reference":{"reference":"Observation/exampleAdditionalInformationWeight"},"name":"exampleAdditionalInformationWeight","description":"Additional information about weight.","isExample":true,"profile":["http://ltsi.univ-rennes.fr/StructureDefinition/additional-information"],"groupingId":"-ex-example"},{"extension":[{"url":"http://hl7.org/fhir/tools/StructureDefinition/resource-sort","valueInteger":999999999},{"url":"http://hl7.org/fhir/StructureDefinition/implementationguide-page","valueUri":"MedicationAdministration-exampleAdministrationReportBACTRIMFORTE.html"}],"reference":{"reference":"MedicationAdministration/exampleAdministrationReportBACTRIMFORTE"},"name":"exampleAdministrationReportBACTRIMFORTE","description":"BACTRIMFORTE medication administration report.","isExample":true,"profile":["http://ltsi.univ-rennes.fr/StructureDefinition/administration-report"],"groupingId":"-ex-example"},{"extension":[{"url":"http://hl7.org/fhir/tools/StructureDefinition/resource-sort","valueInteger":999999999},{"url":"http://hl7.org/fhir/StructureDefinition/implementationguide-page","valueUri":"DeviceDefinition-exampleAssociatedDeviceNEBUL.html"}],"reference":{"reference":"DeviceDefinition/exampleAssociatedDeviceNEBUL"},"name":"exampleAssociatedDeviceNEBUL","description":"Associated device: NEBUL.","isExample":true,"profile":["http://ltsi.univ-rennes.fr/StructureDefinition/associated-device"],"groupingId":"-ex-example"},{"extension":[{"url":"http://hl7.org/fhir/tools/StructureDefinition/resource-sort","valueInteger":999999999},{"url":"http://hl7.org/fhir/StructureDefinition/implementationguide-page","valueUri":"Organization-exampleMedicalLiabilityUnit.html"}],"reference":{"reference":"Organization/exampleMedicalLiabilityUnit"},"name":"exampleMedicalLiabilityUnit","description":"HCMED Medical liability unit.","isExample":true,"profile":["http://ltsi.univ-rennes.fr/StructureDefinition/Medical-liability-unit"],"groupingId":"-ex-example"},{"extension":[{"url":"http://hl7.org/fhir/tools/StructureDefinition/resource-sort","valueInteger":999999999},{"url":"http://hl7.org/fhir/StructureDefinition/implementationguide-page","valueUri":"Medication-exampleOncologyMedication5FLUOROURACILE5g.html"}],"reference":{"reference":"Medication/exampleOncologyMedication5FLUOROURACILE5g"},"name":"exampleOncologyMedication5FLUOROURACILE5g","description":"Medication: 5-FLUOROURACILE 5 g.","isExample":true,"profile":["http://ltsi.univ-rennes.fr/StructureDefinition/oncology-medication"],"groupingId":"-ex-example"},{"extension":[{"url":"http://hl7.org/fhir/tools/StructureDefinition/resource-sort","valueInteger":999999999},{"url":"http://hl7.org/fhir/StructureDefinition/implementationguide-page","valueUri":"Medication-exampleOncologyMedicationBACTRIMFORTE.html"}],"reference":{"reference":"Medication/exampleOncologyMedicationBACTRIMFORTE"},"name":"exampleOncologyMedicationBACTRIMFORTE","description":"Medication: BACTRIM FORTE 800MG/160MG CPR.","isExample":true,"profile":["http://ltsi.univ-rennes.fr/StructureDefinition/oncology-medication"],"groupingId":"-ex-example"},{"extension":[{"url":"http://hl7.org/fhir/tools/StructureDefinition/resource-sort","valueInteger":999999999},{"url":"http://hl7.org/fhir/StructureDefinition/implementationguide-page","valueUri":"Medication-exampleOncologyMedicationG5pourcent100MLPOCHE.html"}],"reference":{"reference":"Medication/exampleOncologyMedicationG5pourcent100MLPOCHE"},"name":"exampleOncologyMedicationG5pourcent100MLPOCHE","description":"Medication: G5% 100ML POCHE.","isExample":true,"profile":["http://ltsi.univ-rennes.fr/StructureDefinition/oncology-medication"],"groupingId":"-ex-example"},{"extension":[{"url":"http://hl7.org/fhir/tools/StructureDefinition/resource-sort","valueInteger":999999999},{"url":"http://hl7.org/fhir/StructureDefinition/implementationguide-page","valueUri":"Medication-exampleOncologyMedicationLEVOFOLINATEDECALCIUM.html"}],"reference":{"reference":"Medication/exampleOncologyMedicationLEVOFOLINATEDECALCIUM"},"name":"exampleOncologyMedicationLEVOFOLINATEDECALCIUM","description":"Medication: LEVOFOLINATE DE CALCIUM.","isExample":true,"profile":["http://ltsi.univ-rennes.fr/StructureDefinition/oncology-medication"],"groupingId":"-ex-example"},{"extension":[{"url":"http://hl7.org/fhir/tools/StructureDefinition/resource-sort","valueInteger":999999999},{"url":"http://hl7.org/fhir/StructureDefinition/implementationguide-page","valueUri":"Medication-exampleOncologyMedicationMETHYLPREDNISOLONE.html"}],"reference":{"reference":"Medication/exampleOncologyMedicationMETHYLPREDNISOLONE"},"name":"exampleOncologyMedicationMETHYLPREDNISOLONE","description":"Medication: METHYLPREDNISOLONE.","isExample":true,"profile":["http://ltsi.univ-rennes.fr/StructureDefinition/oncology-medication"],"groupingId":"-ex-example"},{"extension":[{"url":"http://hl7.org/fhir/tools/StructureDefinition/resource-sort","valueInteger":999999999},{"url":"http://hl7.org/fhir/StructureDefinition/implementationguide-page","valueUri":"Medication-exampleOncologyMedicationONDANSETRON.html"}],"reference":{"reference":"Medication/exampleOncologyMedicationONDANSETRON"},"name":"exampleOncologyMedicationONDANSETRON","description":"Medication: ONDANSETRON.","isExample":true,"profile":["http://ltsi.univ-rennes.fr/StructureDefinition/oncology-medication"],"groupingId":"-ex-example"},{"extension":[{"url":"http://hl7.org/fhir/tools/StructureDefinition/resource-sort","valueInteger":999999999},{"url":"http://hl7.org/fhir/StructureDefinition/implementationguide-page","valueUri":"Medication-exampleOncologyMedicationOXALIPLATINE200mg.html"}],"reference":{"reference":"Medication/exampleOncologyMedicationOXALIPLATINE200mg"},"name":"exampleOncologyMedicationOXALIPLATINE200mg","description":"Medication: OXALIPLATINE 200 mg.","isExample":true,"profile":["http://ltsi.univ-rennes.fr/StructureDefinition/oncology-medication"],"groupingId":"-ex-example"},{"extension":[{"url":"http://hl7.org/fhir/tools/StructureDefinition/resource-sort","valueInteger":999999999},{"url":"http://hl7.org/fhir/StructureDefinition/implementationguide-page","valueUri":"Medication-exampleOncologyMedicationOXYCODONELP10MGVIATRIS.html"}],"reference":{"reference":"Medication/exampleOncologyMedicationOXYCODONELP10MGVIATRIS"},"name":"exampleOncologyMedicationOXYCODONELP10MGVIATRIS","description":"Medication: OXYCODONE LP 10 MG VIATRIS, CPR À LIBÉRATION PROLONGÉE.","isExample":true,"profile":["http://ltsi.univ-rennes.fr/StructureDefinition/oncology-medication"],"groupingId":"-ex-example"},{"extension":[{"url":"http://hl7.org/fhir/tools/StructureDefinition/resource-sort","valueInteger":999999999},{"url":"http://hl7.org/fhir/StructureDefinition/implementationguide-page","valueUri":"Medication-exampleOncologyMedicationPENTACARINAT300MG.html"}],"reference":{"reference":"Medication/exampleOncologyMedicationPENTACARINAT300MG"},"name":"exampleOncologyMedicationPENTACARINAT300MG","description":"Medication: PENTACARINAT 300MG PDR INJ.","isExample":true,"profile":["http://ltsi.univ-rennes.fr/StructureDefinition/oncology-medication"],"groupingId":"-ex-example"},{"extension":[{"url":"http://hl7.org/fhir/tools/StructureDefinition/resource-sort","valueInteger":999999999},{"url":"http://hl7.org/fhir/StructureDefinition/implementationguide-page","valueUri":"Patient-exampleOncologyPatient.html"}],"reference":{"reference":"Patient/exampleOncologyPatient"},"name":"exampleOncologyPatient","description":"Patient of IPP 6564415.","isExample":true,"profile":["http://ltsi.univ-rennes.fr/StructureDefinition/oncology-patient"],"groupingId":"-ex-example"},{"extension":[{"url":"http://hl7.org/fhir/tools/StructureDefinition/resource-sort","valueInteger":999999999},{"url":"http://hl7.org/fhir/StructureDefinition/implementationguide-page","valueUri":"Practitioner-exampleOncologyPractitioner.html"}],"reference":{"reference":"Practitioner/exampleOncologyPractitioner"},"name":"exampleOncologyPractitioner","description":"The responsible practitioner.","isExample":true,"profile":["http://ltsi.univ-rennes.fr/StructureDefinition/oncology-practitioner"],"groupingId":"-ex-example"},{"extension":[{"url":"http://hl7.org/fhir/tools/StructureDefinition/resource-sort","valueInteger":999999999},{"url":"http://hl7.org/fhir/StructureDefinition/implementationguide-page","valueUri":"MedicationRequest-examplePrescriptionItemBACTRIMFORTE.html"}],"reference":{"reference":"MedicationRequest/examplePrescriptionItemBACTRIMFORTE"},"name":"examplePrescriptionItemBACTRIMFORTE","description":"Prescription item related to the medication BACTRIM FORTE 800MG/160MG CPR.","isExample":true,"profile":["http://ltsi.univ-rennes.fr/StructureDefinition/prescription-item"],"groupingId":"-ex-example"},{"extension":[{"url":"http://hl7.org/fhir/tools/StructureDefinition/resource-sort","valueInteger":999999999},{"url":"http://hl7.org/fhir/StructureDefinition/implementationguide-page","valueUri":"MedicationRequest-examplePrescriptionItemInfusion5FLUOROURACILE5g.html"}],"reference":{"reference":"MedicationRequest/examplePrescriptionItemInfusion5FLUOROURACILE5g"},"name":"examplePrescriptionItemInfusion5FLUOROURACILE5g","description":"Prescription item related to the medication 5-FLUOROURACILE 5 g.","isExample":true,"profile":["http://ltsi.univ-rennes.fr/StructureDefinition/prescription-item"],"groupingId":"-ex-example"},{"extension":[{"url":"http://hl7.org/fhir/tools/StructureDefinition/resource-sort","valueInteger":999999999},{"url":"http://hl7.org/fhir/StructureDefinition/implementationguide-page","valueUri":"MedicationRequest-examplePrescriptionItemInfusionG5percent100MLPOCHE.html"}],"reference":{"reference":"MedicationRequest/examplePrescriptionItemInfusionG5percent100MLPOCHE"},"name":"examplePrescriptionItemInfusionG5percent100MLPOCHE","description":"Prescription item related to the medication G5percent100MLPOCHE.","isExample":true,"profile":["http://ltsi.univ-rennes.fr/StructureDefinition/prescription-item"],"groupingId":"-ex-example"},{"extension":[{"url":"http://hl7.org/fhir/tools/StructureDefinition/resource-sort","valueInteger":999999999},{"url":"http://hl7.org/fhir/StructureDefinition/implementationguide-page","valueUri":"MedicationRequest-examplePrescriptionItemInfusionLEVOFOLINATEDECALCIUM.html"}],"reference":{"reference":"MedicationRequest/examplePrescriptionItemInfusionLEVOFOLINATEDECALCIUM"},"name":"examplePrescriptionItemInfusionLEVOFOLINATEDECALCIUM","description":"Prescription item related to the medication LEVOFOLINATE DE CALCIUM.","isExample":true,"profile":["http://ltsi.univ-rennes.fr/StructureDefinition/prescription-item"],"groupingId":"-ex-example"},{"extension":[{"url":"http://hl7.org/fhir/tools/StructureDefinition/resource-sort","valueInteger":999999999},{"url":"http://hl7.org/fhir/StructureDefinition/implementationguide-page","valueUri":"MedicationRequest-examplePrescriptionItemInfusionMETHYLPREDNISOLONE.html"}],"reference":{"reference":"MedicationRequest/examplePrescriptionItemInfusionMETHYLPREDNISOLONE"},"name":"examplePrescriptionItemInfusionMETHYLPREDNISOLONE","description":"Prescription item related to the medication METHYLPREDNISOLONE.","isExample":true,"profile":["http://ltsi.univ-rennes.fr/StructureDefinition/prescription-item"],"groupingId":"-ex-example"},{"extension":[{"url":"http://hl7.org/fhir/tools/StructureDefinition/resource-sort","valueInteger":999999999},{"url":"http://hl7.org/fhir/StructureDefinition/implementationguide-page","valueUri":"MedicationRequest-examplePrescriptionItemInfusionONDANSETRON.html"}],"reference":{"reference":"MedicationRequest/examplePrescriptionItemInfusionONDANSETRON"},"name":"examplePrescriptionItemInfusionONDANSETRON","description":"Prescription item related to the medication ONDANSETRON.","isExample":true,"profile":["http://ltsi.univ-rennes.fr/StructureDefinition/prescription-item"],"groupingId":"-ex-example"},{"extension":[{"url":"http://hl7.org/fhir/tools/StructureDefinition/resource-sort","valueInteger":999999999},{"url":"http://hl7.org/fhir/StructureDefinition/implementationguide-page","valueUri":"MedicationRequest-examplePrescriptionItemInfusionOXALIPLATINE200mg.html"}],"reference":{"reference":"MedicationRequest/examplePrescriptionItemInfusionOXALIPLATINE200mg"},"name":"examplePrescriptionItemInfusionOXALIPLATINE200mg","description":"Prescription item related to the medication OXALIPLATINE 200 mg.","isExample":true,"profile":["http://ltsi.univ-rennes.fr/StructureDefinition/prescription-item"],"groupingId":"-ex-example"},{"extension":[{"url":"http://hl7.org/fhir/tools/StructureDefinition/resource-sort","valueInteger":999999999},{"url":"http://hl7.org/fhir/StructureDefinition/implementationguide-page","valueUri":"MedicationRequest-examplePrescriptionItemOXYCODONELP10MGVIATRIS.html"}],"reference":{"reference":"MedicationRequest/examplePrescriptionItemOXYCODONELP10MGVIATRIS"},"name":"examplePrescriptionItemOXYCODONELP10MGVIATRIS","description":"Prescription item related to the medication OXYCODONE LP 10 MG VIATRIS.","isExample":true,"profile":["http://ltsi.univ-rennes.fr/StructureDefinition/prescription-item"],"groupingId":"-ex-example"},{"extension":[{"url":"http://hl7.org/fhir/tools/StructureDefinition/resource-sort","valueInteger":999999999},{"url":"http://hl7.org/fhir/StructureDefinition/implementationguide-page","valueUri":"MedicationRequest-examplePrescriptionItemPENTACARINAT300MG.html"}],"reference":{"reference":"MedicationRequest/examplePrescriptionItemPENTACARINAT300MG"},"name":"examplePrescriptionItemPENTACARINAT300MG","description":"Prescription item related to the medication PENTACARINAT 300MG PDR INJ.","isExample":true,"profile":["http://ltsi.univ-rennes.fr/StructureDefinition/prescription-item"],"groupingId":"-ex-example"},{"extension":[{"url":"http://hl7.org/fhir/tools/StructureDefinition/resource-sort","valueInteger":999999999},{"url":"http://hl7.org/fhir/StructureDefinition/implementationguide-page","valueUri":"CarePlan-examplePrescriptionMedicationBACTRIMFORTE.html"}],"reference":{"reference":"CarePlan/examplePrescriptionMedicationBACTRIMFORTE"},"name":"examplePrescriptionMedicationBACTRIMFORTE","description":"BACTRIMFORTE medication prescription.","isExample":true,"profile":["http://ltsi.univ-rennes.fr/StructureDefinition/prescription"],"groupingId":"-ex-example"},{"extension":[{"url":"http://hl7.org/fhir/tools/StructureDefinition/resource-sort","valueInteger":999999999},{"url":"http://hl7.org/fhir/StructureDefinition/implementationguide-page","valueUri":"CarePlan-examplePrescriptionMedicationINFUSION.html"}],"reference":{"reference":"CarePlan/examplePrescriptionMedicationINFUSION"},"name":"examplePrescriptionMedicationINFUSION","description":"Medications prescription (infusion).","isExample":true,"profile":["http://ltsi.univ-rennes.fr/StructureDefinition/prescription"],"groupingId":"-ex-example"},{"extension":[{"url":"http://hl7.org/fhir/tools/StructureDefinition/resource-sort","valueInteger":999999999},{"url":"http://hl7.org/fhir/StructureDefinition/implementationguide-page","valueUri":"CarePlan-examplePrescriptionMedicationOXYCODONELP10MGVIATRIS.html"}],"reference":{"reference":"CarePlan/examplePrescriptionMedicationOXYCODONELP10MGVIATRIS"},"name":"examplePrescriptionMedicationOXYCODONELP10MGVIATRIS","description":"OXYCODONE medication prescription.","isExample":true,"profile":["http://ltsi.univ-rennes.fr/StructureDefinition/prescription"],"groupingId":"-ex-example"},{"extension":[{"url":"http://hl7.org/fhir/tools/StructureDefinition/resource-sort","valueInteger":999999999},{"url":"http://hl7.org/fhir/StructureDefinition/implementationguide-page","valueUri":"CarePlan-examplePrescriptionMedicationPENTACARINAT300MG.html"}],"reference":{"reference":"CarePlan/examplePrescriptionMedicationPENTACARINAT300MG"},"name":"examplePrescriptionMedicationPENTACARINAT300MG","description":"PENTACARINAT medication prescription.","isExample":true,"profile":["http://ltsi.univ-rennes.fr/StructureDefinition/prescription"],"groupingId":"-ex-example"},{"extension":[{"url":"http://hl7.org/fhir/tools/StructureDefinition/resource-sort","valueInteger":999999999},{"url":"http://hl7.org/fhir/StructureDefinition/implementationguide-page","valueUri":"Encounter-exampleStayFOLFOX4.html"}],"reference":{"reference":"Encounter/exampleStayFOLFOX4"},"name":"exampleStayFOLFOX4","description":"Stay of ID 15461.","isExample":true,"profile":["http://ltsi.univ-rennes.fr/StructureDefinition/Stay"],"groupingId":"-ex-example"},{"extension":[{"url":"http://hl7.org/fhir/tools/StructureDefinition/resource-sort","valueInteger":999999999},{"url":"http://hl7.org/fhir/StructureDefinition/implementationguide-page","valueUri":"Encounter-exampleStayMISCELLANEOUS.html"}],"reference":{"reference":"Encounter/exampleStayMISCELLANEOUS"},"name":"exampleStayMISCELLANEOUS","description":"Stay of ID 98456.","isExample":true,"profile":["http://ltsi.univ-rennes.fr/StructureDefinition/Stay"],"groupingId":"-ex-example"}],"page":{"sourceUrl":"toc.html","name":"toc.html","title":"Table of Contents","generation":"html","page":[{"sourceUrl":"index.html","name":"index.html","title":"Home","generation":"markdown"},{"sourceUrl":"artifacts.html","name":"artifacts.html","title":"Artifacts Summary","generation":"html","page":[{"sourceUrl":"StructureDefinition-accomodation-unit.html","name":"StructureDefinition-accomodation-unit.html","title":"Accomodation Unit","generation":"generated"},{"sourceUrl":"StructureDefinition-additional-information.html","name":"StructureDefinition-additional-information.html","title":"Additional Information","generation":"generated"},{"sourceUrl":"StructureDefinition-administration-report.html","name":"StructureDefinition-administration-report.html","title":"Administration Report","generation":"generated"},{"sourceUrl":"StructureDefinition-associated-device.html","name":"StructureDefinition-associated-device.html","title":"Associated Device","generation":"generated"},{"sourceUrl":"StructureDefinition-Medical-liability-unit.html","name":"StructureDefinition-Medical-liability-unit.html","title":"Medical Liability Unit","generation":"generated"},{"sourceUrl":"StructureDefinition-oncology-medication.html","name":"StructureDefinition-oncology-medication.html","title":"Oncology Medication","generation":"generated"},{"sourceUrl":"StructureDefinition-oncology-patient.html","name":"StructureDefinition-oncology-patient.html","title":"Oncology Patient","generation":"generated"},{"sourceUrl":"StructureDefinition-oncology-practitioner.html","name":"StructureDefinition-oncology-practitioner.html","title":"Oncology Practitioner","generation":"generated"},{"sourceUrl":"StructureDefinition-prescription.html","name":"StructureDefinition-prescription.html","title":"Prescription","generation":"generated"},{"sourceUrl":"StructureDefinition-prescription-item.html","name":"StructureDefinition-prescription-item.html","title":"Prescription Item","generation":"generated"},{"sourceUrl":"StructureDefinition-protocol.html","name":"StructureDefinition-protocol.html","title":"Protocol","generation":"generated"},{"sourceUrl":"StructureDefinition-Stay.html","name":"StructureDefinition-Stay.html","title":"Stay","generation":"generated"},{"sourceUrl":"StructureDefinition-treatment-cycle-number.html","name":"StructureDefinition-treatment-cycle-number.html","title":"Treatment cycle number","generation":"generated"},{"sourceUrl":"StructureDefinition-treatment-day-number.html","name":"StructureDefinition-treatment-day-number.html","title":"Treatment day number","generation":"generated"},{"sourceUrl":"ValueSet-vsCommunicationModes.html","name":"ValueSet-vsCommunicationModes.html","title":"Communication modes","generation":"generated"},{"sourceUrl":"ValueSet-vsLOINC.html","name":"ValueSet-vsLOINC.html","title":"LOINC codes","generation":"generated"},{"sourceUrl":"ValueSet-vsMedicalUnits.html","name":"ValueSet-vsMedicalUnits.html","title":"Medical units","generation":"generated"},{"sourceUrl":"ValueSet-vsMedicationTypes.html","name":"ValueSet-vsMedicationTypes.html","title":"Medication types","generation":"generated"},{"sourceUrl":"ValueSet-vsMedications.html","name":"ValueSet-vsMedications.html","title":"Medications","generation":"generated"},{"sourceUrl":"ValueSet-vsPrescriptionCategory.html","name":"ValueSet-vsPrescriptionCategory.html","title":"Prescription status","generation":"generated"},{"sourceUrl":"ValueSet-vsSCT.html","name":"ValueSet-vsSCT.html","title":"SNOMED CT codes","generation":"generated"},{"sourceUrl":"CodeSystem-CSCommunicationModes.html","name":"CodeSystem-CSCommunicationModes.html","title":"Communication modes","generation":"generated"},{"sourceUrl":"CodeSystem-CSLOINC.html","name":"CodeSystem-CSLOINC.html","title":"LOINC codes","generation":"generated"},{"sourceUrl":"CodeSystem-CSMedicalUnits.html","name":"CodeSystem-CSMedicalUnits.html","title":"Medical units","generation":"generated"},{"sourceUrl":"CodeSystem-CSMedicationTypes.html","name":"CodeSystem-CSMedicationTypes.html","title":"Medication types","generation":"generated"},{"sourceUrl":"CodeSystem-CSMedications.html","name":"CodeSystem-CSMedications.html","title":"Medications","generation":"generated"},{"sourceUrl":"CodeSystem-CSPrescriptionCategory.html","name":"CodeSystem-CSPrescriptionCategory.html","title":"Prescription category","generation":"generated"},{"sourceUrl":"CodeSystem-CSSCT.html","name":"CodeSystem-CSSCT.html","title":"SNOMED CT Codes","generation":"generated"},{"sourceUrl":"Location-exampleAccomodationUnit.html","name":"Location-exampleAccomodationUnit.html","title":"exampleAccomodationUnit","generation":"generated"},{"sourceUrl":"Observation-exampleAdditionalInformationHeight.html","name":"Observation-exampleAdditionalInformationHeight.html","title":"exampleAdditionalInformationHeight","generation":"generated"},{"sourceUrl":"Observation-exampleAdditionalInformationWeight.html","name":"Observation-exampleAdditionalInformationWeight.html","title":"exampleAdditionalInformationWeight","generation":"generated"},{"sourceUrl":"MedicationAdministration-exampleAdministrationReportBACTRIMFORTE.html","name":"MedicationAdministration-exampleAdministrationReportBACTRIMFORTE.html","title":"exampleAdministrationReportBACTRIMFORTE","generation":"generated"},{"sourceUrl":"DeviceDefinition-exampleAssociatedDeviceNEBUL.html","name":"DeviceDefinition-exampleAssociatedDeviceNEBUL.html","title":"exampleAssociatedDeviceNEBUL","generation":"generated"},{"sourceUrl":"Organization-exampleMedicalLiabilityUnit.html","name":"Organization-exampleMedicalLiabilityUnit.html","title":"exampleMedicalLiabilityUnit","generation":"generated"},{"sourceUrl":"Medication-exampleOncologyMedication5FLUOROURACILE5g.html","name":"Medication-exampleOncologyMedication5FLUOROURACILE5g.html","title":"exampleOncologyMedication5FLUOROURACILE5g","generation":"generated"},{"sourceUrl":"Medication-exampleOncologyMedicationBACTRIMFORTE.html","name":"Medication-exampleOncologyMedicationBACTRIMFORTE.html","title":"exampleOncologyMedicationBACTRIMFORTE","generation":"generated"},{"sourceUrl":"Medication-exampleOncologyMedicationG5pourcent100MLPOCHE.html","name":"Medication-exampleOncologyMedicationG5pourcent100MLPOCHE.html","title":"exampleOncologyMedicationG5pourcent100MLPOCHE","generation":"generated"},{"sourceUrl":"Medication-exampleOncologyMedicationLEVOFOLINATEDECALCIUM.html","name":"Medication-exampleOncologyMedicationLEVOFOLINATEDECALCIUM.html","title":"exampleOncologyMedicationLEVOFOLINATEDECALCIUM","generation":"generated"},{"sourceUrl":"Medication-exampleOncologyMedicationMETHYLPREDNISOLONE.html","name":"Medication-exampleOncologyMedicationMETHYLPREDNISOLONE.html","title":"exampleOncologyMedicationMETHYLPREDNISOLONE","generation":"generated"},{"sourceUrl":"Medication-exampleOncologyMedicationONDANSETRON.html","name":"Medication-exampleOncologyMedicationONDANSETRON.html","title":"exampleOncologyMedicationONDANSETRON","generation":"generated"},{"sourceUrl":"Medication-exampleOncologyMedicationOXALIPLATINE200mg.html","name":"Medication-exampleOncologyMedicationOXALIPLATINE200mg.html","title":"exampleOncologyMedicationOXALIPLATINE200mg","generation":"generated"},{"sourceUrl":"Medication-exampleOncologyMedicationOXYCODONELP10MGVIATRIS.html","name":"Medication-exampleOncologyMedicationOXYCODONELP10MGVIATRIS.html","title":"exampleOncologyMedicationOXYCODONELP10MGVIATRIS","generation":"generated"},{"sourceUrl":"Medication-exampleOncologyMedicationPENTACARINAT300MG.html","name":"Medication-exampleOncologyMedicationPENTACARINAT300MG.html","title":"exampleOncologyMedicationPENTACARINAT300MG","generation":"generated"},{"sourceUrl":"Patient-exampleOncologyPatient.html","name":"Patient-exampleOncologyPatient.html","title":"exampleOncologyPatient","generation":"generated"},{"sourceUrl":"Practitioner-exampleOncologyPractitioner.html","name":"Practitioner-exampleOncologyPractitioner.html","title":"exampleOncologyPractitioner","generation":"generated"},{"sourceUrl":"MedicationRequest-examplePrescriptionItemBACTRIMFORTE.html","name":"MedicationRequest-examplePrescriptionItemBACTRIMFORTE.html","title":"examplePrescriptionItemBACTRIMFORTE","generation":"generated"},{"sourceUrl":"MedicationRequest-examplePrescriptionItemInfusion5FLUOROURACILE5g.html","name":"MedicationRequest-examplePrescriptionItemInfusion5FLUOROURACILE5g.html","title":"examplePrescriptionItemInfusion5FLUOROURACILE5g","generation":"generated"},{"sourceUrl":"MedicationRequest-examplePrescriptionItemInfusionG5percent100MLPOCHE.html","name":"MedicationRequest-examplePrescriptionItemInfusionG5percent100MLPOCHE.html","title":"examplePrescriptionItemInfusionG5percent100MLPOCHE","generation":"generated"},{"sourceUrl":"MedicationRequest-examplePrescriptionItemInfusionLEVOFOLINATEDECALCIUM.html","name":"MedicationRequest-examplePrescriptionItemInfusionLEVOFOLINATEDECALCIUM.html","title":"examplePrescriptionItemInfusionLEVOFOLINATEDECALCIUM","generation":"generated"},{"sourceUrl":"MedicationRequest-examplePrescriptionItemInfusionMETHYLPREDNISOLONE.html","name":"MedicationRequest-examplePrescriptionItemInfusionMETHYLPREDNISOLONE.html","title":"examplePrescriptionItemInfusionMETHYLPREDNISOLONE","generation":"generated"},{"sourceUrl":"MedicationRequest-examplePrescriptionItemInfusionONDANSETRON.html","name":"MedicationRequest-examplePrescriptionItemInfusionONDANSETRON.html","title":"examplePrescriptionItemInfusionONDANSETRON","generation":"generated"},{"sourceUrl":"MedicationRequest-examplePrescriptionItemInfusionOXALIPLATINE200mg.html","name":"MedicationRequest-examplePrescriptionItemInfusionOXALIPLATINE200mg.html","title":"examplePrescriptionItemInfusionOXALIPLATINE200mg","generation":"generated"},{"sourceUrl":"MedicationRequest-examplePrescriptionItemOXYCODONELP10MGVIATRIS.html","name":"MedicationRequest-examplePrescriptionItemOXYCODONELP10MGVIATRIS.html","title":"examplePrescriptionItemOXYCODONELP10MGVIATRIS","generation":"generated"},{"sourceUrl":"MedicationRequest-examplePrescriptionItemPENTACARINAT300MG.html","name":"MedicationRequest-examplePrescriptionItemPENTACARINAT300MG.html","title":"examplePrescriptionItemPENTACARINAT300MG","generation":"generated"},{"sourceUrl":"CarePlan-examplePrescriptionMedicationBACTRIMFORTE.html","name":"CarePlan-examplePrescriptionMedicationBACTRIMFORTE.html","title":"examplePrescriptionMedicationBACTRIMFORTE","generation":"generated"},{"sourceUrl":"CarePlan-examplePrescriptionMedicationINFUSION.html","name":"CarePlan-examplePrescriptionMedicationINFUSION.html","title":"examplePrescriptionMedicationINFUSION","generation":"generated"},{"sourceUrl":"CarePlan-examplePrescriptionMedicationOXYCODONELP10MGVIATRIS.html","name":"CarePlan-examplePrescriptionMedicationOXYCODONELP10MGVIATRIS.html","title":"examplePrescriptionMedicationOXYCODONELP10MGVIATRIS","generation":"generated"},{"sourceUrl":"CarePlan-examplePrescriptionMedicationPENTACARINAT300MG.html","name":"CarePlan-examplePrescriptionMedicationPENTACARINAT300MG.html","title":"examplePrescriptionMedicationPENTACARINAT300MG","generation":"generated"},{"sourceUrl":"Encounter-exampleStayFOLFOX4.html","name":"Encounter-exampleStayFOLFOX4.html","title":"exampleStayFOLFOX4","generation":"generated"},{"sourceUrl":"Encounter-exampleStayMISCELLANEOUS.html","name":"Encounter-exampleStayMISCELLANEOUS.html","title":"exampleStayMISCELLANEOUS","generation":"generated"},{"sourceUrl":"PlanDefinition-exampleProtocolInfusionFOLFOX4.html","name":"PlanDefinition-exampleProtocolInfusionFOLFOX4.html","title":"Protocol - FOLFOX 4","generation":"generated"},{"sourceUrl":"PlanDefinition-exampleProtocolMISCELLANEOUS.html","name":"PlanDefinition-exampleProtocolMISCELLANEOUS.html","title":"Protocol - Miscellaneous protocol","generation":"generated"}]}]},"parameter":[{"code":{"system":"http://hl7.org/fhir/tools/CodeSystem/ig-parameters","code":"copyrightyear"},"value":"2023+"},{"code":{"system":"http://hl7.org/fhir/tools/CodeSystem/ig-parameters","code":"releaselabel"},"value":"ci-build"},{"code":{"system":"http://hl7.org/fhir/tools/CodeSystem/ig-parameters","code":"autoload-resources"},"value":"true"},{"code":{"system":"http://hl7.org/fhir/guide-parameter-code","code":"path-resource"},"value":"input/capabilities"},{"code":{"system":"http://hl7.org/fhir/guide-parameter-code","code":"path-resource"},"value":"input/examples"},{"code":{"system":"http://hl7.org/fhir/guide-parameter-code","code":"path-resource"},"value":"input/extensions"},{"code":{"system":"http://hl7.org/fhir/guide-parameter-code","code":"path-resource"},"value":"input/models"},{"code":{"system":"http://hl7.org/fhir/guide-parameter-code","code":"path-resource"},"value":"input/operations"},{"code":{"system":"http://hl7.org/fhir/guide-parameter-code","code":"path-resource"},"value":"input/profiles"},{"code":{"system":"http://hl7.org/fhir/guide-parameter-code","code":"path-resource"},"value":"input/resources"},{"code":{"system":"http://hl7.org/fhir/guide-parameter-code","code":"path-resource"},"value":"input/vocabulary"},{"code":{"system":"http://hl7.org/fhir/guide-parameter-code","code":"path-resource"},"value":"input/maps"},{"code":{"system":"http://hl7.org/fhir/guide-parameter-code","code":"path-resource"},"value":"input/testing"},{"code":{"system":"http://hl7.org/fhir/guide-parameter-code","code":"path-resource"},"value":"input/history"},{"code":{"system":"http://hl7.org/fhir/guide-parameter-code","code":"path-resource"},"value":"fsh-generated/resources"},{"code":{"system":"http://hl7.org/fhir/guide-parameter-code","code":"path-pages"},"value":"template/config"},{"code":{"system":"http://hl7.org/fhir/guide-parameter-code","code":"path-pages"},"value":"input/images"},{"code":{"system":"http://hl7.org/fhir/tools/CodeSystem/ig-parameters","code":"path-liquid"},"value":"template/liquid"},{"code":{"system":"http://hl7.org/fhir/tools/CodeSystem/ig-parameters","code":"path-liquid"},"value":"input/liquid"},{"code":{"system":"http://hl7.org/fhir/tools/CodeSystem/ig-parameters","code":"path-qa"},"value":"temp/qa"},{"code":{"system":"http://hl7.org/fhir/tools/CodeSystem/ig-parameters","code":"path-temp"},"value":"temp/pages"},{"code":{"system":"http://hl7.org/fhir/tools/CodeSystem/ig-parameters","code":"path-output"},"value":"output"},{"code":{"system":"http://hl7.org/fhir/guide-parameter-code","code":"path-tx-cache"},"value":"input-cache/txcache"},{"code":{"system":"http://hl7.org/fhir/tools/CodeSystem/ig-parameters","code":"path-suppressed-warnings"},"value":"input/ignoreWarnings.txt"},{"code":{"system":"http://hl7.org/fhir/tools/CodeSystem/ig-parameters","code":"path-history"},"value":"http://ltsi.univ-rennes.fr/history.html"},{"code":{"system":"http://hl7.org/fhir/tools/CodeSystem/ig-parameters","code":"template-html"},"value":"template-page.html"},{"code":{"system":"http://hl7.org/fhir/tools/CodeSystem/ig-parameters","code":"template-md"},"value":"template-page-md.html"},{"code":{"system":"http://hl7.org/fhir/tools/CodeSystem/ig-parameters","code":"apply-contact"},"value":"true"},{"code":{"system":"http://hl7.org/fhir/tools/CodeSystem/ig-parameters","code":"apply-context"},"value":"true"},{"code":{"system":"http://hl7.org/fhir/tools/CodeSystem/ig-parameters","code":"apply-copyright"},"value":"true"},{"code":{"system":"http://hl7.org/fhir/tools/CodeSystem/ig-parameters","code":"apply-jurisdiction"},"value":"true"},{"code":{"system":"http://hl7.org/fhir/tools/CodeSystem/ig-parameters","code":"apply-license"},"value":"true"},{"code":{"system":"http://hl7.org/fhir/tools/CodeSystem/ig-parameters","code":"apply-publisher"},"value":"true"},{"code":{"system":"http://hl7.org/fhir/tools/CodeSystem/ig-parameters","code":"apply-version"},"value":"true"},{"code":{"system":"http://hl7.org/fhir/tools/CodeSystem/ig-parameters","code":"apply-wg"},"value":"true"},{"code":{"system":"http://hl7.org/fhir/tools/CodeSystem/ig-parameters","code":"active-tables"},"value":"true"},{"code":{"system":"http://hl7.org/fhir/tools/CodeSystem/ig-parameters","code":"fmm-definition"},"value":"http://hl7.org/fhir/versions.html#maturity"},{"code":{"system":"http://hl7.org/fhir/tools/CodeSystem/ig-parameters","code":"propagate-status"},"value":"true"},{"code":{"system":"http://hl7.org/fhir/tools/CodeSystem/ig-parameters","code":"excludelogbinaryformat"},"value":"true"},{"code":{"system":"http://hl7.org/fhir/tools/CodeSystem/ig-parameters","code":"tabbed-snapshots"},"value":"true"}]}}