{"resourceType":"ValueSet","id":"siph-renscomplement-oncofair-valueset","text":{"status":"generated","div":"<div xmlns=\"http://www.w3.org/1999/xhtml\"><p class=\"res-header-id\"><b>Generated Narrative: ValueSet siph-renscomplement-oncofair-valueset</b></p><a name=\"siph-renscomplement-oncofair-valueset\"> </a><a name=\"hcsiph-renscomplement-oncofair-valueset\"> </a><a name=\"siph-renscomplement-oncofair-valueset-en-US\"> </a><ul><li>Include all codes defined in <a href=\"CodeSystem-siph-renscomplement-oncofair-codesystem.html\"><code>http://ltsi.univ-rennes.fr/CodeSystem/siph-renscomplement-oncofair-codesystem</code></a></li></ul></div>"},"url":"http://ltsi.univ-rennes.fr/ValueSet/siph-renscomplement-oncofair-valueset","version":"0.1.0","name":"SIPhRensComplementOncoFAIRValueSet","title":"Renseignement complémentaire Value Set","status":"draft","experimental":true,"date":"2025-05-14T13:09:12+00:00","publisher":"KEREVAL and DOMASIA team of the Signal and Image Processing Laboratory (LTSI)","contact":[{"name":"KEREVAL and DOMASIA team of the Signal and Image Processing Laboratory (LTSI)","telecom":[{"system":"url","value":"https://github.com/ONCOFAIR"}]}],"description":"Value Set pour RensComplement","compose":{"include":[{"system":"http://ltsi.univ-rennes.fr/CodeSystem/siph-renscomplement-oncofair-codesystem"}]}}