{"resourceType":"ValueSet","id":"vsMedicalUnits","text":{"status":"generated","div":"<div xmlns=\"http://www.w3.org/1999/xhtml\"><ul><li>Include all codes defined in <a href=\"CodeSystem-CSMedicalUnits.html\"><code>http://ltsi.univ-rennes.fr/CodeSystem/CSMedicalUnits</code></a></li></ul></div>"},"url":"http://ltsi.univ-rennes.fr/ValueSet/vsMedicalUnits","version":"0.1.0","name":"VSMedicalUnits","title":"Medical units","status":"draft","experimental":true,"date":"2024-03-22T14:46:13+00:00","publisher":"DOMASIA team of the Signal and Image Processing Laboratory (LTSI)","contact":[{"name":"DOMASIA team of the Signal and Image Processing Laboratory (LTSI)","telecom":[{"system":"url","value":"https://ltsi.univ-rennes.fr"}]}],"description":"ValueSet for medical units (accommodation, medical liability unit).","compose":{"include":[{"system":"http://ltsi.univ-rennes.fr/CodeSystem/CSMedicalUnits"}]}}