{"resourceType":"ValueSet","id":"siph-typeeltpla-oncofair-valueset","text":{"status":"generated","div":"<div xmlns=\"http://www.w3.org/1999/xhtml\"><p class=\"res-header-id\"><b>Generated Narrative: ValueSet siph-typeeltpla-oncofair-valueset</b></p><a name=\"siph-typeeltpla-oncofair-valueset\"> </a><a name=\"hcsiph-typeeltpla-oncofair-valueset\"> </a><a name=\"siph-typeeltpla-oncofair-valueset-en-US\"> </a><ul><li>Include all codes defined in <a href=\"CodeSystem-siph-typeeltpla-oncofair-codesystem.html\"><code>http://ltsi.univ-rennes.fr/CodeSystem/siph-typeeltpla-oncofair-codesystem</code></a></li></ul></div>"},"url":"http://ltsi.univ-rennes.fr/ValueSet/siph-typeeltpla-oncofair-valueset","version":"0.1.0","name":"SIPhTypeEltPLAOncoFAIRValueSet","title":"Type de l'élément d'administration Value Set","status":"draft","experimental":true,"date":"2025-05-09T14:19:04+00:00","publisher":"DOMASIA team of the Signal and Image Processing Laboratory (LTSI) and KEREVAL","contact":[{"name":"DOMASIA team of the Signal and Image Processing Laboratory (LTSI) and KEREVAL","telecom":[{"system":"url","value":"https://ltsi.univ-rennes.fr"}]}],"description":"Value Set pour TypeEltPLA","compose":{"include":[{"system":"http://ltsi.univ-rennes.fr/CodeSystem/siph-typeeltpla-oncofair-codesystem"}]}}