{"resourceType":"ValueSet","id":"concept-medication-oncofair-valueset","text":{"status":"generated","div":"<div xmlns=\"http://www.w3.org/1999/xhtml\"><p class=\"res-header-id\"><b>Generated Narrative: ValueSet concept-medication-oncofair-valueset</b></p><a name=\"concept-medication-oncofair-valueset\"> </a><a name=\"hcconcept-medication-oncofair-valueset\"> </a><a name=\"concept-medication-oncofair-valueset-en-US\"> </a><ul><li>Include all codes defined in <a href=\"CodeSystem-concept-medication-oncofair-codesystem.html\"><code>http://ltsi.univ-rennes.fr/CodeSystem/concept-medication-oncofair-codesystem</code></a></li></ul></div>"},"url":"http://ltsi.univ-rennes.fr/ValueSet/concept-medication-oncofair-valueset","version":"0.1.0","name":"ConceptMedicationOncoFAIRValueSet","title":"Concepts Medication Value Set","status":"draft","experimental":true,"date":"2025-05-09T14:19:04+00:00","publisher":"DOMASIA team of the Signal and Image Processing Laboratory (LTSI) and KEREVAL","contact":[{"name":"DOMASIA team of the Signal and Image Processing Laboratory (LTSI) and KEREVAL","telecom":[{"system":"url","value":"https://ltsi.univ-rennes.fr"}]}],"description":"Value Set pour différiencier les niveaux de MR/MA","compose":{"include":[{"system":"http://ltsi.univ-rennes.fr/CodeSystem/concept-medication-oncofair-codesystem"}]}}