{"resourceType":"ValueSet","id":"siph-statutcomposantadm-oncofair-valueset","text":{"status":"generated","div":"<div xmlns=\"http://www.w3.org/1999/xhtml\"><p class=\"res-header-id\"><b>Generated Narrative: ValueSet siph-statutcomposantadm-oncofair-valueset</b></p><a name=\"siph-statutcomposantadm-oncofair-valueset\"> </a><a name=\"hcsiph-statutcomposantadm-oncofair-valueset\"> </a><a name=\"siph-statutcomposantadm-oncofair-valueset-en-US\"> </a><ul><li>Include all codes defined in <a href=\"CodeSystem-siph-statutcomposantadm-oncofair-codesystem.html\"><code>http://ltsi.univ-rennes.fr/CodeSystem/siph-statutcomposantadm-oncofair-codesystem</code></a></li></ul></div>"},"url":"http://ltsi.univ-rennes.fr/ValueSet/siph-statutcomposantadm-oncofair-valueset","version":"0.1.0","name":"SIPhStatutComposantAdmOncoFAIRValueSet","title":"Statut composant administré Value Set","status":"draft","experimental":true,"date":"2025-05-22T14:36:39+00:00","publisher":"KEREVAL and DOMASIA team of the Signal and Image Processing Laboratory (LTSI)","contact":[{"name":"KEREVAL and DOMASIA team of the Signal and Image Processing Laboratory (LTSI)","telecom":[{"system":"url","value":"https://github.com/ONCOFAIR"}]}],"description":"Value Set pour StatutComposantAdm","compose":{"include":[{"system":"http://ltsi.univ-rennes.fr/CodeSystem/siph-statutcomposantadm-oncofair-codesystem"}]}}