<?xml version="1.0" encoding="UTF-8"?><CodeSystem xmlns="http://hl7.org/fhir"><id value="siph-paramposoconditionnelle-oncofair-codesystem"/><text><status value="generated"/><div xmlns="http://www.w3.org/1999/xhtml"><p class="res-header-id"><b>Generated Narrative: CodeSystem siph-paramposoconditionnelle-oncofair-codesystem</b></p><a name="siph-paramposoconditionnelle-oncofair-codesystem"> </a><a name="hcsiph-paramposoconditionnelle-oncofair-codesystem"> </a><a name="siph-paramposoconditionnelle-oncofair-codesystem-en-US"> </a><p>This case-sensitive code system <code>http://ltsi.univ-rennes.fr/CodeSystem/siph-paramposoconditionnelle-oncofair-codesystem</code> defines the following codes:</p><table class="codes"><tr><td style="white-space:nowrap"><b>Code</b></td><td><b>Display</b></td></tr><tr><td style="white-space:nowrap">DELAIMIN<a name="siph-paramposoconditionnelle-oncofair-codesystem-DELAIMIN"> </a></td><td>Délai minimal entre deux prises ou injections</td></tr><tr><td style="white-space:nowrap">DOSEMAXP<a name="siph-paramposoconditionnelle-oncofair-codesystem-DOSEMAXP"> </a></td><td>Dose maximale par prise</td></tr><tr><td style="white-space:nowrap">DOSEMAXJ<a name="siph-paramposoconditionnelle-oncofair-codesystem-DOSEMAXJ"> </a></td><td>Dose maximale par 24h</td></tr><tr><td style="white-space:nowrap">DEBITMAX<a name="siph-paramposoconditionnelle-oncofair-codesystem-DEBITMAX"> </a></td><td>Débit maximal</td></tr><tr><td style="white-space:nowrap">DUREEMIN<a name="siph-paramposoconditionnelle-oncofair-codesystem-DUREEMIN"> </a></td><td>Durée d'injection minimale</td></tr><tr><td style="white-space:nowrap">DUREEMAX<a name="siph-paramposoconditionnelle-oncofair-codesystem-DUREEMAX"> </a></td><td>Durée d'injection maximale</td></tr><tr><td style="white-space:nowrap">DOSEMAXC<a name="siph-paramposoconditionnelle-oncofair-codesystem-DOSEMAXC"> </a></td><td>Dose maximale cumulée</td></tr></table></div></text><url value="http://ltsi.univ-rennes.fr/CodeSystem/siph-paramposoconditionnelle-oncofair-codesystem"/><version value="0.1.0"/><name value="SIPhParamPosoConditionnelleOncoFAIRCodeSystem"/><title value="Paremètres posologie conditionnelle Code System"/><status value="draft"/><experimental value="true"/><date value="2024-09-12T14:01:50+00:00"/><publisher value="DOMASIA team of the Signal and Image Processing Laboratory (LTSI) and KEREVAL"/><contact><name value="DOMASIA team of the Signal and Image Processing Laboratory (LTSI) and KEREVAL"/><telecom><system value="url"/><value value="https://ltsi.univ-rennes.fr"/></telecom></contact><description value="Code system pour l'attribut ParamPosoConditionnelle"/><caseSensitive value="true"/><content value="complete"/><count value="7"/><concept><code value="DELAIMIN"/><display value="Délai minimal entre deux prises ou injections"/></concept><concept><code value="DOSEMAXP"/><display value="Dose maximale par prise"/></concept><concept><code value="DOSEMAXJ"/><display value="Dose maximale par 24h"/></concept><concept><code value="DEBITMAX"/><display value="Débit maximal"/></concept><concept><code value="DUREEMIN"/><display value="Durée d'injection minimale"/></concept><concept><code value="DUREEMAX"/><display value="Durée d'injection maximale"/></concept><concept><code value="DOSEMAXC"/><display value="Dose maximale cumulée"/></concept></CodeSystem>