<?xml version="1.0" encoding="UTF-8"?><CodeSystem xmlns="http://hl7.org/fhir"><id value="CSSCT"/><text><status value="generated"/><div xmlns="http://www.w3.org/1999/xhtml"><p>This case-sensitive code system <code>http://ltsi.univ-rennes.fr/CodeSystem/CSSCT</code> defines the following codes:</p><table class="codes"><tr><td style="white-space:nowrap"><b>Code</b></td><td><b>Display</b></td></tr><tr><td style="white-space:nowrap">284009009<a name="CSSCT-284009009"> </a></td><td>Route of administration values</td></tr><tr><td style="white-space:nowrap">6064005<a name="CSSCT-6064005"> </a></td><td>Topical route</td></tr><tr><td style="white-space:nowrap">10547007<a name="CSSCT-10547007"> </a></td><td>Otic route</td></tr><tr><td style="white-space:nowrap">12130007<a name="CSSCT-12130007"> </a></td><td>Intra-articular route</td></tr><tr><td style="white-space:nowrap">16857009<a name="CSSCT-16857009"> </a></td><td>Per vagina</td></tr><tr><td style="white-space:nowrap">26643006<a name="CSSCT-26643006"> </a></td><td>Oral route</td></tr><tr><td style="white-space:nowrap">34206005<a name="CSSCT-34206005"> </a></td><td>Subcutaneous route</td></tr><tr><td style="white-space:nowrap">37161004<a name="CSSCT-37161004"> </a></td><td>Per rectum</td></tr><tr><td style="white-space:nowrap">37737002<a name="CSSCT-37737002"> </a></td><td>Intraluminal route</td></tr><tr><td style="white-space:nowrap">37839007<a name="CSSCT-37839007"> </a></td><td>Sublingual route</td></tr><tr><td style="white-space:nowrap">38239002<a name="CSSCT-38239002"> </a></td><td>Intraperitoneal route</td></tr><tr><td style="white-space:nowrap">45890007<a name="CSSCT-45890007"> </a></td><td>Transdermal route</td></tr><tr><td style="white-space:nowrap">46713006<a name="CSSCT-46713006"> </a></td><td>Nasal route</td></tr><tr><td style="white-space:nowrap">47625008<a name="CSSCT-47625008"> </a></td><td>Intravenous route</td></tr><tr><td style="white-space:nowrap">54471007<a name="CSSCT-54471007"> </a></td><td>Buccal route</td></tr><tr><td style="white-space:nowrap">54485002<a name="CSSCT-54485002"> </a></td><td>Ophthalmic route</td></tr><tr><td style="white-space:nowrap">58100008<a name="CSSCT-58100008"> </a></td><td>Intra-arterial route</td></tr><tr><td style="white-space:nowrap">60213007<a name="CSSCT-60213007"> </a></td><td>Intramedullary route</td></tr><tr><td style="white-space:nowrap">62226000<a name="CSSCT-62226000"> </a></td><td>Intrauterine route</td></tr><tr><td style="white-space:nowrap">72607000<a name="CSSCT-72607000"> </a></td><td>Intrathecal route</td></tr><tr><td style="white-space:nowrap">78421000<a name="CSSCT-78421000"> </a></td><td>Intramuscular route</td></tr></table></div></text><url value="http://ltsi.univ-rennes.fr/CodeSystem/CSSCT"/><version value="0.1.0"/><name value="CSSCT"/><title value="SNOMED CT Codes"/><status value="draft"/><experimental value="true"/><date value="2024-03-22T15:45:14+00:00"/><publisher value="DOMASIA team of the Signal and Image Processing Laboratory (LTSI)"/><contact><name value="DOMASIA team of the Signal and Image Processing Laboratory (LTSI)"/><telecom><system value="url"/><value value="https://ltsi.univ-rennes.fr"/></telecom></contact><description value="SNOMED CT code system."/><caseSensitive value="true"/><content value="complete"/><count value="21"/><concept><code value="284009009"/><display value="Route of administration values"/></concept><concept><code value="6064005"/><display value="Topical route"/></concept><concept><code value="10547007"/><display value="Otic route"/></concept><concept><code value="12130007"/><display value="Intra-articular route"/></concept><concept><code value="16857009"/><display value="Per vagina"/></concept><concept><code value="26643006"/><display value="Oral route"/></concept><concept><code value="34206005"/><display value="Subcutaneous route"/></concept><concept><code value="37161004"/><display value="Per rectum"/></concept><concept><code value="37737002"/><display value="Intraluminal route"/></concept><concept><code value="37839007"/><display value="Sublingual route"/></concept><concept><code value="38239002"/><display value="Intraperitoneal route"/></concept><concept><code value="45890007"/><display value="Transdermal route"/></concept><concept><code value="46713006"/><display value="Nasal route"/></concept><concept><code value="47625008"/><display value="Intravenous route"/></concept><concept><code value="54471007"/><display value="Buccal route"/></concept><concept><code value="54485002"/><display value="Ophthalmic route"/></concept><concept><code value="58100008"/><display value="Intra-arterial route"/></concept><concept><code value="60213007"/><display value="Intramedullary route"/></concept><concept><code value="62226000"/><display value="Intrauterine route"/></concept><concept><code value="72607000"/><display value="Intrathecal route"/></concept><concept><code value="78421000"/><display value="Intramuscular route"/></concept></CodeSystem>