<?xml version="1.0" encoding="UTF-8"?><ImplementationGuide xmlns="http://hl7.org/fhir"><id value="ltsi.fhir.oncofair"/><text><status value="extensions"/><div xmlns="http://www.w3.org/1999/xhtml"><h2>OncoFAIR</h2><p>The official URL for this implementation guide is: </p><pre>http://ltsi.univ-rennes.fr/ImplementationGuide/ltsi.fhir.oncofair</pre><div><p>The Onco-FAIR implementation guide reports on the implementation of prescribing and medication administration in oncology.</p>
</div></div></text><url value="http://ltsi.univ-rennes.fr/ImplementationGuide/ltsi.fhir.oncofair"/><version value="0.1.0"/><name value="OncoFAIR"/><title value="Onco-FAIR"/><status value="draft"/><date value="2024-03-25T09:35:47+00:00"/><publisher value="DOMASIA team of the Signal and Image Processing Laboratory (LTSI)"/><contact><name value="DOMASIA team of the Signal and Image Processing Laboratory (LTSI)"/><telecom><system value="url"/><value value="https://ltsi.univ-rennes.fr"/></telecom></contact><description value="The Onco-FAIR implementation guide reports on the implementation of prescribing and medication administration in oncology."/><packageId value="ltsi.fhir.oncofair"/><license value="CC0-1.0"/><fhirVersion value="5.0.0"/><dependsOn id="hl7tx"><extension url="http://hl7.org/fhir/tools/StructureDefinition/implementationguide-dependency-comment"><valueMarkdown value="Automatically added as a dependency - all IGs depend on HL7 Terminology"/></extension><uri value="http://terminology.hl7.org/ImplementationGuide/hl7.terminology"/><packageId value="hl7.terminology.r5"/><version value="5.3.0"/></dependsOn><dependsOn id="hl7ext"><extension url="http://hl7.org/fhir/tools/StructureDefinition/implementationguide-dependency-comment"><valueMarkdown value="Automatically added as a dependency - all IGs depend on the HL7 Extension Pack"/></extension><uri value="http://hl7.org/fhir/extensions/ImplementationGuide/hl7.fhir.uv.extensions"/><packageId value="hl7.fhir.uv.extensions.r5"/><version value="1.0.0"/></dependsOn><definition><extension url="http://hl7.org/fhir/tools/StructureDefinition/ig-internal-dependency"><valueCode value="hl7.fhir.uv.tools#0.1.0"/></extension><grouping id="-str-profile"><name value="Structures: Resource Profiles"/><description value="These define constraints on FHIR resources for systems conforming to this implementation guide."/></grouping><grouping id="-str-extension"><name value="Structures: Extension Definitions"/><description value="These define constraints on FHIR data types for systems conforming to this implementation guide."/></grouping><grouping id="-term-valueset"><name value="Terminology: Value Sets"/><description value="These define sets of codes used by systems conforming to this implementation guide."/></grouping><grouping id="-term-codesystem"><name value="Terminology: Code Systems"/><description value="These define new code systems used by systems conforming to this implementation guide."/></grouping><grouping id="-ex-example"><name value="Example: Example Instances"/><description value="These are example instances that show what data produced and consumed by systems conforming with this implementation guide might look like."/></grouping><resource><extension url="http://hl7.org/fhir/tools/StructureDefinition/resource-sort"><valueInteger value="999999999"/></extension><extension url="http://hl7.org/fhir/StructureDefinition/implementationguide-page"><valueUri value="StructureDefinition-accomodation-unit.html"/></extension><reference><reference value="StructureDefinition/accomodation-unit"/></reference><name value="Accomodation Unit"/><description value="Accomodation unit."/><isExample value="false"/><groupingId value="-str-profile"/></resource><resource><extension url="http://hl7.org/fhir/tools/StructureDefinition/resource-sort"><valueInteger value="999999999"/></extension><extension url="http://hl7.org/fhir/StructureDefinition/implementationguide-page"><valueUri value="StructureDefinition-additional-information.html"/></extension><reference><reference value="StructureDefinition/additional-information"/></reference><name value="Additional Information"/><description value="Additional information, such as height or weight."/><isExample value="false"/><groupingId value="-str-profile"/></resource><resource><extension url="http://hl7.org/fhir/tools/StructureDefinition/resource-sort"><valueInteger value="999999999"/></extension><extension url="http://hl7.org/fhir/StructureDefinition/implementationguide-page"><valueUri value="StructureDefinition-administration-report.html"/></extension><reference><reference value="StructureDefinition/administration-report"/></reference><name value="Administration Report"/><description value="Prescribed medication administration report."/><isExample value="false"/><groupingId value="-str-profile"/></resource><resource><extension url="http://hl7.org/fhir/tools/StructureDefinition/resource-sort"><valueInteger value="999999999"/></extension><extension url="http://hl7.org/fhir/StructureDefinition/implementationguide-page"><valueUri value="StructureDefinition-associated-device.html"/></extension><reference><reference value="StructureDefinition/associated-device"/></reference><name value="Associated Device"/><description value="A device associated with a medication for its administration."/><isExample value="false"/><groupingId value="-str-profile"/></resource><resource><extension url="http://hl7.org/fhir/tools/StructureDefinition/resource-sort"><valueInteger value="999999999"/></extension><extension url="http://hl7.org/fhir/StructureDefinition/implementationguide-page"><valueUri value="StructureDefinition-Medical-liability-unit.html"/></extension><reference><reference value="StructureDefinition/Medical-liability-unit"/></reference><name value="Medical Liability Unit"/><description value="Medical liability unit."/><isExample value="false"/><groupingId value="-str-profile"/></resource><resource><extension url="http://hl7.org/fhir/tools/StructureDefinition/resource-sort"><valueInteger value="999999999"/></extension><extension url="http://hl7.org/fhir/StructureDefinition/implementationguide-page"><valueUri value="StructureDefinition-oncology-medication.html"/></extension><reference><reference value="StructureDefinition/oncology-medication"/></reference><name value="Oncology Medication"/><description value="Medication used in oncology."/><isExample value="false"/><groupingId value="-str-profile"/></resource><resource><extension url="http://hl7.org/fhir/tools/StructureDefinition/resource-sort"><valueInteger value="999999999"/></extension><extension url="http://hl7.org/fhir/StructureDefinition/implementationguide-page"><valueUri value="StructureDefinition-oncology-patient.html"/></extension><reference><reference value="StructureDefinition/oncology-patient"/></reference><name value="Oncology Patient"/><description value="Patient receiving medical treatment in oncology."/><isExample value="false"/><groupingId value="-str-profile"/></resource><resource><extension url="http://hl7.org/fhir/tools/StructureDefinition/resource-sort"><valueInteger value="999999999"/></extension><extension url="http://hl7.org/fhir/StructureDefinition/implementationguide-page"><valueUri value="StructureDefinition-oncology-practitioner.html"/></extension><reference><reference value="StructureDefinition/oncology-practitioner"/></reference><name value="Oncology Practitioner"/><description value="Oncology practitioner."/><isExample value="false"/><groupingId value="-str-profile"/></resource><resource><extension url="http://hl7.org/fhir/tools/StructureDefinition/resource-sort"><valueInteger value="999999999"/></extension><extension url="http://hl7.org/fhir/StructureDefinition/implementationguide-page"><valueUri value="StructureDefinition-prescription.html"/></extension><reference><reference value="StructureDefinition/prescription"/></reference><name value="Prescription"/><description value="Medication prescription."/><isExample value="false"/><groupingId value="-str-profile"/></resource><resource><extension url="http://hl7.org/fhir/tools/StructureDefinition/resource-sort"><valueInteger value="999999999"/></extension><extension url="http://hl7.org/fhir/StructureDefinition/implementationguide-page"><valueUri value="StructureDefinition-prescription-item.html"/></extension><reference><reference value="StructureDefinition/prescription-item"/></reference><name value="Prescription Item"/><description value="Prescription item."/><isExample value="false"/><groupingId value="-str-profile"/></resource><resource><extension url="http://hl7.org/fhir/tools/StructureDefinition/resource-sort"><valueInteger value="999999999"/></extension><extension url="http://hl7.org/fhir/StructureDefinition/implementationguide-page"><valueUri value="StructureDefinition-protocol.html"/></extension><reference><reference value="StructureDefinition/protocol"/></reference><name value="Protocol"/><description value="Protocol."/><isExample value="false"/><groupingId value="-str-profile"/></resource><resource><extension url="http://hl7.org/fhir/tools/StructureDefinition/resource-sort"><valueInteger value="999999999"/></extension><extension url="http://hl7.org/fhir/StructureDefinition/implementationguide-page"><valueUri value="StructureDefinition-Stay.html"/></extension><reference><reference value="StructureDefinition/Stay"/></reference><name value="Stay"/><description value="Stay."/><isExample value="false"/><groupingId value="-str-profile"/></resource><resource><extension url="http://hl7.org/fhir/tools/StructureDefinition/resource-sort"><valueInteger value="999999999"/></extension><extension url="http://hl7.org/fhir/StructureDefinition/implementationguide-page"><valueUri value="StructureDefinition-treatment-cycle-number.html"/></extension><reference><reference value="StructureDefinition/treatment-cycle-number"/></reference><name value="Treatment cycle number"/><description value="Treatment cycle number."/><isExample value="false"/><groupingId value="-str-extension"/></resource><resource><extension url="http://hl7.org/fhir/tools/StructureDefinition/resource-sort"><valueInteger value="999999999"/></extension><extension url="http://hl7.org/fhir/StructureDefinition/implementationguide-page"><valueUri value="StructureDefinition-treatment-day-number.html"/></extension><reference><reference value="StructureDefinition/treatment-day-number"/></reference><name value="Treatment day number"/><description value="Treatment day number."/><isExample value="false"/><groupingId value="-str-extension"/></resource><resource><extension url="http://hl7.org/fhir/tools/StructureDefinition/resource-sort"><valueInteger value="999999999"/></extension><extension url="http://hl7.org/fhir/StructureDefinition/implementationguide-page"><valueUri value="ValueSet-vsLOINC.html"/></extension><reference><reference value="ValueSet/vsLOINC"/></reference><name value="Codes LOINC"/><description value="ValueSet of LOINC codes."/><isExample value="false"/><groupingId value="-term-valueset"/></resource><resource><extension url="http://hl7.org/fhir/tools/StructureDefinition/resource-sort"><valueInteger value="999999999"/></extension><extension url="http://hl7.org/fhir/StructureDefinition/implementationguide-page"><valueUri value="ValueSet-vsCommunicationModes.html"/></extension><reference><reference value="ValueSet/vsCommunicationModes"/></reference><name value="Communication modes"/><description value="ValueSet for communication modes (incremental, summary)."/><isExample value="false"/><groupingId value="-term-valueset"/></resource><resource><extension url="http://hl7.org/fhir/tools/StructureDefinition/resource-sort"><valueInteger value="999999999"/></extension><extension url="http://hl7.org/fhir/StructureDefinition/implementationguide-page"><valueUri value="ValueSet-vsMedicalUnits.html"/></extension><reference><reference value="ValueSet/vsMedicalUnits"/></reference><name value="Medical units"/><description value="ValueSet for medical units (accommodation, medical liability unit)."/><isExample value="false"/><groupingId value="-term-valueset"/></resource><resource><extension url="http://hl7.org/fhir/tools/StructureDefinition/resource-sort"><valueInteger value="999999999"/></extension><extension url="http://hl7.org/fhir/StructureDefinition/implementationguide-page"><valueUri value="ValueSet-vsMedications.html"/></extension><reference><reference value="ValueSet/vsMedications"/></reference><name value="Medications"/><description value="ValueSet for medications."/><isExample value="false"/><groupingId value="-term-valueset"/></resource><resource><extension url="http://hl7.org/fhir/tools/StructureDefinition/resource-sort"><valueInteger value="999999999"/></extension><extension url="http://hl7.org/fhir/StructureDefinition/implementationguide-page"><valueUri value="ValueSet-vsPrescriptionCategory.html"/></extension><reference><reference value="ValueSet/vsPrescriptionCategory"/></reference><name value="Prescription status"/><description value="ValueSet for PlanDefinition types, extended to include creation, stop, modification and validation."/><isExample value="false"/><groupingId value="-term-valueset"/></resource><resource><extension url="http://hl7.org/fhir/tools/StructureDefinition/resource-sort"><valueInteger value="999999999"/></extension><extension url="http://hl7.org/fhir/StructureDefinition/implementationguide-page"><valueUri value="ValueSet-vsSCT.html"/></extension><reference><reference value="ValueSet/vsSCT"/></reference><name value="SNOMED CT codes"/><description value="ValueSet of SNOMED CT codes."/><isExample value="false"/><groupingId value="-term-valueset"/></resource><resource><extension url="http://hl7.org/fhir/tools/StructureDefinition/resource-sort"><valueInteger value="999999999"/></extension><extension url="http://hl7.org/fhir/StructureDefinition/implementationguide-page"><valueUri value="ValueSet-vsMedicationTypes.html"/></extension><reference><reference value="ValueSet/vsMedicationTypes"/></reference><name value="Types of medication"/><description value="ValueSet for medication types."/><isExample value="false"/><groupingId value="-term-valueset"/></resource><resource><extension url="http://hl7.org/fhir/tools/StructureDefinition/resource-sort"><valueInteger value="999999999"/></extension><extension url="http://hl7.org/fhir/StructureDefinition/implementationguide-page"><valueUri value="CodeSystem-CSCommunicationModes.html"/></extension><reference><reference value="CodeSystem/CSCommunicationModes"/></reference><name value="Communication modes"/><description value="CodeSystem for french communication modes (incremental, summary)."/><isExample value="false"/><groupingId value="-term-codesystem"/></resource><resource><extension url="http://hl7.org/fhir/tools/StructureDefinition/resource-sort"><valueInteger value="999999999"/></extension><extension url="http://hl7.org/fhir/StructureDefinition/implementationguide-page"><valueUri value="CodeSystem-CSLOINC.html"/></extension><reference><reference value="CodeSystem/CSLOINC"/></reference><name value="LOINC codes"/><description value="LOINC CodeSystem."/><isExample value="false"/><groupingId value="-term-codesystem"/></resource><resource><extension url="http://hl7.org/fhir/tools/StructureDefinition/resource-sort"><valueInteger value="999999999"/></extension><extension url="http://hl7.org/fhir/StructureDefinition/implementationguide-page"><valueUri value="CodeSystem-CSMedicalUnits.html"/></extension><reference><reference value="CodeSystem/CSMedicalUnits"/></reference><name value="Medical units"/><description value="CodeSystem for french medical units (accommodation, medical liability unit)."/><isExample value="false"/><groupingId value="-term-codesystem"/></resource><resource><extension url="http://hl7.org/fhir/tools/StructureDefinition/resource-sort"><valueInteger value="999999999"/></extension><extension url="http://hl7.org/fhir/StructureDefinition/implementationguide-page"><valueUri value="CodeSystem-CSMedicationTypes.html"/></extension><reference><reference value="CodeSystem/CSMedicationTypes"/></reference><name value="Medication types"/><description value="CodeSystem for french medication types."/><isExample value="false"/><groupingId value="-term-codesystem"/></resource><resource><extension url="http://hl7.org/fhir/tools/StructureDefinition/resource-sort"><valueInteger value="999999999"/></extension><extension url="http://hl7.org/fhir/StructureDefinition/implementationguide-page"><valueUri value="CodeSystem-CSMedications.html"/></extension><reference><reference value="CodeSystem/CSMedications"/></reference><name value="Medications"/><description value="CodeSystem for french medications."/><isExample value="false"/><groupingId value="-term-codesystem"/></resource><resource><extension url="http://hl7.org/fhir/tools/StructureDefinition/resource-sort"><valueInteger value="999999999"/></extension><extension url="http://hl7.org/fhir/StructureDefinition/implementationguide-page"><valueUri value="CodeSystem-CSPrescriptionCategory.html"/></extension><reference><reference value="CodeSystem/CSPrescriptionCategory"/></reference><name value="Prescription category"/><description value="CodeSystem for french prescription category (creation, stop, modification, validation)."/><isExample value="false"/><groupingId value="-term-codesystem"/></resource><resource><extension url="http://hl7.org/fhir/tools/StructureDefinition/resource-sort"><valueInteger value="999999999"/></extension><extension url="http://hl7.org/fhir/StructureDefinition/implementationguide-page"><valueUri value="CodeSystem-CSSCT.html"/></extension><reference><reference value="CodeSystem/CSSCT"/></reference><name value="SNOMED CT Codes"/><description value="SNOMED CT code system."/><isExample value="false"/><groupingId value="-term-codesystem"/></resource><resource><extension url="http://hl7.org/fhir/tools/StructureDefinition/resource-sort"><valueInteger value="999999999"/></extension><extension url="http://hl7.org/fhir/StructureDefinition/implementationguide-page"><valueUri value="PlanDefinition-exampleProtocol.html"/></extension><reference><reference value="PlanDefinition/exampleProtocol"/></reference><name value="Protocol - FOLFOX 4"/><description value="Prescribed protocol."/><isExample value="true"/><profile value="http://ltsi.univ-rennes.fr/StructureDefinition/Protocol"/><groupingId value="-ex-example"/></resource><resource><extension url="http://hl7.org/fhir/tools/StructureDefinition/resource-sort"><valueInteger value="999999999"/></extension><extension url="http://hl7.org/fhir/StructureDefinition/implementationguide-page"><valueUri value="Location-exampleAccomodationUnit.html"/></extension><reference><reference value="Location/exampleAccomodationUnit"/></reference><name value="exampleAccomodationUnit"/><description value="SAB accomodation unit."/><isExample value="true"/><profile value="http://ltsi.univ-rennes.fr/StructureDefinition/AccomodationUnit"/><groupingId value="-ex-example"/></resource><resource><extension url="http://hl7.org/fhir/tools/StructureDefinition/resource-sort"><valueInteger value="999999999"/></extension><extension url="http://hl7.org/fhir/StructureDefinition/implementationguide-page"><valueUri value="Observation-exampleAdditionalInformationHeight.html"/></extension><reference><reference value="Observation/exampleAdditionalInformationHeight"/></reference><name value="exampleAdditionalInformationHeight"/><description value="Additional information about height."/><isExample value="true"/><profile value="http://ltsi.univ-rennes.fr/StructureDefinition/AdditionalInformation"/><groupingId value="-ex-example"/></resource><resource><extension url="http://hl7.org/fhir/tools/StructureDefinition/resource-sort"><valueInteger value="999999999"/></extension><extension url="http://hl7.org/fhir/StructureDefinition/implementationguide-page"><valueUri value="Observation-exampleAdditionalInformationWeight.html"/></extension><reference><reference value="Observation/exampleAdditionalInformationWeight"/></reference><name value="exampleAdditionalInformationWeight"/><description value="Additional information about weight."/><isExample value="true"/><profile value="http://ltsi.univ-rennes.fr/StructureDefinition/AdditionalInformation"/><groupingId value="-ex-example"/></resource><resource><extension url="http://hl7.org/fhir/tools/StructureDefinition/resource-sort"><valueInteger value="999999999"/></extension><extension url="http://hl7.org/fhir/StructureDefinition/implementationguide-page"><valueUri value="MedicationAdministration-exampleAdministrationReportBACTRIMFORTE.html"/></extension><reference><reference value="MedicationAdministration/exampleAdministrationReportBACTRIMFORTE"/></reference><name value="exampleAdministrationReportBACTRIMFORTE"/><description value="BACTRIMFORTE medication administration report."/><isExample value="true"/><profile value="http://ltsi.univ-rennes.fr/StructureDefinition/AdministrationReport"/><groupingId value="-ex-example"/></resource><resource><extension url="http://hl7.org/fhir/tools/StructureDefinition/resource-sort"><valueInteger value="999999999"/></extension><extension url="http://hl7.org/fhir/StructureDefinition/implementationguide-page"><valueUri value="DeviceDefinition-exampleAssociatedDeviceNEBUL.html"/></extension><reference><reference value="DeviceDefinition/exampleAssociatedDeviceNEBUL"/></reference><name value="exampleAssociatedDeviceNEBUL"/><description value="Associated device: NEBUL."/><isExample value="true"/><profile value="http://ltsi.univ-rennes.fr/StructureDefinition/AssociatedDevice"/><groupingId value="-ex-example"/></resource><resource><extension url="http://hl7.org/fhir/tools/StructureDefinition/resource-sort"><valueInteger value="999999999"/></extension><extension url="http://hl7.org/fhir/StructureDefinition/implementationguide-page"><valueUri value="Organization-exampleMedicalLiabilityUnit.html"/></extension><reference><reference value="Organization/exampleMedicalLiabilityUnit"/></reference><name value="exampleMedicalLiabilityUnit"/><description value="HCMED Medical liability unit."/><isExample value="true"/><profile value="http://ltsi.univ-rennes.fr/StructureDefinition/MedicalLiabilityUnit"/><groupingId value="-ex-example"/></resource><resource><extension url="http://hl7.org/fhir/tools/StructureDefinition/resource-sort"><valueInteger value="999999999"/></extension><extension url="http://hl7.org/fhir/StructureDefinition/implementationguide-page"><valueUri value="Medication-exampleOncologyMedicationBACTRIMFORTE.html"/></extension><reference><reference value="Medication/exampleOncologyMedicationBACTRIMFORTE"/></reference><name value="exampleOncologyMedicationBACTRIMFORTE"/><description value="Medication: BACTRIM FORTE 800MG/160MG CPR."/><isExample value="true"/><profile value="http://ltsi.univ-rennes.fr/StructureDefinition/OncologyMedication"/><groupingId value="-ex-example"/></resource><resource><extension url="http://hl7.org/fhir/tools/StructureDefinition/resource-sort"><valueInteger value="999999999"/></extension><extension url="http://hl7.org/fhir/StructureDefinition/implementationguide-page"><valueUri value="Medication-exampleOncologyMedicationDOLIPRANE.html"/></extension><reference><reference value="Medication/exampleOncologyMedicationDOLIPRANE"/></reference><name value="exampleOncologyMedicationDOLIPRANE"/><description value="Medication: DOLIPRANE 2,4% BUV SS SUCRE FL 100ML."/><isExample value="true"/><profile value="http://ltsi.univ-rennes.fr/StructureDefinition/OncologyMedication"/><groupingId value="-ex-example"/></resource><resource><extension url="http://hl7.org/fhir/tools/StructureDefinition/resource-sort"><valueInteger value="999999999"/></extension><extension url="http://hl7.org/fhir/StructureDefinition/implementationguide-page"><valueUri value="Medication-exampleOncologyMedicationOXALIPLATINE200mg.html"/></extension><reference><reference value="Medication/exampleOncologyMedicationOXALIPLATINE200mg"/></reference><name value="exampleOncologyMedicationOXALIPLATINE200mg"/><description value="Medication: OXALIPLATINE 200 mg."/><isExample value="true"/><profile value="http://ltsi.univ-rennes.fr/StructureDefinition/OncologyMedication"/><groupingId value="-ex-example"/></resource><resource><extension url="http://hl7.org/fhir/tools/StructureDefinition/resource-sort"><valueInteger value="999999999"/></extension><extension url="http://hl7.org/fhir/StructureDefinition/implementationguide-page"><valueUri value="Medication-exampleOncologyMedicationOXYCODONELP10MGVIATRIS.html"/></extension><reference><reference value="Medication/exampleOncologyMedicationOXYCODONELP10MGVIATRIS"/></reference><name value="exampleOncologyMedicationOXYCODONELP10MGVIATRIS"/><description value="Medication: OXYCODONE LP 10 MG VIATRIS, CPR À LIBÉRATION PROLONGÉE."/><isExample value="true"/><profile value="http://ltsi.univ-rennes.fr/StructureDefinition/OncologyMedication"/><groupingId value="-ex-example"/></resource><resource><extension url="http://hl7.org/fhir/tools/StructureDefinition/resource-sort"><valueInteger value="999999999"/></extension><extension url="http://hl7.org/fhir/StructureDefinition/implementationguide-page"><valueUri value="Medication-exampleOncologyMedicationPENTACARINAT300MG.html"/></extension><reference><reference value="Medication/exampleOncologyMedicationPENTACARINAT300MG"/></reference><name value="exampleOncologyMedicationPENTACARINAT300MG"/><description value="Medication: PENTACARINAT 300MG PDR INJ."/><isExample value="true"/><profile value="http://ltsi.univ-rennes.fr/StructureDefinition/OncologyMedication"/><groupingId value="-ex-example"/></resource><resource><extension url="http://hl7.org/fhir/tools/StructureDefinition/resource-sort"><valueInteger value="999999999"/></extension><extension url="http://hl7.org/fhir/StructureDefinition/implementationguide-page"><valueUri value="Medication-exampleOncologyMedicationPROFENID50MG.html"/></extension><reference><reference value="Medication/exampleOncologyMedicationPROFENID50MG"/></reference><name value="exampleOncologyMedicationPROFENID50MG"/><description value="Medication: PROFENID 50 MG, GÉLULE."/><isExample value="true"/><profile value="http://ltsi.univ-rennes.fr/StructureDefinition/OncologyMedication"/><groupingId value="-ex-example"/></resource><resource><extension url="http://hl7.org/fhir/tools/StructureDefinition/resource-sort"><valueInteger value="999999999"/></extension><extension url="http://hl7.org/fhir/StructureDefinition/implementationguide-page"><valueUri value="Medication-exampleOncologyMedicationVITB12.html"/></extension><reference><reference value="Medication/exampleOncologyMedicationVITB12"/></reference><name value="exampleOncologyMedicationVITB12"/><description value="Medication: VIT B12 DEL 1MG/2ML INJ BUV AMP."/><isExample value="true"/><profile value="http://ltsi.univ-rennes.fr/StructureDefinition/OncologyMedication"/><groupingId value="-ex-example"/></resource><resource><extension url="http://hl7.org/fhir/tools/StructureDefinition/resource-sort"><valueInteger value="999999999"/></extension><extension url="http://hl7.org/fhir/StructureDefinition/implementationguide-page"><valueUri value="Patient-exampleOncologyPatient.html"/></extension><reference><reference value="Patient/exampleOncologyPatient"/></reference><name value="exampleOncologyPatient"/><description value="Patient of IPP 99999."/><isExample value="true"/><profile value="http://ltsi.univ-rennes.fr/StructureDefinition/OncologyPatient"/><groupingId value="-ex-example"/></resource><resource><extension url="http://hl7.org/fhir/tools/StructureDefinition/resource-sort"><valueInteger value="999999999"/></extension><extension url="http://hl7.org/fhir/StructureDefinition/implementationguide-page"><valueUri value="Practitioner-exampleOncologyPractitioner.html"/></extension><reference><reference value="Practitioner/exampleOncologyPractitioner"/></reference><name value="exampleOncologyPractitioner"/><description value="Administration report prescriber."/><isExample value="true"/><profile value="http://ltsi.univ-rennes.fr/StructureDefinition/OncologyPractitioner"/><groupingId value="-ex-example"/></resource><resource><extension url="http://hl7.org/fhir/tools/StructureDefinition/resource-sort"><valueInteger value="999999999"/></extension><extension url="http://hl7.org/fhir/StructureDefinition/implementationguide-page"><valueUri value="CarePlan-examplePrescription.html"/></extension><reference><reference value="CarePlan/examplePrescription"/></reference><name value="examplePrescription"/><description value="Medication prescription."/><isExample value="true"/><profile value="http://ltsi.univ-rennes.fr/StructureDefinition/Prescription"/><groupingId value="-ex-example"/></resource><resource><extension url="http://hl7.org/fhir/tools/StructureDefinition/resource-sort"><valueInteger value="999999999"/></extension><extension url="http://hl7.org/fhir/StructureDefinition/implementationguide-page"><valueUri value="MedicationRequest-examplePrescriptionItemBACTRIMFORTE.html"/></extension><reference><reference value="MedicationRequest/examplePrescriptionItemBACTRIMFORTE"/></reference><name value="examplePrescriptionItemBACTRIMFORTE"/><description value="Prescription item related to the medication BACTRIM FORTE 800MG/160MG CPR."/><isExample value="true"/><profile value="http://ltsi.univ-rennes.fr/StructureDefinition/PrescriptionItem"/><groupingId value="-ex-example"/></resource><resource><extension url="http://hl7.org/fhir/tools/StructureDefinition/resource-sort"><valueInteger value="999999999"/></extension><extension url="http://hl7.org/fhir/StructureDefinition/implementationguide-page"><valueUri value="MedicationRequest-examplePrescriptionItemDOLIPRANE.html"/></extension><reference><reference value="MedicationRequest/examplePrescriptionItemDOLIPRANE"/></reference><name value="examplePrescriptionItemDOLIPRANE"/><description value="Prescription item related to the medication DOLIPRANE 2.4% BUV SS SUGAR FL 100ML."/><isExample value="true"/><profile value="http://ltsi.univ-rennes.fr/StructureDefinition/PrescriptionItem"/><groupingId value="-ex-example"/></resource><resource><extension url="http://hl7.org/fhir/tools/StructureDefinition/resource-sort"><valueInteger value="999999999"/></extension><extension url="http://hl7.org/fhir/StructureDefinition/implementationguide-page"><valueUri value="MedicationRequest-examplePrescriptionItemOXALIPLATINE200mg.html"/></extension><reference><reference value="MedicationRequest/examplePrescriptionItemOXALIPLATINE200mg"/></reference><name value="examplePrescriptionItemOXALIPLATINE200mg"/><description value="Prescription item related to the medication OXALIPLATINE 200 mg."/><isExample value="true"/><profile value="http://ltsi.univ-rennes.fr/StructureDefinition/PrescriptionItem"/><groupingId value="-ex-example"/></resource><resource><extension url="http://hl7.org/fhir/tools/StructureDefinition/resource-sort"><valueInteger value="999999999"/></extension><extension url="http://hl7.org/fhir/StructureDefinition/implementationguide-page"><valueUri value="MedicationRequest-examplePrescriptionItemOXYCODONELP10MGVIATRIS.html"/></extension><reference><reference value="MedicationRequest/examplePrescriptionItemOXYCODONELP10MGVIATRIS"/></reference><name value="examplePrescriptionItemOXYCODONELP10MGVIATRIS"/><description value="Prescription item related to the medication OXYCODONE LP 10 MG VIATRIS."/><isExample value="true"/><profile value="http://ltsi.univ-rennes.fr/StructureDefinition/PrescriptionItem"/><groupingId value="-ex-example"/></resource><resource><extension url="http://hl7.org/fhir/tools/StructureDefinition/resource-sort"><valueInteger value="999999999"/></extension><extension url="http://hl7.org/fhir/StructureDefinition/implementationguide-page"><valueUri value="MedicationRequest-examplePrescriptionItemPENTACARINAT300MG.html"/></extension><reference><reference value="MedicationRequest/examplePrescriptionItemPENTACARINAT300MG"/></reference><name value="examplePrescriptionItemPENTACARINAT300MG"/><description value="Prescription item related to the medication PENTACARINAT 300MG PDR INJ."/><isExample value="true"/><profile value="http://ltsi.univ-rennes.fr/StructureDefinition/PrescriptionItem"/><groupingId value="-ex-example"/></resource><resource><extension url="http://hl7.org/fhir/tools/StructureDefinition/resource-sort"><valueInteger value="999999999"/></extension><extension url="http://hl7.org/fhir/StructureDefinition/implementationguide-page"><valueUri value="MedicationRequest-examplePrescriptionItemPROFENID50MG.html"/></extension><reference><reference value="MedicationRequest/examplePrescriptionItemPROFENID50MG"/></reference><name value="examplePrescriptionItemPROFENID50MG"/><description value="Prescription item related to the medication PROFENID 50 MG."/><isExample value="true"/><profile value="http://ltsi.univ-rennes.fr/StructureDefinition/PrescriptionItem"/><groupingId value="-ex-example"/></resource><resource><extension url="http://hl7.org/fhir/tools/StructureDefinition/resource-sort"><valueInteger value="999999999"/></extension><extension url="http://hl7.org/fhir/StructureDefinition/implementationguide-page"><valueUri value="MedicationRequest-examplePrescriptionItemVITB12.html"/></extension><reference><reference value="MedicationRequest/examplePrescriptionItemVITB12"/></reference><name value="examplePrescriptionItemVITB12"/><description value="Prescription item related to the medication VIT B12 DEL 1MG/2ML INJ BUV AMP."/><isExample value="true"/><profile value="http://ltsi.univ-rennes.fr/StructureDefinition/PrescriptionItem"/><groupingId value="-ex-example"/></resource><resource><extension url="http://hl7.org/fhir/tools/StructureDefinition/resource-sort"><valueInteger value="999999999"/></extension><extension url="http://hl7.org/fhir/StructureDefinition/implementationguide-page"><valueUri value="Encounter-exampleStay.html"/></extension><reference><reference value="Encounter/exampleStay"/></reference><name value="exampleStay"/><description value="Stay of ID 111111."/><isExample value="true"/><profile value="http://ltsi.univ-rennes.fr/StructureDefinition/Stay"/><groupingId value="-ex-example"/></resource><page><sourceUrl value="toc.html"/><name value="toc.html"/><title value="Table of Contents"/><generation value="html"/><page><sourceUrl value="index.html"/><name value="index.html"/><title value="Home"/><generation value="markdown"/></page><page><sourceUrl value="artifacts.html"/><name value="artifacts.html"/><title value="Artifacts Summary"/><generation value="html"/><page><sourceUrl value="StructureDefinition-accomodation-unit.html"/><name value="StructureDefinition-accomodation-unit.html"/><title value="Accomodation Unit"/><generation value="generated"/></page><page><sourceUrl value="StructureDefinition-additional-information.html"/><name value="StructureDefinition-additional-information.html"/><title value="Additional Information"/><generation value="generated"/></page><page><sourceUrl value="StructureDefinition-administration-report.html"/><name value="StructureDefinition-administration-report.html"/><title value="Administration Report"/><generation value="generated"/></page><page><sourceUrl value="StructureDefinition-associated-device.html"/><name value="StructureDefinition-associated-device.html"/><title value="Associated Device"/><generation value="generated"/></page><page><sourceUrl value="StructureDefinition-Medical-liability-unit.html"/><name value="StructureDefinition-Medical-liability-unit.html"/><title value="Medical Liability Unit"/><generation value="generated"/></page><page><sourceUrl value="StructureDefinition-oncology-medication.html"/><name value="StructureDefinition-oncology-medication.html"/><title value="Oncology Medication"/><generation value="generated"/></page><page><sourceUrl value="StructureDefinition-oncology-patient.html"/><name value="StructureDefinition-oncology-patient.html"/><title value="Oncology Patient"/><generation value="generated"/></page><page><sourceUrl value="StructureDefinition-oncology-practitioner.html"/><name value="StructureDefinition-oncology-practitioner.html"/><title value="Oncology Practitioner"/><generation value="generated"/></page><page><sourceUrl value="StructureDefinition-prescription.html"/><name value="StructureDefinition-prescription.html"/><title value="Prescription"/><generation value="generated"/></page><page><sourceUrl value="StructureDefinition-prescription-item.html"/><name value="StructureDefinition-prescription-item.html"/><title value="Prescription Item"/><generation value="generated"/></page><page><sourceUrl value="StructureDefinition-protocol.html"/><name value="StructureDefinition-protocol.html"/><title value="Protocol"/><generation value="generated"/></page><page><sourceUrl value="StructureDefinition-Stay.html"/><name value="StructureDefinition-Stay.html"/><title value="Stay"/><generation value="generated"/></page><page><sourceUrl value="StructureDefinition-treatment-cycle-number.html"/><name value="StructureDefinition-treatment-cycle-number.html"/><title value="Treatment cycle number"/><generation value="generated"/></page><page><sourceUrl value="StructureDefinition-treatment-day-number.html"/><name value="StructureDefinition-treatment-day-number.html"/><title value="Treatment day number"/><generation value="generated"/></page><page><sourceUrl value="ValueSet-vsLOINC.html"/><name value="ValueSet-vsLOINC.html"/><title value="Codes LOINC"/><generation value="generated"/></page><page><sourceUrl value="ValueSet-vsCommunicationModes.html"/><name value="ValueSet-vsCommunicationModes.html"/><title value="Communication modes"/><generation value="generated"/></page><page><sourceUrl value="ValueSet-vsMedicalUnits.html"/><name value="ValueSet-vsMedicalUnits.html"/><title value="Medical units"/><generation value="generated"/></page><page><sourceUrl value="ValueSet-vsMedications.html"/><name value="ValueSet-vsMedications.html"/><title value="Medications"/><generation value="generated"/></page><page><sourceUrl value="ValueSet-vsPrescriptionCategory.html"/><name value="ValueSet-vsPrescriptionCategory.html"/><title value="Prescription status"/><generation value="generated"/></page><page><sourceUrl value="ValueSet-vsSCT.html"/><name value="ValueSet-vsSCT.html"/><title value="SNOMED CT codes"/><generation value="generated"/></page><page><sourceUrl value="ValueSet-vsMedicationTypes.html"/><name value="ValueSet-vsMedicationTypes.html"/><title value="Types of medication"/><generation value="generated"/></page><page><sourceUrl value="CodeSystem-CSCommunicationModes.html"/><name value="CodeSystem-CSCommunicationModes.html"/><title value="Communication modes"/><generation value="generated"/></page><page><sourceUrl value="CodeSystem-CSLOINC.html"/><name value="CodeSystem-CSLOINC.html"/><title value="LOINC codes"/><generation value="generated"/></page><page><sourceUrl value="CodeSystem-CSMedicalUnits.html"/><name value="CodeSystem-CSMedicalUnits.html"/><title value="Medical units"/><generation value="generated"/></page><page><sourceUrl value="CodeSystem-CSMedicationTypes.html"/><name value="CodeSystem-CSMedicationTypes.html"/><title value="Medication types"/><generation value="generated"/></page><page><sourceUrl value="CodeSystem-CSMedications.html"/><name value="CodeSystem-CSMedications.html"/><title value="Medications"/><generation value="generated"/></page><page><sourceUrl value="CodeSystem-CSPrescriptionCategory.html"/><name value="CodeSystem-CSPrescriptionCategory.html"/><title value="Prescription category"/><generation value="generated"/></page><page><sourceUrl value="CodeSystem-CSSCT.html"/><name value="CodeSystem-CSSCT.html"/><title value="SNOMED CT Codes"/><generation value="generated"/></page><page><sourceUrl value="Location-exampleAccomodationUnit.html"/><name value="Location-exampleAccomodationUnit.html"/><title value="exampleAccomodationUnit"/><generation value="generated"/></page><page><sourceUrl value="Observation-exampleAdditionalInformationHeight.html"/><name value="Observation-exampleAdditionalInformationHeight.html"/><title value="exampleAdditionalInformationHeight"/><generation value="generated"/></page><page><sourceUrl value="Observation-exampleAdditionalInformationWeight.html"/><name value="Observation-exampleAdditionalInformationWeight.html"/><title value="exampleAdditionalInformationWeight"/><generation value="generated"/></page><page><sourceUrl value="MedicationAdministration-exampleAdministrationReportBACTRIMFORTE.html"/><name value="MedicationAdministration-exampleAdministrationReportBACTRIMFORTE.html"/><title value="exampleAdministrationReportBACTRIMFORTE"/><generation value="generated"/></page><page><sourceUrl value="DeviceDefinition-exampleAssociatedDeviceNEBUL.html"/><name value="DeviceDefinition-exampleAssociatedDeviceNEBUL.html"/><title value="exampleAssociatedDeviceNEBUL"/><generation value="generated"/></page><page><sourceUrl value="Organization-exampleMedicalLiabilityUnit.html"/><name value="Organization-exampleMedicalLiabilityUnit.html"/><title value="exampleMedicalLiabilityUnit"/><generation value="generated"/></page><page><sourceUrl value="Medication-exampleOncologyMedicationBACTRIMFORTE.html"/><name value="Medication-exampleOncologyMedicationBACTRIMFORTE.html"/><title value="exampleOncologyMedicationBACTRIMFORTE"/><generation value="generated"/></page><page><sourceUrl value="Medication-exampleOncologyMedicationDOLIPRANE.html"/><name value="Medication-exampleOncologyMedicationDOLIPRANE.html"/><title value="exampleOncologyMedicationDOLIPRANE"/><generation value="generated"/></page><page><sourceUrl value="Medication-exampleOncologyMedicationOXALIPLATINE200mg.html"/><name value="Medication-exampleOncologyMedicationOXALIPLATINE200mg.html"/><title value="exampleOncologyMedicationOXALIPLATINE200mg"/><generation value="generated"/></page><page><sourceUrl value="Medication-exampleOncologyMedicationOXYCODONELP10MGVIATRIS.html"/><name value="Medication-exampleOncologyMedicationOXYCODONELP10MGVIATRIS.html"/><title value="exampleOncologyMedicationOXYCODONELP10MGVIATRIS"/><generation value="generated"/></page><page><sourceUrl value="Medication-exampleOncologyMedicationPENTACARINAT300MG.html"/><name value="Medication-exampleOncologyMedicationPENTACARINAT300MG.html"/><title value="exampleOncologyMedicationPENTACARINAT300MG"/><generation value="generated"/></page><page><sourceUrl value="Medication-exampleOncologyMedicationPROFENID50MG.html"/><name value="Medication-exampleOncologyMedicationPROFENID50MG.html"/><title value="exampleOncologyMedicationPROFENID50MG"/><generation value="generated"/></page><page><sourceUrl value="Medication-exampleOncologyMedicationVITB12.html"/><name value="Medication-exampleOncologyMedicationVITB12.html"/><title value="exampleOncologyMedicationVITB12"/><generation value="generated"/></page><page><sourceUrl value="Patient-exampleOncologyPatient.html"/><name value="Patient-exampleOncologyPatient.html"/><title value="exampleOncologyPatient"/><generation value="generated"/></page><page><sourceUrl value="Practitioner-exampleOncologyPractitioner.html"/><name value="Practitioner-exampleOncologyPractitioner.html"/><title value="exampleOncologyPractitioner"/><generation value="generated"/></page><page><sourceUrl value="CarePlan-examplePrescription.html"/><name value="CarePlan-examplePrescription.html"/><title value="examplePrescription"/><generation value="generated"/></page><page><sourceUrl value="MedicationRequest-examplePrescriptionItemBACTRIMFORTE.html"/><name value="MedicationRequest-examplePrescriptionItemBACTRIMFORTE.html"/><title value="examplePrescriptionItemBACTRIMFORTE"/><generation value="generated"/></page><page><sourceUrl value="MedicationRequest-examplePrescriptionItemDOLIPRANE.html"/><name value="MedicationRequest-examplePrescriptionItemDOLIPRANE.html"/><title value="examplePrescriptionItemDOLIPRANE"/><generation value="generated"/></page><page><sourceUrl value="MedicationRequest-examplePrescriptionItemOXALIPLATINE200mg.html"/><name value="MedicationRequest-examplePrescriptionItemOXALIPLATINE200mg.html"/><title value="examplePrescriptionItemOXALIPLATINE200mg"/><generation value="generated"/></page><page><sourceUrl value="MedicationRequest-examplePrescriptionItemOXYCODONELP10MGVIATRIS.html"/><name value="MedicationRequest-examplePrescriptionItemOXYCODONELP10MGVIATRIS.html"/><title value="examplePrescriptionItemOXYCODONELP10MGVIATRIS"/><generation value="generated"/></page><page><sourceUrl value="MedicationRequest-examplePrescriptionItemPENTACARINAT300MG.html"/><name value="MedicationRequest-examplePrescriptionItemPENTACARINAT300MG.html"/><title value="examplePrescriptionItemPENTACARINAT300MG"/><generation value="generated"/></page><page><sourceUrl value="MedicationRequest-examplePrescriptionItemPROFENID50MG.html"/><name value="MedicationRequest-examplePrescriptionItemPROFENID50MG.html"/><title value="examplePrescriptionItemPROFENID50MG"/><generation value="generated"/></page><page><sourceUrl value="MedicationRequest-examplePrescriptionItemVITB12.html"/><name value="MedicationRequest-examplePrescriptionItemVITB12.html"/><title value="examplePrescriptionItemVITB12"/><generation value="generated"/></page><page><sourceUrl value="Encounter-exampleStay.html"/><name value="Encounter-exampleStay.html"/><title value="exampleStay"/><generation value="generated"/></page><page><sourceUrl value="PlanDefinition-exampleProtocol.html"/><name value="PlanDefinition-exampleProtocol.html"/><title value="Protocol - FOLFOX 4"/><generation value="generated"/></page></page></page><parameter><code><system value="http://hl7.org/fhir/tools/CodeSystem/ig-parameters"/><code value="copyrightyear"/></code><value value="2023+"/></parameter><parameter><code><system value="http://hl7.org/fhir/tools/CodeSystem/ig-parameters"/><code value="releaselabel"/></code><value value="ci-build"/></parameter><parameter><code><system value="http://hl7.org/fhir/tools/CodeSystem/ig-parameters"/><code value="autoload-resources"/></code><value value="true"/></parameter><parameter><code><system value="http://hl7.org/fhir/guide-parameter-code"/><code value="path-resource"/></code><value value="input/capabilities"/></parameter><parameter><code><system value="http://hl7.org/fhir/guide-parameter-code"/><code value="path-resource"/></code><value value="input/examples"/></parameter><parameter><code><system value="http://hl7.org/fhir/guide-parameter-code"/><code value="path-resource"/></code><value value="input/extensions"/></parameter><parameter><code><system value="http://hl7.org/fhir/guide-parameter-code"/><code value="path-resource"/></code><value value="input/models"/></parameter><parameter><code><system value="http://hl7.org/fhir/guide-parameter-code"/><code value="path-resource"/></code><value value="input/operations"/></parameter><parameter><code><system value="http://hl7.org/fhir/guide-parameter-code"/><code value="path-resource"/></code><value value="input/profiles"/></parameter><parameter><code><system value="http://hl7.org/fhir/guide-parameter-code"/><code value="path-resource"/></code><value value="input/resources"/></parameter><parameter><code><system value="http://hl7.org/fhir/guide-parameter-code"/><code value="path-resource"/></code><value value="input/vocabulary"/></parameter><parameter><code><system value="http://hl7.org/fhir/guide-parameter-code"/><code value="path-resource"/></code><value value="input/maps"/></parameter><parameter><code><system value="http://hl7.org/fhir/guide-parameter-code"/><code value="path-resource"/></code><value value="input/testing"/></parameter><parameter><code><system value="http://hl7.org/fhir/guide-parameter-code"/><code value="path-resource"/></code><value value="input/history"/></parameter><parameter><code><system value="http://hl7.org/fhir/guide-parameter-code"/><code value="path-resource"/></code><value value="fsh-generated/resources"/></parameter><parameter><code><system value="http://hl7.org/fhir/guide-parameter-code"/><code value="path-pages"/></code><value value="template/config"/></parameter><parameter><code><system value="http://hl7.org/fhir/guide-parameter-code"/><code value="path-pages"/></code><value value="input/images"/></parameter><parameter><code><system value="http://hl7.org/fhir/tools/CodeSystem/ig-parameters"/><code value="path-liquid"/></code><value value="template/liquid"/></parameter><parameter><code><system value="http://hl7.org/fhir/tools/CodeSystem/ig-parameters"/><code value="path-liquid"/></code><value value="input/liquid"/></parameter><parameter><code><system value="http://hl7.org/fhir/tools/CodeSystem/ig-parameters"/><code value="path-qa"/></code><value value="temp/qa"/></parameter><parameter><code><system value="http://hl7.org/fhir/tools/CodeSystem/ig-parameters"/><code value="path-temp"/></code><value value="temp/pages"/></parameter><parameter><code><system value="http://hl7.org/fhir/tools/CodeSystem/ig-parameters"/><code value="path-output"/></code><value value="output"/></parameter><parameter><code><system value="http://hl7.org/fhir/guide-parameter-code"/><code value="path-tx-cache"/></code><value value="input-cache/txcache"/></parameter><parameter><code><system value="http://hl7.org/fhir/tools/CodeSystem/ig-parameters"/><code value="path-suppressed-warnings"/></code><value value="input/ignoreWarnings.txt"/></parameter><parameter><code><system value="http://hl7.org/fhir/tools/CodeSystem/ig-parameters"/><code value="path-history"/></code><value value="http://ltsi.univ-rennes.fr/history.html"/></parameter><parameter><code><system value="http://hl7.org/fhir/tools/CodeSystem/ig-parameters"/><code value="template-html"/></code><value value="template-page.html"/></parameter><parameter><code><system value="http://hl7.org/fhir/tools/CodeSystem/ig-parameters"/><code value="template-md"/></code><value value="template-page-md.html"/></parameter><parameter><code><system value="http://hl7.org/fhir/tools/CodeSystem/ig-parameters"/><code value="apply-contact"/></code><value value="true"/></parameter><parameter><code><system value="http://hl7.org/fhir/tools/CodeSystem/ig-parameters"/><code value="apply-context"/></code><value value="true"/></parameter><parameter><code><system value="http://hl7.org/fhir/tools/CodeSystem/ig-parameters"/><code value="apply-copyright"/></code><value value="true"/></parameter><parameter><code><system value="http://hl7.org/fhir/tools/CodeSystem/ig-parameters"/><code value="apply-jurisdiction"/></code><value value="true"/></parameter><parameter><code><system value="http://hl7.org/fhir/tools/CodeSystem/ig-parameters"/><code value="apply-license"/></code><value value="true"/></parameter><parameter><code><system value="http://hl7.org/fhir/tools/CodeSystem/ig-parameters"/><code value="apply-publisher"/></code><value value="true"/></parameter><parameter><code><system value="http://hl7.org/fhir/tools/CodeSystem/ig-parameters"/><code value="apply-version"/></code><value value="true"/></parameter><parameter><code><system value="http://hl7.org/fhir/tools/CodeSystem/ig-parameters"/><code value="apply-wg"/></code><value value="true"/></parameter><parameter><code><system value="http://hl7.org/fhir/tools/CodeSystem/ig-parameters"/><code value="active-tables"/></code><value value="true"/></parameter><parameter><code><system value="http://hl7.org/fhir/tools/CodeSystem/ig-parameters"/><code value="fmm-definition"/></code><value value="http://hl7.org/fhir/versions.html#maturity"/></parameter><parameter><code><system value="http://hl7.org/fhir/tools/CodeSystem/ig-parameters"/><code value="propagate-status"/></code><value value="true"/></parameter><parameter><code><system value="http://hl7.org/fhir/tools/CodeSystem/ig-parameters"/><code value="excludelogbinaryformat"/></code><value value="true"/></parameter><parameter><code><system value="http://hl7.org/fhir/tools/CodeSystem/ig-parameters"/><code value="tabbed-snapshots"/></code><value value="true"/></parameter></definition></ImplementationGuide>