<?xml version="1.0" encoding="UTF-8"?><SearchParameter xmlns="http://hl7.org/fhir"><id value="oncofair-sp-ma-category"/><text><status value="generated"/><div xmlns="http://www.w3.org/1999/xhtml"><p class="res-header-id"><b>Generated Narrative: SearchParameter oncofair-sp-ma-category</b></p><a name="oncofair-sp-ma-category"> </a><a name="hconcofair-sp-ma-category"> </a><a name="oncofair-sp-ma-category-en-US"> </a><h2>OncoFAIRSPMACategory</h2><p>Parameter <code>ma-category</code>:<code>token</code></p><div><p>Search for code identifying the nature of the administration element</p>
</div><table class="grid"><tr><td>Resource</td><td><a href="http://hl7.org/fhir/R5/medicationadministration.html">MedicationAdministration</a></td></tr><tr><td>Expression</td><td><code>MedicationAdministration.category.where(id='code')</code></td></tr><tr><td>Processing Mode</td><td>Normal</td></tr><tr><td>Multiples</td><td><ul><li>multipleAnd: It's up to the server whether the parameter may repeat in order to specify multiple values that must all be true</li><li>multipleOr: It's up to the server whether the parameter can have multiple values (separated by comma) where at least one must be true</li></ul></td></tr></table></div></text><url value="http://ltsi.univ-rennes.fr/SearchParameter/oncofair-sp-ma-category"/><version value="0.1.0"/><name value="OncoFAIRSPMACategory"/><status value="active"/><date value="2025-05-14T13:09:12+00:00"/><publisher value="KEREVAL and DOMASIA team of the Signal and Image Processing Laboratory (LTSI)"/><contact><name value="KEREVAL and DOMASIA team of the Signal and Image Processing Laboratory (LTSI)"/><telecom><system value="url"/><value value="https://github.com/ONCOFAIR"/></telecom></contact><description value="Search for code identifying the nature of the administration element"/><code value="ma-category"/><base value="MedicationAdministration"/><type value="token"/><expression value="MedicationAdministration.category.where(id='code')"/><processingMode value="normal"/></SearchParameter>