<?xml version="1.0" encoding="UTF-8"?><ValueSet xmlns="http://hl7.org/fhir"><id value="concept-medication-oncofair-valueset"/><text><status value="generated"/><div xmlns="http://www.w3.org/1999/xhtml"><p class="res-header-id"><b>Generated Narrative: ValueSet concept-medication-oncofair-valueset</b></p><a name="concept-medication-oncofair-valueset"> </a><a name="hcconcept-medication-oncofair-valueset"> </a><a name="concept-medication-oncofair-valueset-en-US"> </a><ul><li>Include all codes defined in <a href="CodeSystem-concept-medication-oncofair-codesystem.html"><code>http://ltsi.univ-rennes.fr/CodeSystem/concept-medication-oncofair-codesystem</code></a></li></ul></div></text><url value="http://ltsi.univ-rennes.fr/ValueSet/concept-medication-oncofair-valueset"/><version value="0.1.0"/><name value="ConceptMedicationOncoFAIRValueSet"/><title value="Concepts Medication Value Set"/><status value="draft"/><experimental value="true"/><date value="2024-09-12T14:01:50+00:00"/><publisher value="DOMASIA team of the Signal and Image Processing Laboratory (LTSI) and KEREVAL"/><contact><name value="DOMASIA team of the Signal and Image Processing Laboratory (LTSI) and KEREVAL"/><telecom><system value="url"/><value value="https://ltsi.univ-rennes.fr"/></telecom></contact><description value="Value Set pour différiencier les niveaux de MR/MA"/><compose><include><system value="http://ltsi.univ-rennes.fr/CodeSystem/concept-medication-oncofair-codesystem"/></include></compose></ValueSet>