<?xml version="1.0" encoding="UTF-8"?><CodeSystem xmlns="http://hl7.org/fhir"><id value="medications-oncofair-codesystem"/><text><status value="generated"/><div xmlns="http://www.w3.org/1999/xhtml"><p class="res-header-id"><b>Generated Narrative: CodeSystem medications-oncofair-codesystem</b></p><a name="medications-oncofair-codesystem"> </a><a name="hcmedications-oncofair-codesystem"> </a><a name="medications-oncofair-codesystem-en-US"> </a><p>This case-sensitive code system <code>http://ltsi.univ-rennes.fr/CodeSystem/medications-oncofair-codesystem</code> defines the following codes:</p><table class="codes"><tr><td style="white-space:nowrap"><b>Code</b></td><td><b>Display</b></td></tr><tr><td style="white-space:nowrap">9365536<a name="medications-oncofair-codesystem-9365536"> </a></td><td>OXALIPLATINE 200 mg</td></tr><tr><td style="white-space:nowrap">9334872<a name="medications-oncofair-codesystem-9334872"> </a></td><td>5-FLUOROURACILE 5 g</td></tr><tr><td style="white-space:nowrap">9314929<a name="medications-oncofair-codesystem-9314929"> </a></td><td>LEVOFOLINATE DE CALCIUM</td></tr><tr><td style="white-space:nowrap">9296278<a name="medications-oncofair-codesystem-9296278"> </a></td><td>ONDANSETRON</td></tr><tr><td style="white-space:nowrap">5<a name="medications-oncofair-codesystem-5"> </a></td><td>METHYLPREDNISOLONE</td></tr><tr><td style="white-space:nowrap">9279854<a name="medications-oncofair-codesystem-9279854"> </a></td><td>G5% 100ML POCHE</td></tr><tr><td style="white-space:nowrap">9403863<a name="medications-oncofair-codesystem-9403863"> </a></td><td>OXYCODONE LP 10 MG VIATRIS, CPR À LIBÉRATION PROLONGÉE</td></tr><tr><td style="white-space:nowrap">9009043<a name="medications-oncofair-codesystem-9009043"> </a></td><td>BACTRIM FORTE 800MG/160MG CPR</td></tr><tr><td style="white-space:nowrap">9137249<a name="medications-oncofair-codesystem-9137249"> </a></td><td>PENTACARINAT 300MG PDR INJ</td></tr></table></div></text><url value="http://ltsi.univ-rennes.fr/CodeSystem/medications-oncofair-codesystem"/><version value="0.1.0"/><name value="MedicationsOncoFAIRCodeSystem"/><title value="Medications"/><status value="draft"/><experimental value="true"/><date value="2025-05-21T15:07:15+00:00"/><publisher value="KEREVAL and DOMASIA team of the Signal and Image Processing Laboratory (LTSI)"/><contact><name value="KEREVAL and DOMASIA team of the Signal and Image Processing Laboratory (LTSI)"/><telecom><system value="url"/><value value="https://github.com/ONCOFAIR"/></telecom></contact><description value="CodeSystem for french medications."/><caseSensitive value="true"/><content value="complete"/><count value="9"/><concept><code value="9365536"/><display value="OXALIPLATINE 200 mg"/><designation><use><system value="http://terminology.hl7.org/CodeSystem/designation-usage"/><code value="display"/></use><value value="OXALIPLATINE 200 mg"/></designation></concept><concept><code value="9334872"/><display value="5-FLUOROURACILE 5 g"/><designation><use><system value="http://terminology.hl7.org/CodeSystem/designation-usage"/><code value="display"/></use><value value="5-FLUOROURACILE 5 g"/></designation></concept><concept><code value="9314929"/><display value="LEVOFOLINATE DE CALCIUM"/><designation><use><system value="http://terminology.hl7.org/CodeSystem/designation-usage"/><code value="display"/></use><value value="LEVOFOLINATE DE CALCIUM"/></designation></concept><concept><code value="9296278"/><display value="ONDANSETRON"/><designation><use><system value="http://terminology.hl7.org/CodeSystem/designation-usage"/><code value="display"/></use><value value="ONDANSETRON"/></designation></concept><concept><code value="5"/><display value="METHYLPREDNISOLONE"/><designation><use><system value="http://terminology.hl7.org/CodeSystem/designation-usage"/><code value="display"/></use><value value="METHYLPREDNISOLONE"/></designation></concept><concept><code value="9279854"/><display value="G5% 100ML POCHE"/><designation><use><system value="http://terminology.hl7.org/CodeSystem/designation-usage"/><code value="display"/></use><value value="G5% 100ML POCHE"/></designation></concept><concept><code value="9403863"/><display value="OXYCODONE LP 10 MG VIATRIS, CPR À LIBÉRATION PROLONGÉE"/><designation><use><system value="http://terminology.hl7.org/CodeSystem/designation-usage"/><code value="display"/></use><value value="OXYCODONE LP 10 MG VIATRIS, CPR À LIBÉRATION PROLONGÉE"/></designation></concept><concept><code value="9009043"/><display value="BACTRIM FORTE 800MG/160MG CPR"/><designation><use><system value="http://terminology.hl7.org/CodeSystem/designation-usage"/><code value="display"/></use><value value="BACTRIM FORTE 800MG/160MG CPR"/></designation></concept><concept><code value="9137249"/><display value="PENTACARINAT 300MG PDR INJ"/><designation><use><system value="http://terminology.hl7.org/CodeSystem/designation-usage"/><code value="display"/></use><value value="PENTACARINAT 300MG PDR INJ"/></designation></concept></CodeSystem>