<?xml version="1.0" encoding="UTF-8"?><CodeSystem xmlns="http://hl7.org/fhir"><id value="siph-natureproppharm-oncofair-codesystem"/><text><status value="generated"/><div xmlns="http://www.w3.org/1999/xhtml"><p class="res-header-id"><b>Generated Narrative: CodeSystem siph-natureproppharm-oncofair-codesystem</b></p><a name="siph-natureproppharm-oncofair-codesystem"> </a><a name="hcsiph-natureproppharm-oncofair-codesystem"> </a><a name="siph-natureproppharm-oncofair-codesystem-en-US"> </a><p>This case-sensitive code system <code>http://ltsi.univ-rennes.fr/CodeSystem/siph-natureproppharm-oncofair-codesystem</code> defines the following codes:</p><table class="codes"><tr><td style="white-space:nowrap"><b>Code</b></td><td><b>Display</b></td></tr><tr><td style="white-space:nowrap">NON<a name="siph-natureproppharm-oncofair-codesystem-NON"> </a></td><td>Aucune</td></tr><tr><td style="white-space:nowrap">SUG<a name="siph-natureproppharm-oncofair-codesystem-SUG"> </a></td><td>Suggestion</td></tr><tr><td style="white-space:nowrap">SUB<a name="siph-natureproppharm-oncofair-codesystem-SUB"> </a></td><td>Substitution</td></tr><tr><td style="white-space:nowrap">DDC<a name="siph-natureproppharm-oncofair-codesystem-DDC"> </a></td><td>Dispensation DC</td></tr></table></div></text><url value="http://ltsi.univ-rennes.fr/CodeSystem/siph-natureproppharm-oncofair-codesystem"/><version value="0.1.0"/><name value="SIPhNaturePropPharmOncoFAIRCodeSystem"/><title value="Nature proposition pharmaceutique Code System"/><status value="draft"/><experimental value="true"/><date value="2025-05-21T15:07:15+00:00"/><publisher value="KEREVAL and DOMASIA team of the Signal and Image Processing Laboratory (LTSI)"/><contact><name value="KEREVAL and DOMASIA team of the Signal and Image Processing Laboratory (LTSI)"/><telecom><system value="url"/><value value="https://github.com/ONCOFAIR"/></telecom></contact><description value="Code system pour l'attribut NaturePropPharm"/><caseSensitive value="true"/><content value="complete"/><count value="4"/><concept><code value="NON"/><display value="Aucune"/><designation><use><system value="http://terminology.hl7.org/CodeSystem/designation-usage"/><code value="display"/></use><value value="Aucune"/></designation></concept><concept><code value="SUG"/><display value="Suggestion"/><designation><use><system value="http://terminology.hl7.org/CodeSystem/designation-usage"/><code value="display"/></use><value value="Suggestion"/></designation></concept><concept><code value="SUB"/><display value="Substitution"/><designation><use><system value="http://terminology.hl7.org/CodeSystem/designation-usage"/><code value="display"/></use><value value="Substitution"/></designation></concept><concept><code value="DDC"/><display value="Dispensation DC"/><designation><use><system value="http://terminology.hl7.org/CodeSystem/designation-usage"/><code value="display"/></use><value value="Dispensation DC"/></designation></concept></CodeSystem>