<?xml version="1.0" encoding="UTF-8"?><CodeSystem xmlns="http://hl7.org/fhir"><id value="siph-typeeltpla-oncofair-codesystem"/><text><status value="generated"/><div xmlns="http://www.w3.org/1999/xhtml"><p class="res-header-id"><b>Generated Narrative: CodeSystem siph-typeeltpla-oncofair-codesystem</b></p><a name="siph-typeeltpla-oncofair-codesystem"> </a><a name="hcsiph-typeeltpla-oncofair-codesystem"> </a><a name="hcsiph-typeeltpla-oncofair-codesystem-en-US"> </a><p>This case-sensitive code system <code>http://ltsi.univ-rennes.fr/CodeSystem/siph-typeeltpla-oncofair-codesystem</code> defines the following codes:</p><table class="codes"><tr><td style="white-space:nowrap"><b>Code</b></td><td><b>Display</b></td></tr><tr><td style="white-space:nowrap">MED<a name="siph-typeeltpla-oncofair-codesystem-MED"> </a></td><td>Médicament</td></tr><tr><td style="white-space:nowrap">ID<a name="siph-typeeltpla-oncofair-codesystem-ID"> </a></td><td>Injection directe</td></tr><tr><td style="white-space:nowrap">PERF<a name="siph-typeeltpla-oncofair-codesystem-PERF"> </a></td><td>Perfusion</td></tr><tr><td style="white-space:nowrap">PSE<a name="siph-typeeltpla-oncofair-codesystem-PSE"> </a></td><td>Pousse-seringue électrique</td></tr><tr><td style="white-space:nowrap">PCA<a name="siph-typeeltpla-oncofair-codesystem-PCA"> </a></td><td>Patient Controled Analgesiae</td></tr><tr><td style="white-space:nowrap">GAZ<a name="siph-typeeltpla-oncofair-codesystem-GAZ"> </a></td><td>Gaz médical</td></tr><tr><td style="white-space:nowrap">AER<a name="siph-typeeltpla-oncofair-codesystem-AER"> </a></td><td>Aérosol</td></tr><tr><td style="white-space:nowrap">PATCH<a name="siph-typeeltpla-oncofair-codesystem-PATCH"> </a></td><td>Patch</td></tr><tr><td style="white-space:nowrap">NE<a name="siph-typeeltpla-oncofair-codesystem-NE"> </a></td><td>Nutrition entérale</td></tr></table></div></text><url value="http://ltsi.univ-rennes.fr/CodeSystem/siph-typeeltpla-oncofair-codesystem"/><version value="0.1.0"/><name value="SIPhTypeEltPLAOncoFAIRCodeSystem"/><title value="Type de l'élément d'administration Code System"/><status value="draft"/><experimental value="true"/><date value="2024-07-01T15:03:37+00:00"/><publisher value="DOMASIA team of the Signal and Image Processing Laboratory (LTSI) and KEREVAL"/><contact><name value="DOMASIA team of the Signal and Image Processing Laboratory (LTSI) and KEREVAL"/><telecom><system value="url"/><value value="https://ltsi.univ-rennes.fr"/></telecom></contact><description value="Code system pour l'attribut TypeEltPLA"/><caseSensitive value="true"/><content value="complete"/><count value="9"/><concept><code value="MED"/><display value="Médicament"/></concept><concept><code value="ID"/><display value="Injection directe"/></concept><concept><code value="PERF"/><display value="Perfusion"/></concept><concept><code value="PSE"/><display value="Pousse-seringue électrique"/></concept><concept><code value="PCA"/><display value="Patient Controled Analgesiae"/></concept><concept><code value="GAZ"/><display value="Gaz médical"/></concept><concept><code value="AER"/><display value="Aérosol"/></concept><concept><code value="PATCH"/><display value="Patch"/></concept><concept><code value="NE"/><display value="Nutrition entérale"/></concept></CodeSystem>