<?xml version="1.0" encoding="UTF-8"?><ImplementationGuide xmlns="http://hl7.org/fhir"><id value="ltsi.fhir.oncofair"/><text><status value="extensions"/><div xmlns="http://www.w3.org/1999/xhtml"><h2>OncoFAIR</h2><p>The official URL for this implementation guide is: </p><pre>http://ltsi.univ-rennes.fr/ImplementationGuide/ltsi.fhir.oncofair</pre><div><p>The Onco-FAIR implementation guide reports on the implementation of prescribing and medication administration in oncology.</p>
</div></div></text><url value="http://ltsi.univ-rennes.fr/ImplementationGuide/ltsi.fhir.oncofair"/><version value="0.1.0"/><name value="OncoFAIR"/><title value="Onco-FAIR"/><status value="draft"/><date value="2024-04-30T13:03:28+00:00"/><publisher value="DOMASIA team of the Signal and Image Processing Laboratory (LTSI) and KEREVAL"/><contact><name value="DOMASIA team of the Signal and Image Processing Laboratory (LTSI) and KEREVAL"/><telecom><system value="url"/><value value="https://ltsi.univ-rennes.fr"/></telecom></contact><description value="The Onco-FAIR implementation guide reports on the implementation of prescribing and medication administration in oncology."/><packageId value="ltsi.fhir.oncofair"/><license value="CC0-1.0"/><fhirVersion value="5.0.0"/><dependsOn id="hl7tx"><extension url="http://hl7.org/fhir/tools/StructureDefinition/implementationguide-dependency-comment"><valueMarkdown value="Automatically added as a dependency - all IGs depend on HL7 Terminology"/></extension><uri value="http://terminology.hl7.org/ImplementationGuide/hl7.terminology"/><packageId value="hl7.terminology.r5"/><version value="5.5.0"/></dependsOn><dependsOn id="hl7ext"><extension url="http://hl7.org/fhir/tools/StructureDefinition/implementationguide-dependency-comment"><valueMarkdown value="Automatically added as a dependency - all IGs depend on the HL7 Extension Pack"/></extension><uri value="http://hl7.org/fhir/extensions/ImplementationGuide/hl7.fhir.uv.extensions"/><packageId value="hl7.fhir.uv.extensions.r5"/><version value="5.1.0"/></dependsOn><definition><extension url="http://hl7.org/fhir/tools/StructureDefinition/ig-internal-dependency"><valueCode value="hl7.fhir.uv.tools#0.1.0"/></extension><grouping id="-str-profile"><name value="Structures: Resource Profiles"/><description value="These define constraints on FHIR resources for systems conforming to this implementation guide."/></grouping><grouping id="-str-extension"><name value="Structures: Extension Definitions"/><description value="These define constraints on FHIR data types for systems conforming to this implementation guide."/></grouping><grouping id="-term-valueset"><name value="Terminology: Value Sets"/><description value="These define sets of codes used by systems conforming to this implementation guide."/></grouping><grouping id="-term-codesystem"><name value="Terminology: Code Systems"/><description value="These define new code systems used by systems conforming to this implementation guide."/></grouping><resource><extension url="http://hl7.org/fhir/tools/StructureDefinition/resource-sort"><valueInteger value="999999999"/></extension><extension url="http://hl7.org/fhir/StructureDefinition/implementationguide-page"><valueUri value="StructureDefinition-oncofair-careplan.html"/></extension><reference><reference value="StructureDefinition/oncofair-careplan"/></reference><name value="OncoFAIR CarePlan"/><description value="OncoFAIR CarePlan"/><isExample value="false"/><groupingId value="-str-profile"/></resource><resource><extension url="http://hl7.org/fhir/tools/StructureDefinition/resource-sort"><valueInteger value="999999999"/></extension><extension url="http://hl7.org/fhir/StructureDefinition/implementationguide-page"><valueUri value="StructureDefinition-oncofair-encounter.html"/></extension><reference><reference value="StructureDefinition/oncofair-encounter"/></reference><name value="OncoFAIR Encounter"/><description value="OncoFAIR Encounter"/><isExample value="false"/><groupingId value="-str-profile"/></resource><resource><extension url="http://hl7.org/fhir/tools/StructureDefinition/resource-sort"><valueInteger value="999999999"/></extension><extension url="http://hl7.org/fhir/StructureDefinition/implementationguide-page"><valueUri value="StructureDefinition-oncofair-medication.html"/></extension><reference><reference value="StructureDefinition/oncofair-medication"/></reference><name value="OncoFAIR Medication"/><description value="Medication used in oncology."/><isExample value="false"/><groupingId value="-str-profile"/></resource><resource><extension url="http://hl7.org/fhir/tools/StructureDefinition/resource-sort"><valueInteger value="999999999"/></extension><extension url="http://hl7.org/fhir/StructureDefinition/implementationguide-page"><valueUri value="StructureDefinition-oncofair-medicationadministration-component.html"/></extension><reference><reference value="StructureDefinition/oncofair-medicationadministration-component"/></reference><name value="OncoFAIR MedicationAdministration Component"/><description value="OncoFAIR MedicationAdministration Component"/><isExample value="false"/><groupingId value="-str-profile"/></resource><resource><extension url="http://hl7.org/fhir/tools/StructureDefinition/resource-sort"><valueInteger value="999999999"/></extension><extension url="http://hl7.org/fhir/StructureDefinition/implementationguide-page"><valueUri value="StructureDefinition-oncofair-medicationadministration-element.html"/></extension><reference><reference value="StructureDefinition/oncofair-medicationadministration-element"/></reference><name value="OncoFAIR MedicationAdministration Element"/><description value="OncoFAIR MedicationAdministration Element"/><isExample value="false"/><groupingId value="-str-profile"/></resource><resource><extension url="http://hl7.org/fhir/tools/StructureDefinition/resource-sort"><valueInteger value="999999999"/></extension><extension url="http://hl7.org/fhir/StructureDefinition/implementationguide-page"><valueUri value="StructureDefinition-oncofair-medicationadministration-report.html"/></extension><reference><reference value="StructureDefinition/oncofair-medicationadministration-report"/></reference><name value="OncoFAIR MedicationAdministration Report"/><description value="OncoFAIR MedicationAdministration Report"/><isExample value="false"/><groupingId value="-str-profile"/></resource><resource><extension url="http://hl7.org/fhir/tools/StructureDefinition/resource-sort"><valueInteger value="999999999"/></extension><extension url="http://hl7.org/fhir/StructureDefinition/implementationguide-page"><valueUri value="StructureDefinition-oncofaire-medicationrequest-component.html"/></extension><reference><reference value="StructureDefinition/oncofaire-medicationrequest-component"/></reference><name value="OncoFAIR MedicationRequest Component"/><description value="OncoFAIR MedicationRequest Component"/><isExample value="false"/><groupingId value="-str-profile"/></resource><resource><extension url="http://hl7.org/fhir/tools/StructureDefinition/resource-sort"><valueInteger value="999999999"/></extension><extension url="http://hl7.org/fhir/StructureDefinition/implementationguide-page"><valueUri value="StructureDefinition-oncofaire-medicationrequest-element.html"/></extension><reference><reference value="StructureDefinition/oncofaire-medicationrequest-element"/></reference><name value="OncoFAIR MedicationRequest Element"/><description value="OncoFAIR MedicationRequest Element"/><isExample value="false"/><groupingId value="-str-profile"/></resource><resource><extension url="http://hl7.org/fhir/tools/StructureDefinition/resource-sort"><valueInteger value="999999999"/></extension><extension url="http://hl7.org/fhir/StructureDefinition/implementationguide-page"><valueUri value="StructureDefinition-oncofair-medicationrequest-prescription.html"/></extension><reference><reference value="StructureDefinition/oncofair-medicationrequest-prescription"/></reference><name value="OncoFAIR MedicationRequest Prescription"/><description value="OncoFAIR MedicationRequest Prescription"/><isExample value="false"/><groupingId value="-str-profile"/></resource><resource><extension url="http://hl7.org/fhir/tools/StructureDefinition/resource-sort"><valueInteger value="999999999"/></extension><extension url="http://hl7.org/fhir/StructureDefinition/implementationguide-page"><valueUri value="StructureDefinition-oncofair-observation.html"/></extension><reference><reference value="StructureDefinition/oncofair-observation"/></reference><name value="OncoFAIR Observation"/><description value="Additional information, such as height or weight."/><isExample value="false"/><groupingId value="-str-profile"/></resource><resource><extension url="http://hl7.org/fhir/tools/StructureDefinition/resource-sort"><valueInteger value="999999999"/></extension><extension url="http://hl7.org/fhir/StructureDefinition/implementationguide-page"><valueUri value="StructureDefinition-oncofair-patient.html"/></extension><reference><reference value="StructureDefinition/oncofair-patient"/></reference><name value="OncoFAIR Patient"/><description value="Patient receiving medical treatment in oncology."/><isExample value="false"/><groupingId value="-str-profile"/></resource><resource><extension url="http://hl7.org/fhir/tools/StructureDefinition/resource-sort"><valueInteger value="999999999"/></extension><extension url="http://hl7.org/fhir/StructureDefinition/implementationguide-page"><valueUri value="StructureDefinition-oncofair-cp-treatment.html"/></extension><reference><reference value="StructureDefinition/oncofair-cp-treatment"/></reference><name value="OncoFAIRCPTreatment"/><description value="Extension créée dans le cadre d'OncoFAIR"/><isExample value="false"/><groupingId value="-str-extension"/></resource><resource><extension url="http://hl7.org/fhir/tools/StructureDefinition/resource-sort"><valueInteger value="999999999"/></extension><extension url="http://hl7.org/fhir/StructureDefinition/implementationguide-page"><valueUri value="StructureDefinition-oncofair-element-form.html"/></extension><reference><reference value="StructureDefinition/oncofair-element-form"/></reference><name value="OncoFAIRElementForm"/><description value="Extension créée dans le cadre d'OncoFAIR"/><isExample value="false"/><groupingId value="-str-extension"/></resource><resource><extension url="http://hl7.org/fhir/tools/StructureDefinition/resource-sort"><valueInteger value="999999999"/></extension><extension url="http://hl7.org/fhir/StructureDefinition/implementationguide-page"><valueUri value="StructureDefinition-oncofair-ma-element-expirationdate.html"/></extension><reference><reference value="StructureDefinition/oncofair-ma-element-expirationdate"/></reference><name value="OncoFAIRMAElementExpirationDate"/><description value="Extension créée dans le cadre d'OncoFAIR"/><isExample value="false"/><groupingId value="-str-extension"/></resource><resource><extension url="http://hl7.org/fhir/tools/StructureDefinition/resource-sort"><valueInteger value="999999999"/></extension><extension url="http://hl7.org/fhir/StructureDefinition/implementationguide-page"><valueUri value="StructureDefinition-oncofair-ma-element-plannedperiod.html"/></extension><reference><reference value="StructureDefinition/oncofair-ma-element-plannedperiod"/></reference><name value="OncoFAIRMAElementPlannedPeriod"/><description value="Extension créée dans le cadre d'OncoFAIR"/><isExample value="false"/><groupingId value="-str-extension"/></resource><resource><extension url="http://hl7.org/fhir/tools/StructureDefinition/resource-sort"><valueInteger value="999999999"/></extension><extension url="http://hl7.org/fhir/StructureDefinition/implementationguide-page"><valueUri value="StructureDefinition-oncofair-ma-element-traceability.html"/></extension><reference><reference value="StructureDefinition/oncofair-ma-element-traceability"/></reference><name value="OncoFAIRMAElementTraceability"/><description value="Extension créée dans le cadre d'OncoFAIR"/><isExample value="false"/><groupingId value="-str-extension"/></resource><resource><extension url="http://hl7.org/fhir/tools/StructureDefinition/resource-sort"><valueInteger value="999999999"/></extension><extension url="http://hl7.org/fhir/StructureDefinition/implementationguide-page"><valueUri value="StructureDefinition-oncofair-ma-element-urgent.html"/></extension><reference><reference value="StructureDefinition/oncofair-ma-element-urgent"/></reference><name value="OncoFAIRMAElementUrgent"/><description value="Extension créée dans le cadre d'OncoFAIR"/><isExample value="false"/><groupingId value="-str-extension"/></resource><resource><extension url="http://hl7.org/fhir/tools/StructureDefinition/resource-sort"><valueInteger value="999999999"/></extension><extension url="http://hl7.org/fhir/StructureDefinition/implementationguide-page"><valueUri value="StructureDefinition-oncofair-mr-component-exoneratingald.html"/></extension><reference><reference value="StructureDefinition/oncofair-mr-component-exoneratingald"/></reference><name value="OncoFAIRMRComponentExoneratingALD"/><description value="Extension créée dans le cadre d'OncoFAIR"/><isExample value="false"/><groupingId value="-str-extension"/></resource><resource><extension url="http://hl7.org/fhir/tools/StructureDefinition/resource-sort"><valueInteger value="999999999"/></extension><extension url="http://hl7.org/fhir/StructureDefinition/implementationguide-page"><valueUri value="StructureDefinition-oncofair-mr-component-solute.html"/></extension><reference><reference value="StructureDefinition/oncofair-mr-component-solute"/></reference><name value="OncoFAIRMRComponentSolute"/><description value="Extension créée dans le cadre d'OncoFAIR"/><isExample value="false"/><groupingId value="-str-extension"/></resource><resource><extension url="http://hl7.org/fhir/tools/StructureDefinition/resource-sort"><valueInteger value="999999999"/></extension><extension url="http://hl7.org/fhir/StructureDefinition/implementationguide-page"><valueUri value="StructureDefinition-oncofair-mr-element-gonogo.html"/></extension><reference><reference value="StructureDefinition/oncofair-mr-element-gonogo"/></reference><name value="OncoFAIRMRElementGoNogo"/><description value="Extension créée dans le cadre d'OncoFAIR"/><isExample value="false"/><groupingId value="-str-extension"/></resource><resource><extension url="http://hl7.org/fhir/tools/StructureDefinition/resource-sort"><valueInteger value="999999999"/></extension><extension url="http://hl7.org/fhir/StructureDefinition/implementationguide-page"><valueUri value="StructureDefinition-oncofair-mr-element-linktype.html"/></extension><reference><reference value="StructureDefinition/oncofair-mr-element-linktype"/></reference><name value="OncoFAIRMRElementLinkType"/><description value="Extension créée dans le cadre d'OncoFAIR"/><isExample value="false"/><groupingId value="-str-extension"/></resource><resource><extension url="http://hl7.org/fhir/tools/StructureDefinition/resource-sort"><valueInteger value="999999999"/></extension><extension url="http://hl7.org/fhir/StructureDefinition/implementationguide-page"><valueUri value="StructureDefinition-oncofair-mr-element-rank.html"/></extension><reference><reference value="StructureDefinition/oncofair-mr-element-rank"/></reference><name value="OncoFAIRMRElementRank"/><description value="Extension créée dans le cadre d'OncoFAIR"/><isExample value="false"/><groupingId value="-str-extension"/></resource><resource><extension url="http://hl7.org/fhir/tools/StructureDefinition/resource-sort"><valueInteger value="999999999"/></extension><extension url="http://hl7.org/fhir/StructureDefinition/implementationguide-page"><valueUri value="StructureDefinition-oncofair-mr-element-supply.html"/></extension><reference><reference value="StructureDefinition/oncofair-mr-element-supply"/></reference><name value="OncoFAIRMRElementSupply"/><description value="Extension créée dans le cadre d'OncoFAIR"/><isExample value="false"/><groupingId value="-str-extension"/></resource><resource><extension url="http://hl7.org/fhir/tools/StructureDefinition/resource-sort"><valueInteger value="999999999"/></extension><extension url="http://hl7.org/fhir/StructureDefinition/implementationguide-page"><valueUri value="StructureDefinition-oncofair-mr-prescription-validationdate.html"/></extension><reference><reference value="StructureDefinition/oncofair-mr-prescription-validationdate"/></reference><name value="OncoFAIRMRPrescriptionValidationDate"/><description value="Extension créée dans le cadre d'OncoFAIR"/><isExample value="false"/><groupingId value="-str-extension"/></resource><resource><extension url="http://hl7.org/fhir/tools/StructureDefinition/resource-sort"><valueInteger value="999999999"/></extension><extension url="http://hl7.org/fhir/StructureDefinition/implementationguide-page"><valueUri value="StructureDefinition-oncofair-medication-type.html"/></extension><reference><reference value="StructureDefinition/oncofair-medication-type"/></reference><name value="OncoFAIRMedicationType"/><description value="Extension créée dans le cadre d'OncoFAIR"/><isExample value="false"/><groupingId value="-str-extension"/></resource><resource><extension url="http://hl7.org/fhir/tools/StructureDefinition/resource-sort"><valueInteger value="999999999"/></extension><extension url="http://hl7.org/fhir/StructureDefinition/implementationguide-page"><valueUri value="StructureDefinition-oncofair-pharmacist-advice.html"/></extension><reference><reference value="StructureDefinition/oncofair-pharmacist-advice"/></reference><name value="OncoFAIRPharmacistAdvice"/><description value="Extension créée dans le cadre d'OncoFAIR"/><isExample value="false"/><groupingId value="-str-extension"/></resource><resource><extension url="http://hl7.org/fhir/tools/StructureDefinition/resource-sort"><valueInteger value="999999999"/></extension><extension url="http://hl7.org/fhir/StructureDefinition/implementationguide-page"><valueUri value="ValueSet-vsCommunicationModes.html"/></extension><reference><reference value="ValueSet/vsCommunicationModes"/></reference><name value="Communication modes"/><description value="ValueSet for communication modes (incremental, summary)."/><isExample value="false"/><groupingId value="-term-valueset"/></resource><resource><extension url="http://hl7.org/fhir/tools/StructureDefinition/resource-sort"><valueInteger value="999999999"/></extension><extension url="http://hl7.org/fhir/StructureDefinition/implementationguide-page"><valueUri value="ValueSet-vsLOINC.html"/></extension><reference><reference value="ValueSet/vsLOINC"/></reference><name value="LOINC codes"/><description value="ValueSet of LOINC codes."/><isExample value="false"/><groupingId value="-term-valueset"/></resource><resource><extension url="http://hl7.org/fhir/tools/StructureDefinition/resource-sort"><valueInteger value="999999999"/></extension><extension url="http://hl7.org/fhir/StructureDefinition/implementationguide-page"><valueUri value="ValueSet-vsMedicalUnits.html"/></extension><reference><reference value="ValueSet/vsMedicalUnits"/></reference><name value="Medical units"/><description value="ValueSet for medical units (accommodation, medical liability unit)."/><isExample value="false"/><groupingId value="-term-valueset"/></resource><resource><extension url="http://hl7.org/fhir/tools/StructureDefinition/resource-sort"><valueInteger value="999999999"/></extension><extension url="http://hl7.org/fhir/StructureDefinition/implementationguide-page"><valueUri value="ValueSet-vsMedicationTypes.html"/></extension><reference><reference value="ValueSet/vsMedicationTypes"/></reference><name value="Medication types"/><description value="ValueSet for medication types."/><isExample value="false"/><groupingId value="-term-valueset"/></resource><resource><extension url="http://hl7.org/fhir/tools/StructureDefinition/resource-sort"><valueInteger value="999999999"/></extension><extension url="http://hl7.org/fhir/StructureDefinition/implementationguide-page"><valueUri value="ValueSet-vsMedications.html"/></extension><reference><reference value="ValueSet/vsMedications"/></reference><name value="Medications"/><description value="ValueSet for medications."/><isExample value="false"/><groupingId value="-term-valueset"/></resource><resource><extension url="http://hl7.org/fhir/tools/StructureDefinition/resource-sort"><valueInteger value="999999999"/></extension><extension url="http://hl7.org/fhir/StructureDefinition/implementationguide-page"><valueUri value="ValueSet-vsPrescriptionCategory.html"/></extension><reference><reference value="ValueSet/vsPrescriptionCategory"/></reference><name value="Prescription status"/><description value="ValueSet for PlanDefinition types, extended to include creation, stop, modification and validation."/><isExample value="false"/><groupingId value="-term-valueset"/></resource><resource><extension url="http://hl7.org/fhir/tools/StructureDefinition/resource-sort"><valueInteger value="999999999"/></extension><extension url="http://hl7.org/fhir/StructureDefinition/implementationguide-page"><valueUri value="ValueSet-vsSCT.html"/></extension><reference><reference value="ValueSet/vsSCT"/></reference><name value="SNOMED CT codes"/><description value="ValueSet of SNOMED CT codes."/><isExample value="false"/><groupingId value="-term-valueset"/></resource><resource><extension url="http://hl7.org/fhir/tools/StructureDefinition/resource-sort"><valueInteger value="999999999"/></extension><extension url="http://hl7.org/fhir/StructureDefinition/implementationguide-page"><valueUri value="CodeSystem-CSCommunicationModes.html"/></extension><reference><reference value="CodeSystem/CSCommunicationModes"/></reference><name value="Communication modes"/><description value="CodeSystem for french communication modes (incremental, summary)."/><isExample value="false"/><groupingId value="-term-codesystem"/></resource><resource><extension url="http://hl7.org/fhir/tools/StructureDefinition/resource-sort"><valueInteger value="999999999"/></extension><extension url="http://hl7.org/fhir/StructureDefinition/implementationguide-page"><valueUri value="CodeSystem-CSLOINC.html"/></extension><reference><reference value="CodeSystem/CSLOINC"/></reference><name value="LOINC codes"/><description value="LOINC CodeSystem."/><isExample value="false"/><groupingId value="-term-codesystem"/></resource><resource><extension url="http://hl7.org/fhir/tools/StructureDefinition/resource-sort"><valueInteger value="999999999"/></extension><extension url="http://hl7.org/fhir/StructureDefinition/implementationguide-page"><valueUri value="CodeSystem-CSMedicalUnits.html"/></extension><reference><reference value="CodeSystem/CSMedicalUnits"/></reference><name value="Medical units"/><description value="CodeSystem for french medical units (accommodation, medical liability unit)."/><isExample value="false"/><groupingId value="-term-codesystem"/></resource><resource><extension url="http://hl7.org/fhir/tools/StructureDefinition/resource-sort"><valueInteger value="999999999"/></extension><extension url="http://hl7.org/fhir/StructureDefinition/implementationguide-page"><valueUri value="CodeSystem-CSMedicationTypes.html"/></extension><reference><reference value="CodeSystem/CSMedicationTypes"/></reference><name value="Medication types"/><description value="CodeSystem for french medication types."/><isExample value="false"/><groupingId value="-term-codesystem"/></resource><resource><extension url="http://hl7.org/fhir/tools/StructureDefinition/resource-sort"><valueInteger value="999999999"/></extension><extension url="http://hl7.org/fhir/StructureDefinition/implementationguide-page"><valueUri value="CodeSystem-CSMedications.html"/></extension><reference><reference value="CodeSystem/CSMedications"/></reference><name value="Medications"/><description value="CodeSystem for french medications."/><isExample value="false"/><groupingId value="-term-codesystem"/></resource><resource><extension url="http://hl7.org/fhir/tools/StructureDefinition/resource-sort"><valueInteger value="999999999"/></extension><extension url="http://hl7.org/fhir/StructureDefinition/implementationguide-page"><valueUri value="CodeSystem-CSPrescriptionCategory.html"/></extension><reference><reference value="CodeSystem/CSPrescriptionCategory"/></reference><name value="Prescription category"/><description value="CodeSystem for french prescription category (creation, stop, modification, validation)."/><isExample value="false"/><groupingId value="-term-codesystem"/></resource><resource><extension url="http://hl7.org/fhir/tools/StructureDefinition/resource-sort"><valueInteger value="999999999"/></extension><extension url="http://hl7.org/fhir/StructureDefinition/implementationguide-page"><valueUri value="CodeSystem-CSSCT.html"/></extension><reference><reference value="CodeSystem/CSSCT"/></reference><name value="SNOMED CT Codes"/><description value="SNOMED CT code system."/><isExample value="false"/><groupingId value="-term-codesystem"/></resource><page><sourceUrl value="toc.html"/><name value="toc.html"/><title value="Table of Contents"/><generation value="html"/><page><sourceUrl value="index.html"/><name value="index.html"/><title value="Accueil"/><generation value="markdown"/></page><page><sourceUrl value="mapping.html"/><name value="mapping.html"/><title value="Mapping PN13/FHIR R5"/><generation value="markdown"/></page><page><sourceUrl value="artifacts.html"/><name value="artifacts.html"/><title value="Artifacts Summary"/><generation value="html"/><page><sourceUrl value="StructureDefinition-oncofair-careplan.html"/><name value="StructureDefinition-oncofair-careplan.html"/><title value="OncoFAIR CarePlan"/><generation value="generated"/></page><page><sourceUrl value="StructureDefinition-oncofair-encounter.html"/><name value="StructureDefinition-oncofair-encounter.html"/><title value="OncoFAIR Encounter"/><generation value="generated"/></page><page><sourceUrl value="StructureDefinition-oncofair-medication.html"/><name value="StructureDefinition-oncofair-medication.html"/><title value="OncoFAIR Medication"/><generation value="generated"/></page><page><sourceUrl value="StructureDefinition-oncofair-medicationadministration-component.html"/><name value="StructureDefinition-oncofair-medicationadministration-component.html"/><title value="OncoFAIR MedicationAdministration Component"/><generation value="generated"/></page><page><sourceUrl value="StructureDefinition-oncofair-medicationadministration-element.html"/><name value="StructureDefinition-oncofair-medicationadministration-element.html"/><title value="OncoFAIR MedicationAdministration Element"/><generation value="generated"/></page><page><sourceUrl value="StructureDefinition-oncofair-medicationadministration-report.html"/><name value="StructureDefinition-oncofair-medicationadministration-report.html"/><title value="OncoFAIR MedicationAdministration Report"/><generation value="generated"/></page><page><sourceUrl value="StructureDefinition-oncofaire-medicationrequest-component.html"/><name value="StructureDefinition-oncofaire-medicationrequest-component.html"/><title value="OncoFAIR MedicationRequest Component"/><generation value="generated"/></page><page><sourceUrl value="StructureDefinition-oncofaire-medicationrequest-element.html"/><name value="StructureDefinition-oncofaire-medicationrequest-element.html"/><title value="OncoFAIR MedicationRequest Element"/><generation value="generated"/></page><page><sourceUrl value="StructureDefinition-oncofair-medicationrequest-prescription.html"/><name value="StructureDefinition-oncofair-medicationrequest-prescription.html"/><title value="OncoFAIR MedicationRequest Prescription"/><generation value="generated"/></page><page><sourceUrl value="StructureDefinition-oncofair-observation.html"/><name value="StructureDefinition-oncofair-observation.html"/><title value="OncoFAIR Observation"/><generation value="generated"/></page><page><sourceUrl value="StructureDefinition-oncofair-patient.html"/><name value="StructureDefinition-oncofair-patient.html"/><title value="OncoFAIR Patient"/><generation value="generated"/></page><page><sourceUrl value="StructureDefinition-oncofair-cp-treatment.html"/><name value="StructureDefinition-oncofair-cp-treatment.html"/><title value="OncoFAIRCPTreatment"/><generation value="generated"/></page><page><sourceUrl value="StructureDefinition-oncofair-element-form.html"/><name value="StructureDefinition-oncofair-element-form.html"/><title value="OncoFAIRElementForm"/><generation value="generated"/></page><page><sourceUrl value="StructureDefinition-oncofair-ma-element-expirationdate.html"/><name value="StructureDefinition-oncofair-ma-element-expirationdate.html"/><title value="OncoFAIRMAElementExpirationDate"/><generation value="generated"/></page><page><sourceUrl value="StructureDefinition-oncofair-ma-element-plannedperiod.html"/><name value="StructureDefinition-oncofair-ma-element-plannedperiod.html"/><title value="OncoFAIRMAElementPlannedPeriod"/><generation value="generated"/></page><page><sourceUrl value="StructureDefinition-oncofair-ma-element-traceability.html"/><name value="StructureDefinition-oncofair-ma-element-traceability.html"/><title value="OncoFAIRMAElementTraceability"/><generation value="generated"/></page><page><sourceUrl value="StructureDefinition-oncofair-ma-element-urgent.html"/><name value="StructureDefinition-oncofair-ma-element-urgent.html"/><title value="OncoFAIRMAElementUrgent"/><generation value="generated"/></page><page><sourceUrl value="StructureDefinition-oncofair-medication-type.html"/><name value="StructureDefinition-oncofair-medication-type.html"/><title value="OncoFAIRMedicationType"/><generation value="generated"/></page><page><sourceUrl value="StructureDefinition-oncofair-mr-component-exoneratingald.html"/><name value="StructureDefinition-oncofair-mr-component-exoneratingald.html"/><title value="OncoFAIRMRComponentExoneratingALD"/><generation value="generated"/></page><page><sourceUrl value="StructureDefinition-oncofair-mr-component-solute.html"/><name value="StructureDefinition-oncofair-mr-component-solute.html"/><title value="OncoFAIRMRComponentSolute"/><generation value="generated"/></page><page><sourceUrl value="StructureDefinition-oncofair-mr-element-gonogo.html"/><name value="StructureDefinition-oncofair-mr-element-gonogo.html"/><title value="OncoFAIRMRElementGoNogo"/><generation value="generated"/></page><page><sourceUrl value="StructureDefinition-oncofair-mr-element-linktype.html"/><name value="StructureDefinition-oncofair-mr-element-linktype.html"/><title value="OncoFAIRMRElementLinkType"/><generation value="generated"/></page><page><sourceUrl value="StructureDefinition-oncofair-mr-element-rank.html"/><name value="StructureDefinition-oncofair-mr-element-rank.html"/><title value="OncoFAIRMRElementRank"/><generation value="generated"/></page><page><sourceUrl value="StructureDefinition-oncofair-mr-element-supply.html"/><name value="StructureDefinition-oncofair-mr-element-supply.html"/><title value="OncoFAIRMRElementSupply"/><generation value="generated"/></page><page><sourceUrl value="StructureDefinition-oncofair-mr-prescription-validationdate.html"/><name value="StructureDefinition-oncofair-mr-prescription-validationdate.html"/><title value="OncoFAIRMRPrescriptionValidationDate"/><generation value="generated"/></page><page><sourceUrl value="StructureDefinition-oncofair-pharmacist-advice.html"/><name value="StructureDefinition-oncofair-pharmacist-advice.html"/><title value="OncoFAIRPharmacistAdvice"/><generation value="generated"/></page><page><sourceUrl value="ValueSet-vsCommunicationModes.html"/><name value="ValueSet-vsCommunicationModes.html"/><title value="Communication modes"/><generation value="generated"/></page><page><sourceUrl value="ValueSet-vsLOINC.html"/><name value="ValueSet-vsLOINC.html"/><title value="LOINC codes"/><generation value="generated"/></page><page><sourceUrl value="ValueSet-vsMedicalUnits.html"/><name value="ValueSet-vsMedicalUnits.html"/><title value="Medical units"/><generation value="generated"/></page><page><sourceUrl value="ValueSet-vsMedicationTypes.html"/><name value="ValueSet-vsMedicationTypes.html"/><title value="Medication types"/><generation value="generated"/></page><page><sourceUrl value="ValueSet-vsMedications.html"/><name value="ValueSet-vsMedications.html"/><title value="Medications"/><generation value="generated"/></page><page><sourceUrl value="ValueSet-vsPrescriptionCategory.html"/><name value="ValueSet-vsPrescriptionCategory.html"/><title value="Prescription status"/><generation value="generated"/></page><page><sourceUrl value="ValueSet-vsSCT.html"/><name value="ValueSet-vsSCT.html"/><title value="SNOMED CT codes"/><generation value="generated"/></page><page><sourceUrl value="CodeSystem-CSCommunicationModes.html"/><name value="CodeSystem-CSCommunicationModes.html"/><title value="Communication modes"/><generation value="generated"/></page><page><sourceUrl value="CodeSystem-CSLOINC.html"/><name value="CodeSystem-CSLOINC.html"/><title value="LOINC codes"/><generation value="generated"/></page><page><sourceUrl value="CodeSystem-CSMedicalUnits.html"/><name value="CodeSystem-CSMedicalUnits.html"/><title value="Medical units"/><generation value="generated"/></page><page><sourceUrl value="CodeSystem-CSMedicationTypes.html"/><name value="CodeSystem-CSMedicationTypes.html"/><title value="Medication types"/><generation value="generated"/></page><page><sourceUrl value="CodeSystem-CSMedications.html"/><name value="CodeSystem-CSMedications.html"/><title value="Medications"/><generation value="generated"/></page><page><sourceUrl value="CodeSystem-CSPrescriptionCategory.html"/><name value="CodeSystem-CSPrescriptionCategory.html"/><title value="Prescription category"/><generation value="generated"/></page><page><sourceUrl value="CodeSystem-CSSCT.html"/><name value="CodeSystem-CSSCT.html"/><title value="SNOMED CT Codes"/><generation value="generated"/></page></page></page><parameter><code><system value="http://hl7.org/fhir/tools/CodeSystem/ig-parameters"/><code value="copyrightyear"/></code><value value="2023+"/></parameter><parameter><code><system value="http://hl7.org/fhir/tools/CodeSystem/ig-parameters"/><code value="releaselabel"/></code><value value="ci-build"/></parameter><parameter><code><system value="http://hl7.org/fhir/tools/CodeSystem/ig-parameters"/><code value="autoload-resources"/></code><value value="true"/></parameter><parameter><code><system value="http://hl7.org/fhir/guide-parameter-code"/><code value="path-resource"/></code><value value="input/capabilities"/></parameter><parameter><code><system value="http://hl7.org/fhir/guide-parameter-code"/><code value="path-resource"/></code><value value="input/examples"/></parameter><parameter><code><system value="http://hl7.org/fhir/guide-parameter-code"/><code value="path-resource"/></code><value value="input/extensions"/></parameter><parameter><code><system value="http://hl7.org/fhir/guide-parameter-code"/><code value="path-resource"/></code><value value="input/models"/></parameter><parameter><code><system value="http://hl7.org/fhir/guide-parameter-code"/><code value="path-resource"/></code><value value="input/operations"/></parameter><parameter><code><system value="http://hl7.org/fhir/guide-parameter-code"/><code value="path-resource"/></code><value value="input/profiles"/></parameter><parameter><code><system value="http://hl7.org/fhir/guide-parameter-code"/><code value="path-resource"/></code><value value="input/resources"/></parameter><parameter><code><system value="http://hl7.org/fhir/guide-parameter-code"/><code value="path-resource"/></code><value value="input/vocabulary"/></parameter><parameter><code><system value="http://hl7.org/fhir/guide-parameter-code"/><code value="path-resource"/></code><value value="input/maps"/></parameter><parameter><code><system value="http://hl7.org/fhir/guide-parameter-code"/><code value="path-resource"/></code><value value="input/testing"/></parameter><parameter><code><system value="http://hl7.org/fhir/guide-parameter-code"/><code value="path-resource"/></code><value value="input/history"/></parameter><parameter><code><system value="http://hl7.org/fhir/guide-parameter-code"/><code value="path-resource"/></code><value value="fsh-generated/resources"/></parameter><parameter><code><system value="http://hl7.org/fhir/guide-parameter-code"/><code value="path-pages"/></code><value value="template/config"/></parameter><parameter><code><system value="http://hl7.org/fhir/guide-parameter-code"/><code value="path-pages"/></code><value value="input/images"/></parameter><parameter><code><system value="http://hl7.org/fhir/tools/CodeSystem/ig-parameters"/><code value="path-liquid"/></code><value value="template/liquid"/></parameter><parameter><code><system value="http://hl7.org/fhir/tools/CodeSystem/ig-parameters"/><code value="path-liquid"/></code><value value="input/liquid"/></parameter><parameter><code><system value="http://hl7.org/fhir/tools/CodeSystem/ig-parameters"/><code value="path-qa"/></code><value value="temp/qa"/></parameter><parameter><code><system value="http://hl7.org/fhir/tools/CodeSystem/ig-parameters"/><code value="path-temp"/></code><value value="temp/pages"/></parameter><parameter><code><system value="http://hl7.org/fhir/tools/CodeSystem/ig-parameters"/><code value="path-output"/></code><value value="output"/></parameter><parameter><code><system value="http://hl7.org/fhir/guide-parameter-code"/><code value="path-tx-cache"/></code><value value="input-cache/txcache"/></parameter><parameter><code><system value="http://hl7.org/fhir/tools/CodeSystem/ig-parameters"/><code value="path-suppressed-warnings"/></code><value value="input/ignoreWarnings.txt"/></parameter><parameter><code><system value="http://hl7.org/fhir/tools/CodeSystem/ig-parameters"/><code value="path-history"/></code><value value="http://ltsi.univ-rennes.fr/history.html"/></parameter><parameter><code><system value="http://hl7.org/fhir/tools/CodeSystem/ig-parameters"/><code value="template-html"/></code><value value="template-page.html"/></parameter><parameter><code><system value="http://hl7.org/fhir/tools/CodeSystem/ig-parameters"/><code value="template-md"/></code><value value="template-page-md.html"/></parameter><parameter><code><system value="http://hl7.org/fhir/tools/CodeSystem/ig-parameters"/><code value="apply-contact"/></code><value value="true"/></parameter><parameter><code><system value="http://hl7.org/fhir/tools/CodeSystem/ig-parameters"/><code value="apply-context"/></code><value value="true"/></parameter><parameter><code><system value="http://hl7.org/fhir/tools/CodeSystem/ig-parameters"/><code value="apply-copyright"/></code><value value="true"/></parameter><parameter><code><system value="http://hl7.org/fhir/tools/CodeSystem/ig-parameters"/><code value="apply-jurisdiction"/></code><value value="true"/></parameter><parameter><code><system value="http://hl7.org/fhir/tools/CodeSystem/ig-parameters"/><code value="apply-license"/></code><value value="true"/></parameter><parameter><code><system value="http://hl7.org/fhir/tools/CodeSystem/ig-parameters"/><code value="apply-publisher"/></code><value value="true"/></parameter><parameter><code><system value="http://hl7.org/fhir/tools/CodeSystem/ig-parameters"/><code value="apply-version"/></code><value value="true"/></parameter><parameter><code><system value="http://hl7.org/fhir/tools/CodeSystem/ig-parameters"/><code value="apply-wg"/></code><value value="true"/></parameter><parameter><code><system value="http://hl7.org/fhir/tools/CodeSystem/ig-parameters"/><code value="active-tables"/></code><value value="true"/></parameter><parameter><code><system value="http://hl7.org/fhir/tools/CodeSystem/ig-parameters"/><code value="fmm-definition"/></code><value value="http://hl7.org/fhir/versions.html#maturity"/></parameter><parameter><code><system value="http://hl7.org/fhir/tools/CodeSystem/ig-parameters"/><code value="propagate-status"/></code><value value="true"/></parameter><parameter><code><system value="http://hl7.org/fhir/tools/CodeSystem/ig-parameters"/><code value="excludelogbinaryformat"/></code><value value="true"/></parameter><parameter><code><system value="http://hl7.org/fhir/tools/CodeSystem/ig-parameters"/><code value="tabbed-snapshots"/></code><value value="true"/></parameter></definition></ImplementationGuide>