<?xml version="1.0" encoding="UTF-8"?><ImplementationGuide xmlns="http://hl7.org/fhir"><id value="ltsi.fhir.oncofair"/><text><status value="extensions"/><div xmlns="http://www.w3.org/1999/xhtml"><h2>OncoFAIR</h2><p>The official URL for this implementation guide is: </p><pre>http://ltsi.univ-rennes.fr/ImplementationGuide/ltsi.fhir.oncofair</pre><div><p>The OncoFAIR implementation guide reports on the implementation of prescribing and medication administration in oncology.</p>
</div></div></text><url value="http://ltsi.univ-rennes.fr/ImplementationGuide/ltsi.fhir.oncofair"/><version value="0.1.0"/><name value="OncoFAIR"/><title value="OncoFAIR"/><status value="draft"/><date value="2024-06-17T15:49:27+00:00"/><publisher value="DOMASIA team of the Signal and Image Processing Laboratory (LTSI) and KEREVAL"/><contact><name value="DOMASIA team of the Signal and Image Processing Laboratory (LTSI) and KEREVAL"/><telecom><system value="url"/><value value="https://ltsi.univ-rennes.fr"/></telecom></contact><description value="The OncoFAIR implementation guide reports on the implementation of prescribing and medication administration in oncology."/><packageId value="ltsi.fhir.oncofair"/><license value="CC0-1.0"/><fhirVersion value="5.0.0"/><dependsOn id="hl7tx"><extension url="http://hl7.org/fhir/tools/StructureDefinition/implementationguide-dependency-comment"><valueMarkdown value="Automatically added as a dependency - all IGs depend on HL7 Terminology"/></extension><uri value="http://terminology.hl7.org/ImplementationGuide/hl7.terminology"/><packageId value="hl7.terminology.r5"/><version value="5.5.0"/></dependsOn><dependsOn id="hl7ext"><extension url="http://hl7.org/fhir/tools/StructureDefinition/implementationguide-dependency-comment"><valueMarkdown value="Automatically added as a dependency - all IGs depend on the HL7 Extension Pack"/></extension><uri value="http://hl7.org/fhir/extensions/ImplementationGuide/hl7.fhir.uv.extensions"/><packageId value="hl7.fhir.uv.extensions.r5"/><version value="5.1.0"/></dependsOn><definition><extension url="http://hl7.org/fhir/tools/StructureDefinition/ig-internal-dependency"><valueCode value="hl7.fhir.uv.tools#0.1.0"/></extension><grouping id="-str-profile"><name value="Structures: Resource Profiles"/><description value="These define constraints on FHIR resources for systems conforming to this implementation guide."/></grouping><grouping id="-str-extension"><name value="Structures: Extension Definitions"/><description value="These define constraints on FHIR data types for systems conforming to this implementation guide."/></grouping><grouping id="-term-valueset"><name value="Terminology: Value Sets"/><description value="These define sets of codes used by systems conforming to this implementation guide."/></grouping><grouping id="-term-codesystem"><name value="Terminology: Code Systems"/><description value="These define new code systems used by systems conforming to this implementation guide."/></grouping><grouping id="-ex-example"><name value="Example: Example Instances"/><description value="These are example instances that show what data produced and consumed by systems conforming with this implementation guide might look like."/></grouping><resource><extension url="http://hl7.org/fhir/tools/StructureDefinition/resource-sort"><valueInteger value="999999999"/></extension><extension url="http://hl7.org/fhir/StructureDefinition/implementationguide-page"><valueUri value="StructureDefinition-oncofair-careplan.html"/></extension><reference><reference value="StructureDefinition/oncofair-careplan"/></reference><name value="OncoFAIR CarePlan"/><description value="This object describes the chaining of prescription elements attached to the prescribed protocol. Its structure enables the chaining of nested sub-protocols. &#xD;&#xA;&#xA;Cet objet décrit le chaînage des éléments de prescription rattachés au protocole prescrit. Sa structure permet le chaînage de sous-protocoles imbriqués."/><isExample value="false"/><groupingId value="-str-profile"/></resource><resource><extension url="http://hl7.org/fhir/tools/StructureDefinition/resource-sort"><valueInteger value="999999999"/></extension><extension url="http://hl7.org/fhir/StructureDefinition/implementationguide-page"><valueUri value="StructureDefinition-oncofair-encounter.html"/></extension><reference><reference value="StructureDefinition/oncofair-encounter"/></reference><name value="OncoFAIR Encounter"/><description value="Must be taken in the generic sense, i.e. it goes beyond hospital admissions, outpatient consultations, dialysis sessions, day hospitals, etc. &#xD;&#xA;&#xA;Doit être pris au sens générique, c’est-à-dire que cela dépasse les hospitalisations, consultations externes, séances de dialyse, hôpitaux de jour, etc …"/><isExample value="false"/><groupingId value="-str-profile"/></resource><resource><extension url="http://hl7.org/fhir/tools/StructureDefinition/resource-sort"><valueInteger value="999999999"/></extension><extension url="http://hl7.org/fhir/StructureDefinition/implementationguide-page"><valueUri value="StructureDefinition-oncofair-medication.html"/></extension><reference><reference value="StructureDefinition/oncofair-medication"/></reference><name value="OncoFAIR Medication"/><isExample value="false"/><groupingId value="-str-profile"/></resource><resource><extension url="http://hl7.org/fhir/tools/StructureDefinition/resource-sort"><valueInteger value="999999999"/></extension><extension url="http://hl7.org/fhir/StructureDefinition/implementationguide-page"><valueUri value="StructureDefinition-oncofair-medicationadministration-component.html"/></extension><reference><reference value="StructureDefinition/oncofair-medicationadministration-component"/></reference><name value="OncoFAIR MedicationAdministration Component"/><description value="This object corresponds to a product that belongs to the nomenclature of medicines used in the hospital. &#xD;&#xA;&#xA;Cet objet correspond à un produit qui appartient à la nomenclature de médicaments utilisée dans l’hôpital."/><isExample value="false"/><groupingId value="-str-profile"/></resource><resource><extension url="http://hl7.org/fhir/tools/StructureDefinition/resource-sort"><valueInteger value="999999999"/></extension><extension url="http://hl7.org/fhir/StructureDefinition/implementationguide-page"><valueUri value="StructureDefinition-oncofair-medicationadministration-element.html"/></extension><reference><reference value="StructureDefinition/oncofair-medicationadministration-element"/></reference><name value="OncoFAIR MedicationAdministration Element"/><description value="Corresponds to the activity induced by a prescription item and its dosage (structured or unstructured), and carried out at a given moment. &#xD;&#xA;&#xA;Correspond à l’activité induite par un élément de prescription et sa posologie (structurée ou non), et réalisée à un instant donné."/><isExample value="false"/><groupingId value="-str-profile"/></resource><resource><extension url="http://hl7.org/fhir/tools/StructureDefinition/resource-sort"><valueInteger value="999999999"/></extension><extension url="http://hl7.org/fhir/StructureDefinition/implementationguide-page"><valueUri value="StructureDefinition-oncofair-medicationadministration-report.html"/></extension><reference><reference value="StructureDefinition/oncofair-medicationadministration-report"/></reference><name value="OncoFAIR MedicationAdministration Report"/><description value="Regroups all the prescription elements received on which the pharmacist expresses his validation. It also includes items suggested or resulting from a replacement proposed by the pharmacist. &#xD;&#xA;&#xA;Regroupe l’ensemble des éléments de prescription reçus sur lesquels le pharmacien exprime sa validation. S’y ajoutent les éléments suggérés ou issus d’un remplacement proposé par le pharmacien."/><isExample value="false"/><groupingId value="-str-profile"/></resource><resource><extension url="http://hl7.org/fhir/tools/StructureDefinition/resource-sort"><valueInteger value="999999999"/></extension><extension url="http://hl7.org/fhir/StructureDefinition/implementationguide-page"><valueUri value="StructureDefinition-oncofair-medicationrequest-component.html"/></extension><reference><reference value="StructureDefinition/oncofair-medicationrequest-component"/></reference><name value="OncoFAIR MedicationRequest Component"/><description value="Is a product that belongs to the nomenclature of medicines used. It may, for example, be a speciality, a product defined by its common name or a pharmacopoeial product. &#xD;&#xA;&#xA;Est un produit qui appartient à la nomenclature de médicaments utilisée. Il peut s’agir par exemple d’une spécialité, d’un produit défini par sa DC ou d’un produit de la pharmacopée."/><isExample value="false"/><groupingId value="-str-profile"/></resource><resource><extension url="http://hl7.org/fhir/tools/StructureDefinition/resource-sort"><valueInteger value="999999999"/></extension><extension url="http://hl7.org/fhir/StructureDefinition/implementationguide-page"><valueUri value="StructureDefinition-oncofair-medicationrequest-element.html"/></extension><reference><reference value="StructureDefinition/oncofair-medicationrequest-element"/></reference><name value="OncoFAIR MedicationRequest Element"/><description value="Corresponds to a prescription line on a prescription. Each item contains one or more components (in the case of a magistral&#xA;preparation or an infusion). &#xD;&#xA;&#xA;Correspond à une ligne de prescription d’une ordonnance. Chacune comporte un ou plusieurs composants (lorsqu’il s’agit d’une préparation magistrale ou d’une perfusion)."/><isExample value="false"/><groupingId value="-str-profile"/></resource><resource><extension url="http://hl7.org/fhir/tools/StructureDefinition/resource-sort"><valueInteger value="999999999"/></extension><extension url="http://hl7.org/fhir/StructureDefinition/implementationguide-page"><valueUri value="StructureDefinition-oncofair-medicationrequest-prescription.html"/></extension><reference><reference value="StructureDefinition/oncofair-medicationrequest-prescription"/></reference><name value="OncoFAIR MedicationRequest Prescription"/><description value="Groups together all the prescription elements validated simultaneously by the same prescriber. &#xD;&#xA;&#xA;Regroupe l’ensemble des éléments de prescription validés simultanément par un même prescripteur."/><isExample value="false"/><groupingId value="-str-profile"/></resource><resource><extension url="http://hl7.org/fhir/tools/StructureDefinition/resource-sort"><valueInteger value="999999999"/></extension><extension url="http://hl7.org/fhir/StructureDefinition/implementationguide-page"><valueUri value="StructureDefinition-oncofair-observation.html"/></extension><reference><reference value="StructureDefinition/oncofair-observation"/></reference><name value="OncoFAIR Observation"/><description value="Allows you to enter information about the patient in addition to that described in the prescription elements. &#xD;&#xA;&#xA;Permet d’indiquer les informations relatives au patient qui complètent celles décrites par les éléments de prescription"/><isExample value="false"/><groupingId value="-str-profile"/></resource><resource><extension url="http://hl7.org/fhir/tools/StructureDefinition/resource-sort"><valueInteger value="999999999"/></extension><extension url="http://hl7.org/fhir/StructureDefinition/implementationguide-page"><valueUri value="StructureDefinition-oncofair-patient.html"/></extension><reference><reference value="StructureDefinition/oncofair-patient"/></reference><name value="OncoFAIR Patient"/><description value="Contains the patient's identity details needed to ensure that the prescription is properly taken into account. &#xD;&#xA;&#xA;Contient les informations d’identité du patient nécessaires à la bonne prise en compte de la prescription médicamenteuse."/><isExample value="false"/><groupingId value="-str-profile"/></resource><resource><extension url="http://hl7.org/fhir/tools/StructureDefinition/resource-sort"><valueInteger value="999999999"/></extension><extension url="http://hl7.org/fhir/StructureDefinition/implementationguide-page"><valueUri value="StructureDefinition-oncofair-cp-treatment.html"/></extension><reference><reference value="StructureDefinition/oncofair-cp-treatment"/></reference><name value="OncoFAIRCPTreatment"/><description value="Extension created as part of OncoFAIR grouping together the treatment number, the day number and the reference date and time of the prescribed protocol. &#xD;&#xA; &#xA;Extension créée dans le cadre d'OncoFAIR regroupant le numéro de cure, le numéro de jour ainsi que la date et heure de référence du protocole prescrit."/><isExample value="false"/><groupingId value="-str-extension"/></resource><resource><extension url="http://hl7.org/fhir/tools/StructureDefinition/resource-sort"><valueInteger value="999999999"/></extension><extension url="http://hl7.org/fhir/StructureDefinition/implementationguide-page"><valueUri value="StructureDefinition-oncofair-element-form.html"/></extension><reference><reference value="StructureDefinition/oncofair-element-form"/></reference><name value="OncoFAIRElementForm"/><description value="Extension created as part of OncoFair containing the drug form. &#xD;&#xA;&#xA;Extension créée dans le cadre d'OncoFair contenant la forme du médicament."/><isExample value="false"/><groupingId value="-str-extension"/></resource><resource><extension url="http://hl7.org/fhir/tools/StructureDefinition/resource-sort"><valueInteger value="999999999"/></extension><extension url="http://hl7.org/fhir/StructureDefinition/implementationguide-page"><valueUri value="StructureDefinition-oncofair-ma-component-administration-status.html"/></extension><reference><reference value="StructureDefinition/oncofair-ma-component-administration-status"/></reference><name value="OncoFAIRMAComponentAdministrationStatus"/><description value="Extension created as part of OncoFAIR containing the administration status of the administered component. &#xD;&#xA;&#xA;Extension créée dans le cadre d'OncoFAIR contenant le statut d'administration du composant administré."/><isExample value="false"/><groupingId value="-str-extension"/></resource><resource><extension url="http://hl7.org/fhir/tools/StructureDefinition/resource-sort"><valueInteger value="999999999"/></extension><extension url="http://hl7.org/fhir/StructureDefinition/implementationguide-page"><valueUri value="StructureDefinition-oncofair-ma-component-origin.html"/></extension><reference><reference value="StructureDefinition/oncofair-ma-component-origin"/></reference><name value="OncoFAIRMAComponentOrigin"/><description value="Extension created as part of OncoFAIR containing the origin of the administered component. &#xD;&#xA;&#xA;Extension créée dans le cadre d'OncoFAIR contenant la provenance du composant administré."/><isExample value="false"/><groupingId value="-str-extension"/></resource><resource><extension url="http://hl7.org/fhir/tools/StructureDefinition/resource-sort"><valueInteger value="999999999"/></extension><extension url="http://hl7.org/fhir/StructureDefinition/implementationguide-page"><valueUri value="StructureDefinition-oncofair-ma-element-expirationdate.html"/></extension><reference><reference value="StructureDefinition/oncofair-ma-element-expirationdate"/></reference><name value="OncoFAIRMAElementExpirationDate"/><description value="Extension created as part of OncoFAIR containing the expiry date of the component administered. &#xD;&#xA;&#xA;Extension créée dans le cadre d'OncoFAIR contenant la date de péremption du composant administré."/><isExample value="false"/><groupingId value="-str-extension"/></resource><resource><extension url="http://hl7.org/fhir/tools/StructureDefinition/resource-sort"><valueInteger value="999999999"/></extension><extension url="http://hl7.org/fhir/StructureDefinition/implementationguide-page"><valueUri value="StructureDefinition-oncofair-ma-element-plannedperiod.html"/></extension><reference><reference value="StructureDefinition/oncofair-ma-element-plannedperiod"/></reference><name value="OncoFAIRMAElementPlannedPeriod"/><description value="Extension created as part of OncoFAIR containing the planned start and end date of administration. &#xD;&#xA;&#xA;Extension créée dans le cadre d'OncoFAIR contenant la date de début et de fin prévue de l'administration."/><isExample value="false"/><groupingId value="-str-extension"/></resource><resource><extension url="http://hl7.org/fhir/tools/StructureDefinition/resource-sort"><valueInteger value="999999999"/></extension><extension url="http://hl7.org/fhir/StructureDefinition/implementationguide-page"><valueUri value="StructureDefinition-oncofair-ma-element-traceability.html"/></extension><reference><reference value="StructureDefinition/oncofair-ma-element-traceability"/></reference><name value="OncoFAIRMAElementTraceability"/><description value="Extension created as part of OncoFAIR containing the batch and serial number of the administered component/administration element. &#xD;&#xA;&#xA;Extension créée dans le cadre d'OncoFAIR contenant le numéro de lot et de série du composant administré/élément d'administration."/><isExample value="false"/><groupingId value="-str-extension"/></resource><resource><extension url="http://hl7.org/fhir/tools/StructureDefinition/resource-sort"><valueInteger value="999999999"/></extension><extension url="http://hl7.org/fhir/StructureDefinition/implementationguide-page"><valueUri value="StructureDefinition-oncofair-ma-element-urgent.html"/></extension><reference><reference value="StructureDefinition/oncofair-ma-element-urgent"/></reference><name value="OncoFAIRMAElementUrgent"/><description value="Extension created as part of OncoFAIR containing the notion of emergency. &#xD;&#xA;&#xA;Extension créée dans le cadre d'OncoFAIR contenant la notion d'urgence."/><isExample value="false"/><groupingId value="-str-extension"/></resource><resource><extension url="http://hl7.org/fhir/tools/StructureDefinition/resource-sort"><valueInteger value="999999999"/></extension><extension url="http://hl7.org/fhir/StructureDefinition/implementationguide-page"><valueUri value="StructureDefinition-oncofair-mr-component-solute.html"/></extension><reference><reference value="StructureDefinition/oncofair-mr-component-solute"/></reference><name value="OncoFAIRMRComponentSolute"/><description value="Extension created as part of OncoFAIR containing the notion of solute. &#xD;&#xA;&#xA;Extension créée dans le cadre d'OncoFAIR contenant la notion de soluté."/><isExample value="false"/><groupingId value="-str-extension"/></resource><resource><extension url="http://hl7.org/fhir/tools/StructureDefinition/resource-sort"><valueInteger value="999999999"/></extension><extension url="http://hl7.org/fhir/StructureDefinition/implementationguide-page"><valueUri value="StructureDefinition-oncofair-mr-element-go-nogo.html"/></extension><reference><reference value="StructureDefinition/oncofair-mr-element-go-nogo"/></reference><name value="OncoFAIRMRElementGoNogo"/><description value="Extension created as part of OncoFAIR containing the concept of GoNogo. &#xD;&#xA;&#xA;Extension créée dans le cadre d'OncoFAIR contenant la notion de GoNogo."/><isExample value="false"/><groupingId value="-str-extension"/></resource><resource><extension url="http://hl7.org/fhir/tools/StructureDefinition/resource-sort"><valueInteger value="999999999"/></extension><extension url="http://hl7.org/fhir/StructureDefinition/implementationguide-page"><valueUri value="StructureDefinition-oncofair-mr-element-link-type.html"/></extension><reference><reference value="StructureDefinition/oncofair-mr-element-link-type"/></reference><name value="OncoFAIRMRElementLinkType"/><description value="Extension created as part of OncoFAIR containing the element's type of link. &#xD;&#xA;&#xA;Extension créée dans le cadre d'OncoFAIR contenant le type de liaison de l'élément."/><isExample value="false"/><groupingId value="-str-extension"/></resource><resource><extension url="http://hl7.org/fhir/tools/StructureDefinition/resource-sort"><valueInteger value="999999999"/></extension><extension url="http://hl7.org/fhir/StructureDefinition/implementationguide-page"><valueUri value="StructureDefinition-oncofair-mr-element-rank.html"/></extension><reference><reference value="StructureDefinition/oncofair-mr-element-rank"/></reference><name value="OncoFAIRMRElementRank"/><description value="Extension created as part of OncoFAIR containing the prescription element rank. &#xD;&#xA;&#xA;Extension créée dans le cadre d'OncoFAIR contenant le rangd d'élement de la prescription."/><isExample value="false"/><groupingId value="-str-extension"/></resource><resource><extension url="http://hl7.org/fhir/tools/StructureDefinition/resource-sort"><valueInteger value="999999999"/></extension><extension url="http://hl7.org/fhir/StructureDefinition/implementationguide-page"><valueUri value="StructureDefinition-oncofair-mr-element-supply.html"/></extension><reference><reference value="StructureDefinition/oncofair-mr-element-supply"/></reference><name value="OncoFAIRMRElementSupply"/><description value="Extension created as part of OncoFAIR containing the concept of supply. &#xD;&#xA;&#xA;Extension créée dans le cadre d'OncoFAIR contenant la notion de fourniture."/><isExample value="false"/><groupingId value="-str-extension"/></resource><resource><extension url="http://hl7.org/fhir/tools/StructureDefinition/resource-sort"><valueInteger value="999999999"/></extension><extension url="http://hl7.org/fhir/StructureDefinition/implementationguide-page"><valueUri value="StructureDefinition-oncofair-mr-exempt-ltc.html"/></extension><reference><reference value="StructureDefinition/oncofair-mr-exempt-ltc"/></reference><name value="OncoFAIRMRExemptLTC"/><description value="Extension created as part of OncoFAIR containing the notion of exemption. &#xD;&#xA;&#xA;Extension créée dans le cadre d'OncoFAIR contenant la notion d'exonération."/><isExample value="false"/><groupingId value="-str-extension"/></resource><resource><extension url="http://hl7.org/fhir/tools/StructureDefinition/resource-sort"><valueInteger value="999999999"/></extension><extension url="http://hl7.org/fhir/StructureDefinition/implementationguide-page"><valueUri value="StructureDefinition-oncofair-mr-is-dosage-referent.html"/></extension><reference><reference value="StructureDefinition/oncofair-mr-is-dosage-referent"/></reference><name value="OncoFAIRMRIsDosageReferent"/><description value="Extension created as part of OncoFAIR containing the notion of a posology reference. &#xD;&#xA;&#xA;Extension créée dans le cadre d'OncoFAIR contenant la notion de référence posologie."/><isExample value="false"/><groupingId value="-str-extension"/></resource><resource><extension url="http://hl7.org/fhir/tools/StructureDefinition/resource-sort"><valueInteger value="999999999"/></extension><extension url="http://hl7.org/fhir/StructureDefinition/implementationguide-page"><valueUri value="StructureDefinition-oncofair-mr-prescription-validation-date.html"/></extension><reference><reference value="StructureDefinition/oncofair-mr-prescription-validation-date"/></reference><name value="OncoFAIRMRPrescriptionValidationDate"/><description value="Extension créée dans le cadre d'OncoFAIR contenant la date et heure de la prescription"/><isExample value="false"/><groupingId value="-str-extension"/></resource><resource><extension url="http://hl7.org/fhir/tools/StructureDefinition/resource-sort"><valueInteger value="999999999"/></extension><extension url="http://hl7.org/fhir/StructureDefinition/implementationguide-page"><valueUri value="StructureDefinition-oncofair-medication-type.html"/></extension><reference><reference value="StructureDefinition/oncofair-medication-type"/></reference><name value="OncoFAIRMedicationType"/><description value="Extension created as part of OncoFAIR containing the type of component. &#xD;&#xA;&#xA;Extension créée dans le cadre d'OncoFAIR contenant le type de composant."/><isExample value="false"/><groupingId value="-str-extension"/></resource><resource><extension url="http://hl7.org/fhir/tools/StructureDefinition/resource-sort"><valueInteger value="999999999"/></extension><extension url="http://hl7.org/fhir/StructureDefinition/implementationguide-page"><valueUri value="StructureDefinition-oncofair-pharmacist-advice.html"/></extension><reference><reference value="StructureDefinition/oncofair-pharmacist-advice"/></reference><name value="OncoFAIRPharmacistAdvice"/><description value="Extension created as part of OncoFAIR containing the validation and pharmaceutical proposal. &#xD;&#xA;&#xA;Extension créée dans le cadre d'OncoFAIR contenant la validation et proposition pharmaceutique."/><isExample value="false"/><groupingId value="-str-extension"/></resource><resource><extension url="http://hl7.org/fhir/tools/StructureDefinition/resource-sort"><valueInteger value="999999999"/></extension><extension url="http://hl7.org/fhir/StructureDefinition/implementationguide-page"><valueUri value="ValueSet-concept-medication-oncofair-valueset.html"/></extension><reference><reference value="ValueSet/concept-medication-oncofair-valueset"/></reference><name value="Concepts Medication Value Set"/><description value="Value Set pour différiencier les niveaux de MR/MA"/><isExample value="false"/><groupingId value="-term-valueset"/></resource><resource><extension url="http://hl7.org/fhir/tools/StructureDefinition/resource-sort"><valueInteger value="999999999"/></extension><extension url="http://hl7.org/fhir/StructureDefinition/implementationguide-page"><valueUri value="ValueSet-siph-listeald-oncofair-valueset.html"/></extension><reference><reference value="ValueSet/siph-listeald-oncofair-valueset"/></reference><name value="Liste Affectation Longue Durée Value Set"/><description value="Value Set pour ListeALD"/><isExample value="false"/><groupingId value="-term-valueset"/></resource><resource><extension url="http://hl7.org/fhir/tools/StructureDefinition/resource-sort"><valueInteger value="999999999"/></extension><extension url="http://hl7.org/fhir/StructureDefinition/implementationguide-page"><valueUri value="ValueSet-medical-units-oncofair-valueset.html"/></extension><reference><reference value="ValueSet/medical-units-oncofair-valueset"/></reference><name value="Medical units Value Set"/><description value="ValueSet for medical units (accommodation, medical liability unit)."/><isExample value="false"/><groupingId value="-term-valueset"/></resource><resource><extension url="http://hl7.org/fhir/tools/StructureDefinition/resource-sort"><valueInteger value="999999999"/></extension><extension url="http://hl7.org/fhir/StructureDefinition/implementationguide-page"><valueUri value="ValueSet-medications-oncofair-valueset.html"/></extension><reference><reference value="ValueSet/medications-oncofair-valueset"/></reference><name value="Medications Value Set"/><description value="ValueSet for medications."/><isExample value="false"/><groupingId value="-term-valueset"/></resource><resource><extension url="http://hl7.org/fhir/tools/StructureDefinition/resource-sort"><valueInteger value="999999999"/></extension><extension url="http://hl7.org/fhir/StructureDefinition/implementationguide-page"><valueUri value="ValueSet-siph-natureproppharm-oncofair-valueset.html"/></extension><reference><reference value="ValueSet/siph-natureproppharm-oncofair-valueset"/></reference><name value="Nature proposition pharmaceutique Value Set"/><description value="Value Set pour NaturePropPharm"/><isExample value="false"/><groupingId value="-term-valueset"/></resource><resource><extension url="http://hl7.org/fhir/tools/StructureDefinition/resource-sort"><valueInteger value="999999999"/></extension><extension url="http://hl7.org/fhir/StructureDefinition/implementationguide-page"><valueUri value="ValueSet-siph-paramposoconditionnelle-oncofair-valueset.html"/></extension><reference><reference value="ValueSet/siph-paramposoconditionnelle-oncofair-valueset"/></reference><name value="Paramètres posologie conditionnelle"/><description value="Value Set pour ParamPosoConditionnelle"/><isExample value="false"/><groupingId value="-term-valueset"/></resource><resource><extension url="http://hl7.org/fhir/tools/StructureDefinition/resource-sort"><valueInteger value="999999999"/></extension><extension url="http://hl7.org/fhir/StructureDefinition/implementationguide-page"><valueUri value="ValueSet-siph-renscomplement-oncofair-valueset.html"/></extension><reference><reference value="ValueSet/siph-renscomplement-oncofair-valueset"/></reference><name value="Renseignement complémentaire Value Set"/><description value="Value Set pour RensComplement"/><isExample value="false"/><groupingId value="-term-valueset"/></resource><resource><extension url="http://hl7.org/fhir/tools/StructureDefinition/resource-sort"><valueInteger value="999999999"/></extension><extension url="http://hl7.org/fhir/StructureDefinition/implementationguide-page"><valueUri value="ValueSet-siph-statutcomposantadm-oncofair-valueset.html"/></extension><reference><reference value="ValueSet/siph-statutcomposantadm-oncofair-valueset"/></reference><name value="Statut composant administré Value Set"/><description value="Value Set pour StatutComposantAdm"/><isExample value="false"/><groupingId value="-term-valueset"/></resource><resource><extension url="http://hl7.org/fhir/tools/StructureDefinition/resource-sort"><valueInteger value="999999999"/></extension><extension url="http://hl7.org/fhir/StructureDefinition/implementationguide-page"><valueUri value="ValueSet-siph-statutvalidpharm-oncofair-valueset.html"/></extension><reference><reference value="ValueSet/siph-statutvalidpharm-oncofair-valueset"/></reference><name value="Statut validation pharmaceutique Value Set"/><description value="Value Set pour StatutValidPharm"/><isExample value="false"/><groupingId value="-term-valueset"/></resource><resource><extension url="http://hl7.org/fhir/tools/StructureDefinition/resource-sort"><valueInteger value="999999999"/></extension><extension url="http://hl7.org/fhir/StructureDefinition/implementationguide-page"><valueUri value="ValueSet-siph-typecomposant-oncofair-valueset.html"/></extension><reference><reference value="ValueSet/siph-typecomposant-oncofair-valueset"/></reference><name value="Type de composant Value Set"/><description value="Value Set pour TypeComposant"/><isExample value="false"/><groupingId value="-term-valueset"/></resource><resource><extension url="http://hl7.org/fhir/tools/StructureDefinition/resource-sort"><valueInteger value="999999999"/></extension><extension url="http://hl7.org/fhir/StructureDefinition/implementationguide-page"><valueUri value="ValueSet-siph-typeeltpla-oncofair-valueset.html"/></extension><reference><reference value="ValueSet/siph-typeeltpla-oncofair-valueset"/></reference><name value="Type de l'élément d'administration Value Set"/><description value="Value Set pour TypeEltPLA"/><isExample value="false"/><groupingId value="-term-valueset"/></resource><resource><extension url="http://hl7.org/fhir/tools/StructureDefinition/resource-sort"><valueInteger value="999999999"/></extension><extension url="http://hl7.org/fhir/StructureDefinition/implementationguide-page"><valueUri value="ValueSet-siph-typeevenement-oncofair-valueset.html"/></extension><reference><reference value="ValueSet/siph-typeevenement-oncofair-valueset"/></reference><name value="Type de l'évènement Value Set"/><description value="Value Set pour TypeEvenement"/><isExample value="false"/><groupingId value="-term-valueset"/></resource><resource><extension url="http://hl7.org/fhir/tools/StructureDefinition/resource-sort"><valueInteger value="999999999"/></extension><extension url="http://hl7.org/fhir/StructureDefinition/implementationguide-page"><valueUri value="ValueSet-siph-type-liasion-oncofair-valueset.html"/></extension><reference><reference value="ValueSet/siph-type-liasion-oncofair-valueset"/></reference><name value="Type de liaison Value Set"/><description value="Value Set pour Type Liaison"/><isExample value="false"/><groupingId value="-term-valueset"/></resource><resource><extension url="http://hl7.org/fhir/tools/StructureDefinition/resource-sort"><valueInteger value="999999999"/></extension><extension url="http://hl7.org/fhir/StructureDefinition/implementationguide-page"><valueUri value="ValueSet-siph-gonogo-oncofair-valueset.html"/></extension><reference><reference value="ValueSet/siph-gonogo-oncofair-valueset"/></reference><name value="goNogo Value Set"/><description value="Value Set pour goNogo"/><isExample value="false"/><groupingId value="-term-valueset"/></resource><resource><extension url="http://hl7.org/fhir/tools/StructureDefinition/resource-sort"><valueInteger value="999999999"/></extension><extension url="http://hl7.org/fhir/StructureDefinition/implementationguide-page"><valueUri value="CodeSystem-concept-medication-oncofair-codesystem.html"/></extension><reference><reference value="CodeSystem/concept-medication-oncofair-codesystem"/></reference><name value="Concepts Medication Code System"/><description value="Code system pour différiencier les niveaux de MR/MA"/><isExample value="false"/><groupingId value="-term-codesystem"/></resource><resource><extension url="http://hl7.org/fhir/tools/StructureDefinition/resource-sort"><valueInteger value="999999999"/></extension><extension url="http://hl7.org/fhir/StructureDefinition/implementationguide-page"><valueUri value="CodeSystem-siph-listeald-oncofair-codesystem.html"/></extension><reference><reference value="CodeSystem/siph-listeald-oncofair-codesystem"/></reference><name value="Liste ALD Code System"/><description value="Code system pour l'attribut ListeALD"/><isExample value="false"/><groupingId value="-term-codesystem"/></resource><resource><extension url="http://hl7.org/fhir/tools/StructureDefinition/resource-sort"><valueInteger value="999999999"/></extension><extension url="http://hl7.org/fhir/StructureDefinition/implementationguide-page"><valueUri value="CodeSystem-medical-units-oncofair-codesystem.html"/></extension><reference><reference value="CodeSystem/medical-units-oncofair-codesystem"/></reference><name value="Medical units"/><description value="CodeSystem for french medical units (accommodation, medical liability unit)."/><isExample value="false"/><groupingId value="-term-codesystem"/></resource><resource><extension url="http://hl7.org/fhir/tools/StructureDefinition/resource-sort"><valueInteger value="999999999"/></extension><extension url="http://hl7.org/fhir/StructureDefinition/implementationguide-page"><valueUri value="CodeSystem-medications-oncofair-codesystem.html"/></extension><reference><reference value="CodeSystem/medications-oncofair-codesystem"/></reference><name value="Medications"/><description value="CodeSystem for french medications."/><isExample value="false"/><groupingId value="-term-codesystem"/></resource><resource><extension url="http://hl7.org/fhir/tools/StructureDefinition/resource-sort"><valueInteger value="999999999"/></extension><extension url="http://hl7.org/fhir/StructureDefinition/implementationguide-page"><valueUri value="CodeSystem-siph-natureproppharm-oncofair-codesystem.html"/></extension><reference><reference value="CodeSystem/siph-natureproppharm-oncofair-codesystem"/></reference><name value="Nature proposition pharmaceutique Code System"/><description value="Code system pour l'attribut NaturePropPharm"/><isExample value="false"/><groupingId value="-term-codesystem"/></resource><resource><extension url="http://hl7.org/fhir/tools/StructureDefinition/resource-sort"><valueInteger value="999999999"/></extension><extension url="http://hl7.org/fhir/StructureDefinition/implementationguide-page"><valueUri value="CodeSystem-siph-paramposoconditionnelle-oncofair-codesystem.html"/></extension><reference><reference value="CodeSystem/siph-paramposoconditionnelle-oncofair-codesystem"/></reference><name value="Paremètres posologie conditionnelle Code System"/><description value="Code system pour l'attribut ParamPosoConditionnelle"/><isExample value="false"/><groupingId value="-term-codesystem"/></resource><resource><extension url="http://hl7.org/fhir/tools/StructureDefinition/resource-sort"><valueInteger value="999999999"/></extension><extension url="http://hl7.org/fhir/StructureDefinition/implementationguide-page"><valueUri value="CodeSystem-siph-renscomplement-oncofair-codesystem.html"/></extension><reference><reference value="CodeSystem/siph-renscomplement-oncofair-codesystem"/></reference><name value="Renseignement complémentaire Code System"/><description value="Code system pour l'attribut RensComplement"/><isExample value="false"/><groupingId value="-term-codesystem"/></resource><resource><extension url="http://hl7.org/fhir/tools/StructureDefinition/resource-sort"><valueInteger value="999999999"/></extension><extension url="http://hl7.org/fhir/StructureDefinition/implementationguide-page"><valueUri value="CodeSystem-siph-statutcomposantadm-oncofair-codesystem.html"/></extension><reference><reference value="CodeSystem/siph-statutcomposantadm-oncofair-codesystem"/></reference><name value="Statut composant administré Code System"/><description value="Code system pour l'attribut StatutComposantAdm"/><isExample value="false"/><groupingId value="-term-codesystem"/></resource><resource><extension url="http://hl7.org/fhir/tools/StructureDefinition/resource-sort"><valueInteger value="999999999"/></extension><extension url="http://hl7.org/fhir/StructureDefinition/implementationguide-page"><valueUri value="CodeSystem-siph-statutvalidpharm-oncofair-codesystem.html"/></extension><reference><reference value="CodeSystem/siph-statutvalidpharm-oncofair-codesystem"/></reference><name value="Statut validation pharmaceutique Code System"/><description value="Code system pour l'attribut StatutValidPharm"/><isExample value="false"/><groupingId value="-term-codesystem"/></resource><resource><extension url="http://hl7.org/fhir/tools/StructureDefinition/resource-sort"><valueInteger value="999999999"/></extension><extension url="http://hl7.org/fhir/StructureDefinition/implementationguide-page"><valueUri value="CodeSystem-siph-typecomposant-oncofair-codesystem.html"/></extension><reference><reference value="CodeSystem/siph-typecomposant-oncofair-codesystem"/></reference><name value="Type de composant Code System"/><description value="Code system pour l'attribut TypeComposant"/><isExample value="false"/><groupingId value="-term-codesystem"/></resource><resource><extension url="http://hl7.org/fhir/tools/StructureDefinition/resource-sort"><valueInteger value="999999999"/></extension><extension url="http://hl7.org/fhir/StructureDefinition/implementationguide-page"><valueUri value="CodeSystem-siph-typeeltpla-oncofair-codesystem.html"/></extension><reference><reference value="CodeSystem/siph-typeeltpla-oncofair-codesystem"/></reference><name value="Type de l'élément d'administration Code System"/><description value="Code system pour l'attribut TypeEltPLA"/><isExample value="false"/><groupingId value="-term-codesystem"/></resource><resource><extension url="http://hl7.org/fhir/tools/StructureDefinition/resource-sort"><valueInteger value="999999999"/></extension><extension url="http://hl7.org/fhir/StructureDefinition/implementationguide-page"><valueUri value="CodeSystem-siph-type-liaison-oncofair-codesystem.html"/></extension><reference><reference value="CodeSystem/siph-type-liaison-oncofair-codesystem"/></reference><name value="Type de liaison Code System"/><description value="Code system pour l'attribut TypeLiaison"/><isExample value="false"/><groupingId value="-term-codesystem"/></resource><resource><extension url="http://hl7.org/fhir/tools/StructureDefinition/resource-sort"><valueInteger value="999999999"/></extension><extension url="http://hl7.org/fhir/StructureDefinition/implementationguide-page"><valueUri value="CodeSystem-siph-typeevenement-oncofair-codesystem.html"/></extension><reference><reference value="CodeSystem/siph-typeevenement-oncofair-codesystem"/></reference><name value="Type évènement Code System"/><description value="Code system pour l'attribut TypeEvenement"/><isExample value="false"/><groupingId value="-term-codesystem"/></resource><resource><extension url="http://hl7.org/fhir/tools/StructureDefinition/resource-sort"><valueInteger value="999999999"/></extension><extension url="http://hl7.org/fhir/StructureDefinition/implementationguide-page"><valueUri value="CodeSystem-siph-gonogo-oncofair-codesystem.html"/></extension><reference><reference value="CodeSystem/siph-gonogo-oncofair-codesystem"/></reference><name value="goNogo Code System"/><description value="Code system pour l'attribut goNogo"/><isExample value="false"/><groupingId value="-term-codesystem"/></resource><resource><extension url="http://hl7.org/fhir/tools/StructureDefinition/resource-sort"><valueInteger value="999999999"/></extension><extension url="http://hl7.org/fhir/StructureDefinition/implementationguide-page"><valueUri value="HealthcareService-ExampleHealthcareServiceAccomodation.html"/></extension><reference><reference value="HealthcareService/ExampleHealthcareServiceAccomodation"/></reference><name value="Example HealthcareServiceAccomodation"/><description value="An example instance of an OncoFAIR HealthcareServiceAccomodation"/><isExample value="true"/><groupingId value="-ex-example"/></resource><resource><extension url="http://hl7.org/fhir/tools/StructureDefinition/resource-sort"><valueInteger value="999999999"/></extension><extension url="http://hl7.org/fhir/StructureDefinition/implementationguide-page"><valueUri value="HealthcareService-ExampleHealthcareServiceMedicalLiability.html"/></extension><reference><reference value="HealthcareService/ExampleHealthcareServiceMedicalLiability"/></reference><name value="Example HealthcareServiceMedicalLiability"/><description value="An example instance of an OncoFAIR HealthcareServiceMedicalLiability"/><isExample value="true"/><groupingId value="-ex-example"/></resource><resource><extension url="http://hl7.org/fhir/tools/StructureDefinition/resource-sort"><valueInteger value="999999999"/></extension><extension url="http://hl7.org/fhir/StructureDefinition/implementationguide-page"><valueUri value="CarePlan-ExampleOncoFAIRCarePlan.html"/></extension><reference><reference value="CarePlan/ExampleOncoFAIRCarePlan"/></reference><name value="Example OncoFAIR CarePlan"/><description value="An example instance of an OncoFAIR CarePlan with required fields populated."/><isExample value="true"/><profile value="http://ltsi.univ-rennes.fr/StructureDefinition/oncofair-careplan"/><groupingId value="-ex-example"/></resource><resource><extension url="http://hl7.org/fhir/tools/StructureDefinition/resource-sort"><valueInteger value="999999999"/></extension><extension url="http://hl7.org/fhir/StructureDefinition/implementationguide-page"><valueUri value="Device-ExampleOncoFAIRDevice.html"/></extension><reference><reference value="Device/ExampleOncoFAIRDevice"/></reference><name value="Example OncoFAIR Device"/><description value="An example instance of an OncoFAIR Device"/><isExample value="true"/><groupingId value="-ex-example"/></resource><resource><extension url="http://hl7.org/fhir/tools/StructureDefinition/resource-sort"><valueInteger value="999999999"/></extension><extension url="http://hl7.org/fhir/StructureDefinition/implementationguide-page"><valueUri value="DeviceDefinition-ExampleOncoFAIRDeviceDefinition.html"/></extension><reference><reference value="DeviceDefinition/ExampleOncoFAIRDeviceDefinition"/></reference><name value="Example OncoFAIR Device Definition"/><description value="An example instance of an OncoFAIR Device Definition."/><isExample value="true"/><groupingId value="-ex-example"/></resource><resource><extension url="http://hl7.org/fhir/tools/StructureDefinition/resource-sort"><valueInteger value="999999999"/></extension><extension url="http://hl7.org/fhir/StructureDefinition/implementationguide-page"><valueUri value="Encounter-ExampleOncoFAIREncounter.html"/></extension><reference><reference value="Encounter/ExampleOncoFAIREncounter"/></reference><name value="Example OncoFAIR Encounter"/><description value="An example instance of an OncoFAIR Encounter with required fields populated."/><isExample value="true"/><profile value="http://ltsi.univ-rennes.fr/StructureDefinition/oncofair-encounter"/><groupingId value="-ex-example"/></resource><resource><extension url="http://hl7.org/fhir/tools/StructureDefinition/resource-sort"><valueInteger value="999999999"/></extension><extension url="http://hl7.org/fhir/StructureDefinition/implementationguide-page"><valueUri value="Medication-ExampleOncoFAIRMedication.html"/></extension><reference><reference value="Medication/ExampleOncoFAIRMedication"/></reference><name value="Example OncoFAIR Medication"/><description value="An example instance of an OncoFAIR Medication with required fields populated."/><isExample value="true"/><profile value="http://ltsi.univ-rennes.fr/StructureDefinition/oncofair-medication"/><groupingId value="-ex-example"/></resource><resource><extension url="http://hl7.org/fhir/tools/StructureDefinition/resource-sort"><valueInteger value="999999999"/></extension><extension url="http://hl7.org/fhir/StructureDefinition/implementationguide-page"><valueUri value="MedicationAdministration-ExampleOncoFAIRMedicationAdministrationComponent.html"/></extension><reference><reference value="MedicationAdministration/ExampleOncoFAIRMedicationAdministrationComponent"/></reference><name value="Example OncoFAIR MedicationAdministration Component"/><description value="An example instance of an OncoFAIR MedicationAdministration Component with required fields populated."/><isExample value="true"/><profile value="http://ltsi.univ-rennes.fr/StructureDefinition/oncofair-medicationadministration-component"/><groupingId value="-ex-example"/></resource><resource><extension url="http://hl7.org/fhir/tools/StructureDefinition/resource-sort"><valueInteger value="999999999"/></extension><extension url="http://hl7.org/fhir/StructureDefinition/implementationguide-page"><valueUri value="MedicationAdministration-ExampleOncoFAIRMedicationAdministrationElement.html"/></extension><reference><reference value="MedicationAdministration/ExampleOncoFAIRMedicationAdministrationElement"/></reference><name value="Example OncoFAIR MedicationAdministration Element"/><description value="An example instance of an OncoFAIR MedicationAdministration Element with required fields populated."/><isExample value="true"/><profile value="http://ltsi.univ-rennes.fr/StructureDefinition/oncofair-medicationadministration-element"/><groupingId value="-ex-example"/></resource><resource><extension url="http://hl7.org/fhir/tools/StructureDefinition/resource-sort"><valueInteger value="999999999"/></extension><extension url="http://hl7.org/fhir/StructureDefinition/implementationguide-page"><valueUri value="MedicationAdministration-ExampleOncoFAIRMedicationAdministrationReport.html"/></extension><reference><reference value="MedicationAdministration/ExampleOncoFAIRMedicationAdministrationReport"/></reference><name value="Example OncoFAIR MedicationAdministration Report"/><description value="An example instance of an OncoFAIR MedicationAdministration Report with required fields populated."/><isExample value="true"/><profile value="http://ltsi.univ-rennes.fr/StructureDefinition/oncofair-medicationadministration-report"/><groupingId value="-ex-example"/></resource><resource><extension url="http://hl7.org/fhir/tools/StructureDefinition/resource-sort"><valueInteger value="999999999"/></extension><extension url="http://hl7.org/fhir/StructureDefinition/implementationguide-page"><valueUri value="MedicationRequest-ExampleOncoFAIRMedicationRequestComponent.html"/></extension><reference><reference value="MedicationRequest/ExampleOncoFAIRMedicationRequestComponent"/></reference><name value="Example OncoFAIR MedicationRequest Component"/><description value="Example instance of OncoFAIRMedicationRequestComponent"/><isExample value="true"/><profile value="http://ltsi.univ-rennes.fr/StructureDefinition/oncofair-medicationrequest-component"/><groupingId value="-ex-example"/></resource><resource><extension url="http://hl7.org/fhir/tools/StructureDefinition/resource-sort"><valueInteger value="999999999"/></extension><extension url="http://hl7.org/fhir/StructureDefinition/implementationguide-page"><valueUri value="MedicationRequest-ExampleOncoFAIRMedicationRequestElement.html"/></extension><reference><reference value="MedicationRequest/ExampleOncoFAIRMedicationRequestElement"/></reference><name value="Example OncoFAIR MedicationRequest Element"/><description value="Example instance of OncoFAIRMedicationRequestElement"/><isExample value="true"/><profile value="http://ltsi.univ-rennes.fr/StructureDefinition/oncofair-medicationrequest-element"/><groupingId value="-ex-example"/></resource><resource><extension url="http://hl7.org/fhir/tools/StructureDefinition/resource-sort"><valueInteger value="999999999"/></extension><extension url="http://hl7.org/fhir/StructureDefinition/implementationguide-page"><valueUri value="MedicationRequest-ExampleOncoFAIRMedicationRequestPrescription.html"/></extension><reference><reference value="MedicationRequest/ExampleOncoFAIRMedicationRequestPrescription"/></reference><name value="Example OncoFAIR MedicationRequest Prescription"/><description value="An example instance of OncoFAIR MedicationRequest Prescription."/><isExample value="true"/><profile value="http://ltsi.univ-rennes.fr/StructureDefinition/oncofair-medicationrequest-prescription"/><groupingId value="-ex-example"/></resource><resource><extension url="http://hl7.org/fhir/tools/StructureDefinition/resource-sort"><valueInteger value="999999999"/></extension><extension url="http://hl7.org/fhir/StructureDefinition/implementationguide-page"><valueUri value="Observation-ExampleOncoFAIRObservation.html"/></extension><reference><reference value="Observation/ExampleOncoFAIRObservation"/></reference><name value="Example OncoFAIR Observation"/><description value="An example instance of OncoFAIR Observation."/><isExample value="true"/><profile value="http://ltsi.univ-rennes.fr/StructureDefinition/oncofair-observation"/><groupingId value="-ex-example"/></resource><resource><extension url="http://hl7.org/fhir/tools/StructureDefinition/resource-sort"><valueInteger value="999999999"/></extension><extension url="http://hl7.org/fhir/StructureDefinition/implementationguide-page"><valueUri value="Patient-ExampleOncoFAIRPatient.html"/></extension><reference><reference value="Patient/ExampleOncoFAIRPatient"/></reference><name value="Example OncoFAIR Patient"/><description value="An example instance of an OncoFAIR patient with a permanent patient identifier."/><isExample value="true"/><profile value="http://ltsi.univ-rennes.fr/StructureDefinition/oncofair-patient"/><groupingId value="-ex-example"/></resource><resource><extension url="http://hl7.org/fhir/tools/StructureDefinition/resource-sort"><valueInteger value="999999999"/></extension><extension url="http://hl7.org/fhir/StructureDefinition/implementationguide-page"><valueUri value="Practitioner-ExampleOncoFAIRPractitioner.html"/></extension><reference><reference value="Practitioner/ExampleOncoFAIRPractitioner"/></reference><name value="Example OncoFAIR Practitioner"/><description value="An example instance of an OncoFAIR practitioner with an identifier."/><isExample value="true"/><groupingId value="-ex-example"/></resource><page><sourceUrl value="toc.html"/><name value="toc.html"/><title value="Table of Contents"/><generation value="html"/><page><sourceUrl value="index.html"/><name value="index.html"/><title value="Accueil"/><generation value="markdown"/></page><page><sourceUrl value="mapping.html"/><name value="mapping.html"/><title value="Mapping PN13/FHIR R5"/><generation value="markdown"/></page><page><sourceUrl value="artifacts.html"/><name value="artifacts.html"/><title value="Artifacts Summary"/><generation value="html"/><page><sourceUrl value="StructureDefinition-oncofair-careplan.html"/><name value="StructureDefinition-oncofair-careplan.html"/><title value="OncoFAIR CarePlan"/><generation value="generated"/></page><page><sourceUrl value="StructureDefinition-oncofair-encounter.html"/><name value="StructureDefinition-oncofair-encounter.html"/><title value="OncoFAIR Encounter"/><generation value="generated"/></page><page><sourceUrl value="StructureDefinition-oncofair-medication.html"/><name value="StructureDefinition-oncofair-medication.html"/><title value="OncoFAIR Medication"/><generation value="generated"/></page><page><sourceUrl value="StructureDefinition-oncofair-medicationadministration-component.html"/><name value="StructureDefinition-oncofair-medicationadministration-component.html"/><title value="OncoFAIR MedicationAdministration Component"/><generation value="generated"/></page><page><sourceUrl value="StructureDefinition-oncofair-medicationadministration-element.html"/><name value="StructureDefinition-oncofair-medicationadministration-element.html"/><title value="OncoFAIR MedicationAdministration Element"/><generation value="generated"/></page><page><sourceUrl value="StructureDefinition-oncofair-medicationadministration-report.html"/><name value="StructureDefinition-oncofair-medicationadministration-report.html"/><title value="OncoFAIR MedicationAdministration Report"/><generation value="generated"/></page><page><sourceUrl value="StructureDefinition-oncofair-medicationrequest-component.html"/><name value="StructureDefinition-oncofair-medicationrequest-component.html"/><title value="OncoFAIR MedicationRequest Component"/><generation value="generated"/></page><page><sourceUrl value="StructureDefinition-oncofair-medicationrequest-element.html"/><name value="StructureDefinition-oncofair-medicationrequest-element.html"/><title value="OncoFAIR MedicationRequest Element"/><generation value="generated"/></page><page><sourceUrl value="StructureDefinition-oncofair-medicationrequest-prescription.html"/><name value="StructureDefinition-oncofair-medicationrequest-prescription.html"/><title value="OncoFAIR MedicationRequest Prescription"/><generation value="generated"/></page><page><sourceUrl value="StructureDefinition-oncofair-observation.html"/><name value="StructureDefinition-oncofair-observation.html"/><title value="OncoFAIR Observation"/><generation value="generated"/></page><page><sourceUrl value="StructureDefinition-oncofair-patient.html"/><name value="StructureDefinition-oncofair-patient.html"/><title value="OncoFAIR Patient"/><generation value="generated"/></page><page><sourceUrl value="StructureDefinition-oncofair-cp-treatment.html"/><name value="StructureDefinition-oncofair-cp-treatment.html"/><title value="OncoFAIRCPTreatment"/><generation value="generated"/></page><page><sourceUrl value="StructureDefinition-oncofair-element-form.html"/><name value="StructureDefinition-oncofair-element-form.html"/><title value="OncoFAIRElementForm"/><generation value="generated"/></page><page><sourceUrl value="StructureDefinition-oncofair-ma-component-administration-status.html"/><name value="StructureDefinition-oncofair-ma-component-administration-status.html"/><title value="OncoFAIRMAComponentAdministrationStatus"/><generation value="generated"/></page><page><sourceUrl value="StructureDefinition-oncofair-ma-component-origin.html"/><name value="StructureDefinition-oncofair-ma-component-origin.html"/><title value="OncoFAIRMAComponentOrigin"/><generation value="generated"/></page><page><sourceUrl value="StructureDefinition-oncofair-ma-element-expirationdate.html"/><name value="StructureDefinition-oncofair-ma-element-expirationdate.html"/><title value="OncoFAIRMAElementExpirationDate"/><generation value="generated"/></page><page><sourceUrl value="StructureDefinition-oncofair-ma-element-plannedperiod.html"/><name value="StructureDefinition-oncofair-ma-element-plannedperiod.html"/><title value="OncoFAIRMAElementPlannedPeriod"/><generation value="generated"/></page><page><sourceUrl value="StructureDefinition-oncofair-ma-element-traceability.html"/><name value="StructureDefinition-oncofair-ma-element-traceability.html"/><title value="OncoFAIRMAElementTraceability"/><generation value="generated"/></page><page><sourceUrl value="StructureDefinition-oncofair-ma-element-urgent.html"/><name value="StructureDefinition-oncofair-ma-element-urgent.html"/><title value="OncoFAIRMAElementUrgent"/><generation value="generated"/></page><page><sourceUrl value="StructureDefinition-oncofair-medication-type.html"/><name value="StructureDefinition-oncofair-medication-type.html"/><title value="OncoFAIRMedicationType"/><generation value="generated"/></page><page><sourceUrl value="StructureDefinition-oncofair-mr-component-solute.html"/><name value="StructureDefinition-oncofair-mr-component-solute.html"/><title value="OncoFAIRMRComponentSolute"/><generation value="generated"/></page><page><sourceUrl value="StructureDefinition-oncofair-mr-element-go-nogo.html"/><name value="StructureDefinition-oncofair-mr-element-go-nogo.html"/><title value="OncoFAIRMRElementGoNogo"/><generation value="generated"/></page><page><sourceUrl value="StructureDefinition-oncofair-mr-element-link-type.html"/><name value="StructureDefinition-oncofair-mr-element-link-type.html"/><title value="OncoFAIRMRElementLinkType"/><generation value="generated"/></page><page><sourceUrl value="StructureDefinition-oncofair-mr-element-rank.html"/><name value="StructureDefinition-oncofair-mr-element-rank.html"/><title value="OncoFAIRMRElementRank"/><generation value="generated"/></page><page><sourceUrl value="StructureDefinition-oncofair-mr-element-supply.html"/><name value="StructureDefinition-oncofair-mr-element-supply.html"/><title value="OncoFAIRMRElementSupply"/><generation value="generated"/></page><page><sourceUrl value="StructureDefinition-oncofair-mr-exempt-ltc.html"/><name value="StructureDefinition-oncofair-mr-exempt-ltc.html"/><title value="OncoFAIRMRExemptLTC"/><generation value="generated"/></page><page><sourceUrl value="StructureDefinition-oncofair-mr-is-dosage-referent.html"/><name value="StructureDefinition-oncofair-mr-is-dosage-referent.html"/><title value="OncoFAIRMRIsDosageReferent"/><generation value="generated"/></page><page><sourceUrl value="StructureDefinition-oncofair-mr-prescription-validation-date.html"/><name value="StructureDefinition-oncofair-mr-prescription-validation-date.html"/><title value="OncoFAIRMRPrescriptionValidationDate"/><generation value="generated"/></page><page><sourceUrl value="StructureDefinition-oncofair-pharmacist-advice.html"/><name value="StructureDefinition-oncofair-pharmacist-advice.html"/><title value="OncoFAIRPharmacistAdvice"/><generation value="generated"/></page><page><sourceUrl value="ValueSet-concept-medication-oncofair-valueset.html"/><name value="ValueSet-concept-medication-oncofair-valueset.html"/><title value="Concepts Medication Value Set"/><generation value="generated"/></page><page><sourceUrl value="ValueSet-siph-gonogo-oncofair-valueset.html"/><name value="ValueSet-siph-gonogo-oncofair-valueset.html"/><title value="goNogo Value Set"/><generation value="generated"/></page><page><sourceUrl value="ValueSet-siph-listeald-oncofair-valueset.html"/><name value="ValueSet-siph-listeald-oncofair-valueset.html"/><title value="Liste Affectation Longue Durée Value Set"/><generation value="generated"/></page><page><sourceUrl value="ValueSet-medical-units-oncofair-valueset.html"/><name value="ValueSet-medical-units-oncofair-valueset.html"/><title value="Medical units Value Set"/><generation value="generated"/></page><page><sourceUrl value="ValueSet-medications-oncofair-valueset.html"/><name value="ValueSet-medications-oncofair-valueset.html"/><title value="Medications Value Set"/><generation value="generated"/></page><page><sourceUrl value="ValueSet-siph-natureproppharm-oncofair-valueset.html"/><name value="ValueSet-siph-natureproppharm-oncofair-valueset.html"/><title value="Nature proposition pharmaceutique Value Set"/><generation value="generated"/></page><page><sourceUrl value="ValueSet-siph-paramposoconditionnelle-oncofair-valueset.html"/><name value="ValueSet-siph-paramposoconditionnelle-oncofair-valueset.html"/><title value="Paramètres posologie conditionnelle"/><generation value="generated"/></page><page><sourceUrl value="ValueSet-siph-renscomplement-oncofair-valueset.html"/><name value="ValueSet-siph-renscomplement-oncofair-valueset.html"/><title value="Renseignement complémentaire Value Set"/><generation value="generated"/></page><page><sourceUrl value="ValueSet-siph-statutcomposantadm-oncofair-valueset.html"/><name value="ValueSet-siph-statutcomposantadm-oncofair-valueset.html"/><title value="Statut composant administré Value Set"/><generation value="generated"/></page><page><sourceUrl value="ValueSet-siph-statutvalidpharm-oncofair-valueset.html"/><name value="ValueSet-siph-statutvalidpharm-oncofair-valueset.html"/><title value="Statut validation pharmaceutique Value Set"/><generation value="generated"/></page><page><sourceUrl value="ValueSet-siph-typecomposant-oncofair-valueset.html"/><name value="ValueSet-siph-typecomposant-oncofair-valueset.html"/><title value="Type de composant Value Set"/><generation value="generated"/></page><page><sourceUrl value="ValueSet-siph-typeeltpla-oncofair-valueset.html"/><name value="ValueSet-siph-typeeltpla-oncofair-valueset.html"/><title value="Type de l'élément d'administration Value Set"/><generation value="generated"/></page><page><sourceUrl value="ValueSet-siph-typeevenement-oncofair-valueset.html"/><name value="ValueSet-siph-typeevenement-oncofair-valueset.html"/><title value="Type de l'évènement Value Set"/><generation value="generated"/></page><page><sourceUrl value="ValueSet-siph-type-liasion-oncofair-valueset.html"/><name value="ValueSet-siph-type-liasion-oncofair-valueset.html"/><title value="Type de liaison Value Set"/><generation value="generated"/></page><page><sourceUrl value="CodeSystem-concept-medication-oncofair-codesystem.html"/><name value="CodeSystem-concept-medication-oncofair-codesystem.html"/><title value="Concepts Medication Code System"/><generation value="generated"/></page><page><sourceUrl value="CodeSystem-siph-gonogo-oncofair-codesystem.html"/><name value="CodeSystem-siph-gonogo-oncofair-codesystem.html"/><title value="goNogo Code System"/><generation value="generated"/></page><page><sourceUrl value="CodeSystem-siph-listeald-oncofair-codesystem.html"/><name value="CodeSystem-siph-listeald-oncofair-codesystem.html"/><title value="Liste ALD Code System"/><generation value="generated"/></page><page><sourceUrl value="CodeSystem-medical-units-oncofair-codesystem.html"/><name value="CodeSystem-medical-units-oncofair-codesystem.html"/><title value="Medical units"/><generation value="generated"/></page><page><sourceUrl value="CodeSystem-medications-oncofair-codesystem.html"/><name value="CodeSystem-medications-oncofair-codesystem.html"/><title value="Medications"/><generation value="generated"/></page><page><sourceUrl value="CodeSystem-siph-natureproppharm-oncofair-codesystem.html"/><name value="CodeSystem-siph-natureproppharm-oncofair-codesystem.html"/><title value="Nature proposition pharmaceutique Code System"/><generation value="generated"/></page><page><sourceUrl value="CodeSystem-siph-paramposoconditionnelle-oncofair-codesystem.html"/><name value="CodeSystem-siph-paramposoconditionnelle-oncofair-codesystem.html"/><title value="Paremètres posologie conditionnelle Code System"/><generation value="generated"/></page><page><sourceUrl value="CodeSystem-siph-renscomplement-oncofair-codesystem.html"/><name value="CodeSystem-siph-renscomplement-oncofair-codesystem.html"/><title value="Renseignement complémentaire Code System"/><generation value="generated"/></page><page><sourceUrl value="CodeSystem-siph-statutcomposantadm-oncofair-codesystem.html"/><name value="CodeSystem-siph-statutcomposantadm-oncofair-codesystem.html"/><title value="Statut composant administré Code System"/><generation value="generated"/></page><page><sourceUrl value="CodeSystem-siph-statutvalidpharm-oncofair-codesystem.html"/><name value="CodeSystem-siph-statutvalidpharm-oncofair-codesystem.html"/><title value="Statut validation pharmaceutique Code System"/><generation value="generated"/></page><page><sourceUrl value="CodeSystem-siph-typecomposant-oncofair-codesystem.html"/><name value="CodeSystem-siph-typecomposant-oncofair-codesystem.html"/><title value="Type de composant Code System"/><generation value="generated"/></page><page><sourceUrl value="CodeSystem-siph-typeeltpla-oncofair-codesystem.html"/><name value="CodeSystem-siph-typeeltpla-oncofair-codesystem.html"/><title value="Type de l'élément d'administration Code System"/><generation value="generated"/></page><page><sourceUrl value="CodeSystem-siph-type-liaison-oncofair-codesystem.html"/><name value="CodeSystem-siph-type-liaison-oncofair-codesystem.html"/><title value="Type de liaison Code System"/><generation value="generated"/></page><page><sourceUrl value="CodeSystem-siph-typeevenement-oncofair-codesystem.html"/><name value="CodeSystem-siph-typeevenement-oncofair-codesystem.html"/><title value="Type évènement Code System"/><generation value="generated"/></page><page><sourceUrl value="HealthcareService-ExampleHealthcareServiceAccomodation.html"/><name value="HealthcareService-ExampleHealthcareServiceAccomodation.html"/><title value="Example HealthcareServiceAccomodation"/><generation value="generated"/></page><page><sourceUrl value="HealthcareService-ExampleHealthcareServiceMedicalLiability.html"/><name value="HealthcareService-ExampleHealthcareServiceMedicalLiability.html"/><title value="Example HealthcareServiceMedicalLiability"/><generation value="generated"/></page><page><sourceUrl value="CarePlan-ExampleOncoFAIRCarePlan.html"/><name value="CarePlan-ExampleOncoFAIRCarePlan.html"/><title value="Example OncoFAIR CarePlan"/><generation value="generated"/></page><page><sourceUrl value="Device-ExampleOncoFAIRDevice.html"/><name value="Device-ExampleOncoFAIRDevice.html"/><title value="Example OncoFAIR Device"/><generation value="generated"/></page><page><sourceUrl value="DeviceDefinition-ExampleOncoFAIRDeviceDefinition.html"/><name value="DeviceDefinition-ExampleOncoFAIRDeviceDefinition.html"/><title value="Example OncoFAIR Device Definition"/><generation value="generated"/></page><page><sourceUrl value="Encounter-ExampleOncoFAIREncounter.html"/><name value="Encounter-ExampleOncoFAIREncounter.html"/><title value="Example OncoFAIR Encounter"/><generation value="generated"/></page><page><sourceUrl value="Medication-ExampleOncoFAIRMedication.html"/><name value="Medication-ExampleOncoFAIRMedication.html"/><title value="Example OncoFAIR Medication"/><generation value="generated"/></page><page><sourceUrl value="MedicationAdministration-ExampleOncoFAIRMedicationAdministrationComponent.html"/><name value="MedicationAdministration-ExampleOncoFAIRMedicationAdministrationComponent.html"/><title value="Example OncoFAIR MedicationAdministration Component"/><generation value="generated"/></page><page><sourceUrl value="MedicationAdministration-ExampleOncoFAIRMedicationAdministrationElement.html"/><name value="MedicationAdministration-ExampleOncoFAIRMedicationAdministrationElement.html"/><title value="Example OncoFAIR MedicationAdministration Element"/><generation value="generated"/></page><page><sourceUrl value="MedicationAdministration-ExampleOncoFAIRMedicationAdministrationReport.html"/><name value="MedicationAdministration-ExampleOncoFAIRMedicationAdministrationReport.html"/><title value="Example OncoFAIR MedicationAdministration Report"/><generation value="generated"/></page><page><sourceUrl value="MedicationRequest-ExampleOncoFAIRMedicationRequestComponent.html"/><name value="MedicationRequest-ExampleOncoFAIRMedicationRequestComponent.html"/><title value="Example OncoFAIR MedicationRequest Component"/><generation value="generated"/></page><page><sourceUrl value="MedicationRequest-ExampleOncoFAIRMedicationRequestElement.html"/><name value="MedicationRequest-ExampleOncoFAIRMedicationRequestElement.html"/><title value="Example OncoFAIR MedicationRequest Element"/><generation value="generated"/></page><page><sourceUrl value="MedicationRequest-ExampleOncoFAIRMedicationRequestPrescription.html"/><name value="MedicationRequest-ExampleOncoFAIRMedicationRequestPrescription.html"/><title value="Example OncoFAIR MedicationRequest Prescription"/><generation value="generated"/></page><page><sourceUrl value="Observation-ExampleOncoFAIRObservation.html"/><name value="Observation-ExampleOncoFAIRObservation.html"/><title value="Example OncoFAIR Observation"/><generation value="generated"/></page><page><sourceUrl value="Patient-ExampleOncoFAIRPatient.html"/><name value="Patient-ExampleOncoFAIRPatient.html"/><title value="Example OncoFAIR Patient"/><generation value="generated"/></page><page><sourceUrl value="Practitioner-ExampleOncoFAIRPractitioner.html"/><name value="Practitioner-ExampleOncoFAIRPractitioner.html"/><title value="Example OncoFAIR Practitioner"/><generation value="generated"/></page></page></page><parameter><code><system value="http://hl7.org/fhir/tools/CodeSystem/ig-parameters"/><code value="copyrightyear"/></code><value value="2023+"/></parameter><parameter><code><system value="http://hl7.org/fhir/tools/CodeSystem/ig-parameters"/><code value="releaselabel"/></code><value value="ci-build"/></parameter><parameter><code><system value="http://hl7.org/fhir/tools/CodeSystem/ig-parameters"/><code value="autoload-resources"/></code><value value="true"/></parameter><parameter><code><system value="http://hl7.org/fhir/guide-parameter-code"/><code value="path-resource"/></code><value value="input/capabilities"/></parameter><parameter><code><system value="http://hl7.org/fhir/guide-parameter-code"/><code value="path-resource"/></code><value value="input/examples"/></parameter><parameter><code><system value="http://hl7.org/fhir/guide-parameter-code"/><code value="path-resource"/></code><value value="input/extensions"/></parameter><parameter><code><system value="http://hl7.org/fhir/guide-parameter-code"/><code value="path-resource"/></code><value value="input/models"/></parameter><parameter><code><system value="http://hl7.org/fhir/guide-parameter-code"/><code value="path-resource"/></code><value value="input/operations"/></parameter><parameter><code><system value="http://hl7.org/fhir/guide-parameter-code"/><code value="path-resource"/></code><value value="input/profiles"/></parameter><parameter><code><system value="http://hl7.org/fhir/guide-parameter-code"/><code value="path-resource"/></code><value value="input/resources"/></parameter><parameter><code><system value="http://hl7.org/fhir/guide-parameter-code"/><code value="path-resource"/></code><value value="input/vocabulary"/></parameter><parameter><code><system value="http://hl7.org/fhir/guide-parameter-code"/><code value="path-resource"/></code><value value="input/maps"/></parameter><parameter><code><system value="http://hl7.org/fhir/guide-parameter-code"/><code value="path-resource"/></code><value value="input/testing"/></parameter><parameter><code><system value="http://hl7.org/fhir/guide-parameter-code"/><code value="path-resource"/></code><value value="input/history"/></parameter><parameter><code><system value="http://hl7.org/fhir/guide-parameter-code"/><code value="path-resource"/></code><value value="fsh-generated/resources"/></parameter><parameter><code><system value="http://hl7.org/fhir/guide-parameter-code"/><code value="path-pages"/></code><value value="template/config"/></parameter><parameter><code><system value="http://hl7.org/fhir/guide-parameter-code"/><code value="path-pages"/></code><value value="input/images"/></parameter><parameter><code><system value="http://hl7.org/fhir/tools/CodeSystem/ig-parameters"/><code value="path-liquid"/></code><value value="template/liquid"/></parameter><parameter><code><system value="http://hl7.org/fhir/tools/CodeSystem/ig-parameters"/><code value="path-liquid"/></code><value value="input/liquid"/></parameter><parameter><code><system value="http://hl7.org/fhir/tools/CodeSystem/ig-parameters"/><code value="path-qa"/></code><value value="temp/qa"/></parameter><parameter><code><system value="http://hl7.org/fhir/tools/CodeSystem/ig-parameters"/><code value="path-temp"/></code><value value="temp/pages"/></parameter><parameter><code><system value="http://hl7.org/fhir/tools/CodeSystem/ig-parameters"/><code value="path-output"/></code><value value="output"/></parameter><parameter><code><system value="http://hl7.org/fhir/guide-parameter-code"/><code value="path-tx-cache"/></code><value value="input-cache/txcache"/></parameter><parameter><code><system value="http://hl7.org/fhir/tools/CodeSystem/ig-parameters"/><code value="path-suppressed-warnings"/></code><value value="input/ignoreWarnings.txt"/></parameter><parameter><code><system value="http://hl7.org/fhir/tools/CodeSystem/ig-parameters"/><code value="path-history"/></code><value value="http://ltsi.univ-rennes.fr/history.html"/></parameter><parameter><code><system value="http://hl7.org/fhir/tools/CodeSystem/ig-parameters"/><code value="template-html"/></code><value value="template-page.html"/></parameter><parameter><code><system value="http://hl7.org/fhir/tools/CodeSystem/ig-parameters"/><code value="template-md"/></code><value value="template-page-md.html"/></parameter><parameter><code><system value="http://hl7.org/fhir/tools/CodeSystem/ig-parameters"/><code value="apply-contact"/></code><value value="true"/></parameter><parameter><code><system value="http://hl7.org/fhir/tools/CodeSystem/ig-parameters"/><code value="apply-context"/></code><value value="true"/></parameter><parameter><code><system value="http://hl7.org/fhir/tools/CodeSystem/ig-parameters"/><code value="apply-copyright"/></code><value value="true"/></parameter><parameter><code><system value="http://hl7.org/fhir/tools/CodeSystem/ig-parameters"/><code value="apply-jurisdiction"/></code><value value="true"/></parameter><parameter><code><system value="http://hl7.org/fhir/tools/CodeSystem/ig-parameters"/><code value="apply-license"/></code><value value="true"/></parameter><parameter><code><system value="http://hl7.org/fhir/tools/CodeSystem/ig-parameters"/><code value="apply-publisher"/></code><value value="true"/></parameter><parameter><code><system value="http://hl7.org/fhir/tools/CodeSystem/ig-parameters"/><code value="apply-version"/></code><value value="true"/></parameter><parameter><code><system value="http://hl7.org/fhir/tools/CodeSystem/ig-parameters"/><code value="apply-wg"/></code><value value="true"/></parameter><parameter><code><system value="http://hl7.org/fhir/tools/CodeSystem/ig-parameters"/><code value="active-tables"/></code><value value="true"/></parameter><parameter><code><system value="http://hl7.org/fhir/tools/CodeSystem/ig-parameters"/><code value="fmm-definition"/></code><value value="http://hl7.org/fhir/versions.html#maturity"/></parameter><parameter><code><system value="http://hl7.org/fhir/tools/CodeSystem/ig-parameters"/><code value="propagate-status"/></code><value value="true"/></parameter><parameter><code><system value="http://hl7.org/fhir/tools/CodeSystem/ig-parameters"/><code value="excludelogbinaryformat"/></code><value value="true"/></parameter><parameter><code><system value="http://hl7.org/fhir/tools/CodeSystem/ig-parameters"/><code value="tabbed-snapshots"/></code><value value="true"/></parameter></definition></ImplementationGuide>