<?xml version="1.0" encoding="UTF-8"?><SearchParameter xmlns="http://hl7.org/fhir"><id value="oncofair-sp-medication-type"/><text><status value="generated"/><div xmlns="http://www.w3.org/1999/xhtml"><p class="res-header-id"><b>Generated Narrative: SearchParameter oncofair-sp-medication-type</b></p><a name="oncofair-sp-medication-type"> </a><a name="hconcofair-sp-medication-type"> </a><a name="hconcofair-sp-medication-type-en-US"> </a><h2>OncoFAIRSPMedicationType</h2><p>Parameter <code>medication-type</code>:<code>token</code></p><div><p>Search for type of medication</p>
</div><table class="grid"><tr><td>Resource</td><td><a href="http://hl7.org/fhir/R5/medication.html">Medication</a></td></tr><tr><td>Expression</td><td><code>Medication.extension.where(url='http://ltsi.univ-rennes.fr/StructureDefinition/oncofair-medication-type').value</code></td></tr><tr><td>Processing Mode</td><td>Normal</td></tr><tr><td>Multiples</td><td><ul><li>multipleAnd: It's up to the server whether the parameter may repeat in order to specify multiple values that must all be true</li><li>multipleOr: It's up to the server whether the parameter can have multiple values (separated by comma) where at least one must be true</li></ul></td></tr></table></div></text><url value="http://ltsi.univ-rennes.fr/SearchParameter/oncofair-sp-medication-type"/><version value="0.1.0"/><name value="OncoFAIRSPMedicationType"/><status value="active"/><date value="2024-07-08T15:06:33+00:00"/><publisher value="DOMASIA team of the Signal and Image Processing Laboratory (LTSI) and KEREVAL"/><contact><name value="DOMASIA team of the Signal and Image Processing Laboratory (LTSI) and KEREVAL"/><telecom><system value="url"/><value value="https://ltsi.univ-rennes.fr"/></telecom></contact><description value="Search for type of medication"/><code value="medication-type"/><base value="Medication"/><type value="token"/><expression value="Medication.extension.where(url='http://ltsi.univ-rennes.fr/StructureDefinition/oncofair-medication-type').value"/><processingMode value="normal"/></SearchParameter>