<?xml version="1.0" encoding="UTF-8"?><ValueSet xmlns="http://hl7.org/fhir"><id value="vsCommunicationModes"/><text><status value="generated"/><div xmlns="http://www.w3.org/1999/xhtml"><ul><li>Include all codes defined in <a href="CodeSystem-CSCommunicationModes.html"><code>http://ltsi.univ-rennes.fr/CodeSystem/CSCommunicationModes</code></a></li></ul></div></text><url value="http://ltsi.univ-rennes.fr/ValueSet/vsCommunicationModes"/><version value="0.1.0"/><name value="VSCommunicationModes"/><title value="Communication modes"/><status value="draft"/><experimental value="true"/><date value="2024-05-27T14:54:53+00:00"/><publisher value="DOMASIA team of the Signal and Image Processing Laboratory (LTSI) and KEREVAL"/><contact><name value="DOMASIA team of the Signal and Image Processing Laboratory (LTSI) and KEREVAL"/><telecom><system value="url"/><value value="https://ltsi.univ-rennes.fr"/></telecom></contact><description value="ValueSet for communication modes (incremental, summary)."/><compose><include><system value="http://ltsi.univ-rennes.fr/CodeSystem/CSCommunicationModes"/></include></compose></ValueSet>