<?xml version="1.0" encoding="UTF-8"?><ValueSet xmlns="http://hl7.org/fhir"><id value="siph-typecomposant-oncofair-valueset"/><text><status value="generated"/><div xmlns="http://www.w3.org/1999/xhtml"><ul><li>Include all codes defined in <a href="CodeSystem-siph-typecomposant-oncofair-codesystem.html"><code>http://ltsi.univ-rennes.fr/CodeSystem/siph-typecomposant-oncofair-codesystem</code></a></li></ul></div></text><url value="http://ltsi.univ-rennes.fr/ValueSet/siph-typecomposant-oncofair-valueset"/><version value="0.1.0"/><name value="SIPhTypeComposantOncoFAIRValueSet"/><status value="draft"/><date value="2024-06-10T07:36:07+00:00"/><publisher value="DOMASIA team of the Signal and Image Processing Laboratory (LTSI) and KEREVAL"/><contact><name value="DOMASIA team of the Signal and Image Processing Laboratory (LTSI) and KEREVAL"/><telecom><system value="url"/><value value="https://ltsi.univ-rennes.fr"/></telecom></contact><description value="Value Set pour TypeComposant"/><compose><include><system value="http://ltsi.univ-rennes.fr/CodeSystem/siph-typecomposant-oncofair-codesystem"/></include></compose></ValueSet>