<?xml version="1.0" encoding="UTF-8"?>

<CodeSystem xmlns="http://hl7.org/fhir">
  <id value="siph-listeald-oncofair-codesystem"/>
  <text>
    <status value="generated"/><div xmlns="http://www.w3.org/1999/xhtml"><p class="res-header-id"><b>Generated Narrative: CodeSystem siph-listeald-oncofair-codesystem</b></p><a name="siph-listeald-oncofair-codesystem"> </a><a name="hcsiph-listeald-oncofair-codesystem"> </a><a name="siph-listeald-oncofair-codesystem-en-US"> </a><p>This case-sensitive code system <code>http://ltsi.univ-rennes.fr/CodeSystem/siph-listeald-oncofair-codesystem</code> defines the following codes:</p><table class="codes"><tr><td style="white-space:nowrap"><b>Code</b></td><td><b>Display</b></td></tr><tr><td style="white-space:nowrap">ALD1<a name="siph-listeald-oncofair-codesystem-ALD1"> </a></td><td>Accident vasculaire cérébral invalidant</td></tr><tr><td style="white-space:nowrap">ALD2<a name="siph-listeald-oncofair-codesystem-ALD2"> </a></td><td>Insuffisances médullaires et autres cytopénies chroniques</td></tr><tr><td style="white-space:nowrap">ALD3<a name="siph-listeald-oncofair-codesystem-ALD3"> </a></td><td>Artériopathies chroniques avec manifestations ischémiques</td></tr><tr><td style="white-space:nowrap">ALD4<a name="siph-listeald-oncofair-codesystem-ALD4"> </a></td><td>Bilharziose compliquée</td></tr><tr><td style="white-space:nowrap">ALD5<a name="siph-listeald-oncofair-codesystem-ALD5"> </a></td><td>Insuffisance cardiaque grave, troubles du rythme graves, cardiopathies valvulaires graves ; cardiopathies congénitales graves</td></tr><tr><td style="white-space:nowrap">ALD6<a name="siph-listeald-oncofair-codesystem-ALD6"> </a></td><td>Maladies chroniques actives du foie et cirrhoses</td></tr><tr><td style="white-space:nowrap">ALD7<a name="siph-listeald-oncofair-codesystem-ALD7"> </a></td><td>Déficit immunitaire primitif grave nécessitant un traitement prolongé, infection par le virus de limmuno-déficience humaine</td></tr><tr><td style="white-space:nowrap">ALD8<a name="siph-listeald-oncofair-codesystem-ALD8"> </a></td><td>Diabète de type 1 et diabète de type 2</td></tr><tr><td style="white-space:nowrap">ALD9<a name="siph-listeald-oncofair-codesystem-ALD9"> </a></td><td>Forme grave des affections neurologiques et musculaires (dont myopathie), épilepsie grave</td></tr><tr><td style="white-space:nowrap">ALD10<a name="siph-listeald-oncofair-codesystem-ALD10"> </a></td><td>Hémoglobinopathies, hémolyses, chroniques constitutionnelles et acquises sévères</td></tr><tr><td style="white-space:nowrap">ALD11<a name="siph-listeald-oncofair-codesystem-ALD11"> </a></td><td>Hémophilies et affections constitutionnelles de lhémostase graves</td></tr><tr><td style="white-space:nowrap">ALD12<a name="siph-listeald-oncofair-codesystem-ALD12"> </a></td><td>Hypertension artérielle sévère</td></tr><tr><td style="white-space:nowrap">ALD13<a name="siph-listeald-oncofair-codesystem-ALD13"> </a></td><td>Maladie coronaire</td></tr><tr><td style="white-space:nowrap">ALD14<a name="siph-listeald-oncofair-codesystem-ALD14"> </a></td><td>Insuffisance respiratoire chronique grave</td></tr><tr><td style="white-space:nowrap">ALD15<a name="siph-listeald-oncofair-codesystem-ALD15"> </a></td><td>Lèpre</td></tr><tr><td style="white-space:nowrap">ALD16<a name="siph-listeald-oncofair-codesystem-ALD16"> </a></td><td>Maladie de Parkinson</td></tr><tr><td style="white-space:nowrap">ALD17<a name="siph-listeald-oncofair-codesystem-ALD17"> </a></td><td>Maladies métaboliques héréditaires nécessitant un traitement prolongé spécialisé</td></tr><tr><td style="white-space:nowrap">ALD18<a name="siph-listeald-oncofair-codesystem-ALD18"> </a></td><td>Mucoviscidose</td></tr><tr><td style="white-space:nowrap">ALD19<a name="siph-listeald-oncofair-codesystem-ALD19"> </a></td><td>Néphropathie chronique grave et syndrome néphrotique primitif</td></tr><tr><td style="white-space:nowrap">ALD20<a name="siph-listeald-oncofair-codesystem-ALD20"> </a></td><td>Paraplégie</td></tr><tr><td style="white-space:nowrap">ALD21<a name="siph-listeald-oncofair-codesystem-ALD21"> </a></td><td>Péri-artérite noueuse, lupus érythémateux aigu disséminé, sclérodermie généralisée évolutive</td></tr><tr><td style="white-space:nowrap">ALD22<a name="siph-listeald-oncofair-codesystem-ALD22"> </a></td><td>Polyarthrite rhumatoïde évolutive grave</td></tr><tr><td style="white-space:nowrap">ALD23<a name="siph-listeald-oncofair-codesystem-ALD23"> </a></td><td>Psychose, trouble grave de la personnalité, arriération mentale</td></tr><tr><td style="white-space:nowrap">ALD24<a name="siph-listeald-oncofair-codesystem-ALD24"> </a></td><td>Rectocolite hémorragique et maladie de Crohn évolutives</td></tr><tr><td style="white-space:nowrap">ALD25<a name="siph-listeald-oncofair-codesystem-ALD25"> </a></td><td>Sclérose en plaques</td></tr><tr><td style="white-space:nowrap">ALD26<a name="siph-listeald-oncofair-codesystem-ALD26"> </a></td><td>Scoliose structurale évolutive (dont langle est égal ou supérieur à 25 degrés) jusquà maturation rachidienne</td></tr><tr><td style="white-space:nowrap">ALD27<a name="siph-listeald-oncofair-codesystem-ALD27"> </a></td><td>Spondylarthrite ankylosante grave</td></tr><tr><td style="white-space:nowrap">ALD28<a name="siph-listeald-oncofair-codesystem-ALD28"> </a></td><td>Suites de transplantation dorgane</td></tr><tr><td style="white-space:nowrap">ALD29<a name="siph-listeald-oncofair-codesystem-ALD29"> </a></td><td>Tuberculose active</td></tr><tr><td style="white-space:nowrap">ALD30<a name="siph-listeald-oncofair-codesystem-ALD30"> </a></td><td>Tumeur maligne, affection maligne du tissu lymphatique ou hématopoïétique</td></tr><tr><td style="white-space:nowrap">ALD31<a name="siph-listeald-oncofair-codesystem-ALD31"> </a></td><td>Affections dites « hors liste »</td></tr><tr><td style="white-space:nowrap">ALD32<a name="siph-listeald-oncofair-codesystem-ALD32"> </a></td><td>Plusieurs affections entraînant un état pathologique invalidant</td></tr></table></div>
  </text>
  <url value="http://ltsi.univ-rennes.fr/CodeSystem/siph-listeald-oncofair-codesystem"/>
  <version value="0.1.0"/>
  <name value="SIPhListeALDOncoFAIRCodeSystem"/>
  <title value="Liste ALD Code System"/>
  <status value="draft"/>
  <experimental value="true"/>
  <date value="2025-01-20T17:43:54+00:00"/>
  <publisher value="DOMASIA team of the Signal and Image Processing Laboratory (LTSI) and KEREVAL"/>
  <contact>
    <name value="DOMASIA team of the Signal and Image Processing Laboratory (LTSI) and KEREVAL"/>
    <telecom>
      <system value="url"/>
      <value value="https://ltsi.univ-rennes.fr"/>
    </telecom>
  </contact>
  <description value="Code system pour l'attribut ListeALD"/>
  <caseSensitive value="true"/>
  <content value="complete"/>
  <count value="32"/>
  <concept>
    <code value="ALD1"/>
    <display value="Accident vasculaire cérébral invalidant"/>
  </concept>
  <concept>
    <code value="ALD2"/>
    <display value="Insuffisances médullaires et autres cytopénies chroniques"/>
  </concept>
  <concept>
    <code value="ALD3"/>
    <display value="Artériopathies chroniques avec manifestations ischémiques"/>
  </concept>
  <concept>
    <code value="ALD4"/>
    <display value="Bilharziose compliquée"/>
  </concept>
  <concept>
    <code value="ALD5"/>
    <display value="Insuffisance cardiaque grave, troubles du rythme graves, cardiopathies valvulaires graves ; cardiopathies congénitales graves"/>
  </concept>
  <concept>
    <code value="ALD6"/>
    <display value="Maladies chroniques actives du foie et cirrhoses"/>
  </concept>
  <concept>
    <code value="ALD7"/>
    <display value="Déficit immunitaire primitif grave nécessitant un traitement prolongé, infection par le virus de limmuno-déficience humaine"/>
  </concept>
  <concept>
    <code value="ALD8"/>
    <display value="Diabète de type 1 et diabète de type 2"/>
  </concept>
  <concept>
    <code value="ALD9"/>
    <display value="Forme grave des affections neurologiques et musculaires (dont myopathie), épilepsie grave"/>
  </concept>
  <concept>
    <code value="ALD10"/>
    <display value="Hémoglobinopathies, hémolyses, chroniques constitutionnelles et acquises sévères"/>
  </concept>
  <concept>
    <code value="ALD11"/>
    <display value="Hémophilies et affections constitutionnelles de lhémostase graves"/>
  </concept>
  <concept>
    <code value="ALD12"/>
    <display value="Hypertension artérielle sévère"/>
  </concept>
  <concept>
    <code value="ALD13"/>
    <display value="Maladie coronaire"/>
  </concept>
  <concept>
    <code value="ALD14"/>
    <display value="Insuffisance respiratoire chronique grave"/>
  </concept>
  <concept>
    <code value="ALD15"/>
    <display value="Lèpre"/>
  </concept>
  <concept>
    <code value="ALD16"/>
    <display value="Maladie de Parkinson"/>
  </concept>
  <concept>
    <code value="ALD17"/>
    <display value="Maladies métaboliques héréditaires nécessitant un traitement prolongé spécialisé"/>
  </concept>
  <concept>
    <code value="ALD18"/>
    <display value="Mucoviscidose"/>
  </concept>
  <concept>
    <code value="ALD19"/>
    <display value="Néphropathie chronique grave et syndrome néphrotique primitif"/>
  </concept>
  <concept>
    <code value="ALD20"/>
    <display value="Paraplégie"/>
  </concept>
  <concept>
    <code value="ALD21"/>
    <display value="Péri-artérite noueuse, lupus érythémateux aigu disséminé, sclérodermie généralisée évolutive"/>
  </concept>
  <concept>
    <code value="ALD22"/>
    <display value="Polyarthrite rhumatoïde évolutive grave"/>
  </concept>
  <concept>
    <code value="ALD23"/>
    <display value="Psychose, trouble grave de la personnalité, arriération mentale"/>
  </concept>
  <concept>
    <code value="ALD24"/>
    <display value="Rectocolite hémorragique et maladie de Crohn évolutives"/>
  </concept>
  <concept>
    <code value="ALD25"/>
    <display value="Sclérose en plaques"/>
  </concept>
  <concept>
    <code value="ALD26"/>
    <display value="Scoliose structurale évolutive (dont langle est égal ou supérieur à 25 degrés) jusquà maturation rachidienne"/>
  </concept>
  <concept>
    <code value="ALD27"/>
    <display value="Spondylarthrite ankylosante grave"/>
  </concept>
  <concept>
    <code value="ALD28"/>
    <display value="Suites de transplantation dorgane"/>
  </concept>
  <concept>
    <code value="ALD29"/>
    <display value="Tuberculose active"/>
  </concept>
  <concept>
    <code value="ALD30"/>
    <display value="Tumeur maligne, affection maligne du tissu lymphatique ou hématopoïétique"/>
  </concept>
  <concept>
    <code value="ALD31"/>
    <display value="Affections dites « hors liste »"/>
  </concept>
  <concept>
    <code value="ALD32"/>
    <display value="Plusieurs affections entraînant un état pathologique invalidant"/>
  </concept>
</CodeSystem>