{"resourceType":"ImplementationGuide","id":"ltsi.fhir.oncofair","text":{"status":"extensions","div":"<div xmlns=\"http://www.w3.org/1999/xhtml\"><h2>OncoFAIR</h2><p>The official URL for this implementation guide is: </p><pre>http://ltsi.univ-rennes.fr/ImplementationGuide/ltsi.fhir.oncofair</pre><div><p>The Onco-FAIR implementation guide reports on the implementation of prescribing and medication administration in oncology.</p>\n</div></div>"},"url":"http://ltsi.univ-rennes.fr/ImplementationGuide/ltsi.fhir.oncofair","version":"0.1.0","name":"OncoFAIR","title":"Onco-FAIR","status":"draft","date":"2024-03-22T08:30:13+00:00","publisher":"DOMASIA team of the Signal and Image Processing Laboratory (LTSI)","contact":[{"name":"DOMASIA team of the Signal and Image Processing Laboratory (LTSI)","telecom":[{"system":"url","value":"https://ltsi.univ-rennes.fr"}]}],"description":"The Onco-FAIR implementation guide reports on the implementation of prescribing and medication administration in oncology.","packageId":"ltsi.fhir.oncofair","license":"CC0-1.0","fhirVersion":["5.0.0"],"dependsOn":[{"id":"hl7tx","extension":[{"url":"http://hl7.org/fhir/tools/StructureDefinition/implementationguide-dependency-comment","valueMarkdown":"Automatically added as a dependency - all IGs depend on HL7 Terminology"}],"uri":"http://terminology.hl7.org/ImplementationGuide/hl7.terminology","packageId":"hl7.terminology.r5","version":"5.3.0"},{"id":"hl7ext","extension":[{"url":"http://hl7.org/fhir/tools/StructureDefinition/implementationguide-dependency-comment","valueMarkdown":"Automatically added as a dependency - all IGs depend on the HL7 Extension Pack"}],"uri":"http://hl7.org/fhir/extensions/ImplementationGuide/hl7.fhir.uv.extensions","packageId":"hl7.fhir.uv.extensions.r5","version":"1.0.0"}],"definition":{"extension":[{"url":"http://hl7.org/fhir/tools/StructureDefinition/ig-internal-dependency","valueCode":"hl7.fhir.uv.tools#0.1.0"}],"grouping":[{"id":"-str-profile","name":"Structures: Resource Profiles","description":"These define constraints on FHIR resources for systems conforming to this implementation guide."},{"id":"-str-extension","name":"Structures: Extension Definitions","description":"These define constraints on FHIR data types for systems conforming to this implementation guide."},{"id":"-term-valueset","name":"Terminology: Value Sets","description":"These define sets of codes used by systems conforming to this implementation guide."},{"id":"-term-codesystem","name":"Terminology: Code Systems","description":"These define new code systems used by systems conforming to this implementation guide."},{"id":"-ex-example","name":"Example: Example Instances","description":"These are example instances that show what data produced and consumed by systems conforming with this implementation guide might look like."}],"resource":[{"extension":[{"url":"http://hl7.org/fhir/tools/StructureDefinition/resource-sort","valueInteger":999999999},{"url":"http://hl7.org/fhir/StructureDefinition/implementationguide-page","valueUri":"StructureDefinition-accomodation-unit.html"}],"reference":{"reference":"StructureDefinition/accomodation-unit"},"name":"Accomodation Unit","description":"Accomodation unit.","isExample":false,"groupingId":"-str-profile"},{"extension":[{"url":"http://hl7.org/fhir/tools/StructureDefinition/resource-sort","valueInteger":999999999},{"url":"http://hl7.org/fhir/StructureDefinition/implementationguide-page","valueUri":"StructureDefinition-additional-information.html"}],"reference":{"reference":"StructureDefinition/additional-information"},"name":"Additional Information","description":"Additional information, such as height or weight.","isExample":false,"groupingId":"-str-profile"},{"extension":[{"url":"http://hl7.org/fhir/tools/StructureDefinition/resource-sort","valueInteger":999999999},{"url":"http://hl7.org/fhir/StructureDefinition/implementationguide-page","valueUri":"StructureDefinition-administration-report.html"}],"reference":{"reference":"StructureDefinition/administration-report"},"name":"Administration Report","description":"Prescribed medication administration report.","isExample":false,"groupingId":"-str-profile"},{"extension":[{"url":"http://hl7.org/fhir/tools/StructureDefinition/resource-sort","valueInteger":999999999},{"url":"http://hl7.org/fhir/StructureDefinition/implementationguide-page","valueUri":"StructureDefinition-associated-device.html"}],"reference":{"reference":"StructureDefinition/associated-device"},"name":"Associated Device","description":"A device associated with a medication for its administration.","isExample":false,"groupingId":"-str-profile"},{"extension":[{"url":"http://hl7.org/fhir/tools/StructureDefinition/resource-sort","valueInteger":999999999},{"url":"http://hl7.org/fhir/StructureDefinition/implementationguide-page","valueUri":"StructureDefinition-Medical-liability-unit.html"}],"reference":{"reference":"StructureDefinition/Medical-liability-unit"},"name":"Medical Liability Unit","description":"Medical liability unit.","isExample":false,"groupingId":"-str-profile"},{"extension":[{"url":"http://hl7.org/fhir/tools/StructureDefinition/resource-sort","valueInteger":999999999},{"url":"http://hl7.org/fhir/StructureDefinition/implementationguide-page","valueUri":"StructureDefinition-oncology-medication.html"}],"reference":{"reference":"StructureDefinition/oncology-medication"},"name":"Oncology Medication","description":"Medication used in oncology.","isExample":false,"groupingId":"-str-profile"},{"extension":[{"url":"http://hl7.org/fhir/tools/StructureDefinition/resource-sort","valueInteger":999999999},{"url":"http://hl7.org/fhir/StructureDefinition/implementationguide-page","valueUri":"StructureDefinition-oncology-patient.html"}],"reference":{"reference":"StructureDefinition/oncology-patient"},"name":"Oncology Patient","description":"Patient receiving medical treatment in oncology.","isExample":false,"groupingId":"-str-profile"},{"extension":[{"url":"http://hl7.org/fhir/tools/StructureDefinition/resource-sort","valueInteger":999999999},{"url":"http://hl7.org/fhir/StructureDefinition/implementationguide-page","valueUri":"StructureDefinition-oncology-practitioner.html"}],"reference":{"reference":"StructureDefinition/oncology-practitioner"},"name":"Oncology Practitioner","description":"Oncology practitioner.","isExample":false,"groupingId":"-str-profile"},{"extension":[{"url":"http://hl7.org/fhir/tools/StructureDefinition/resource-sort","valueInteger":999999999},{"url":"http://hl7.org/fhir/StructureDefinition/implementationguide-page","valueUri":"StructureDefinition-prescription.html"}],"reference":{"reference":"StructureDefinition/prescription"},"name":"Prescription","description":"Medication prescription.","isExample":false,"groupingId":"-str-profile"},{"extension":[{"url":"http://hl7.org/fhir/tools/StructureDefinition/resource-sort","valueInteger":999999999},{"url":"http://hl7.org/fhir/StructureDefinition/implementationguide-page","valueUri":"StructureDefinition-prescription-item.html"}],"reference":{"reference":"StructureDefinition/prescription-item"},"name":"Prescription Item","description":"Prescription item.","isExample":false,"groupingId":"-str-profile"},{"extension":[{"url":"http://hl7.org/fhir/tools/StructureDefinition/resource-sort","valueInteger":999999999},{"url":"http://hl7.org/fhir/StructureDefinition/implementationguide-page","valueUri":"StructureDefinition-protocol.html"}],"reference":{"reference":"StructureDefinition/protocol"},"name":"Protocol","description":"Protocol.","isExample":false,"groupingId":"-str-profile"},{"extension":[{"url":"http://hl7.org/fhir/tools/StructureDefinition/resource-sort","valueInteger":999999999},{"url":"http://hl7.org/fhir/StructureDefinition/implementationguide-page","valueUri":"StructureDefinition-Stay.html"}],"reference":{"reference":"StructureDefinition/Stay"},"name":"Stay","description":"Stay.","isExample":false,"groupingId":"-str-profile"},{"extension":[{"url":"http://hl7.org/fhir/tools/StructureDefinition/resource-sort","valueInteger":999999999},{"url":"http://hl7.org/fhir/StructureDefinition/implementationguide-page","valueUri":"StructureDefinition-cure-cycle-number.html"}],"reference":{"reference":"StructureDefinition/cure-cycle-number"},"name":"Cure cycle number","description":"Cure cycle number.","isExample":false,"groupingId":"-str-extension"},{"extension":[{"url":"http://hl7.org/fhir/tools/StructureDefinition/resource-sort","valueInteger":999999999},{"url":"http://hl7.org/fhir/StructureDefinition/implementationguide-page","valueUri":"StructureDefinition-day-number.html"}],"reference":{"reference":"StructureDefinition/day-number"},"name":"Day number","description":"Treatment day number.","isExample":false,"groupingId":"-str-extension"},{"extension":[{"url":"http://hl7.org/fhir/tools/StructureDefinition/resource-sort","valueInteger":999999999},{"url":"http://hl7.org/fhir/StructureDefinition/implementationguide-page","valueUri":"ValueSet-vsLOINC.html"}],"reference":{"reference":"ValueSet/vsLOINC"},"name":"Codes LOINC","description":"ValueSet of LOINC codes.","isExample":false,"groupingId":"-term-valueset"},{"extension":[{"url":"http://hl7.org/fhir/tools/StructureDefinition/resource-sort","valueInteger":999999999},{"url":"http://hl7.org/fhir/StructureDefinition/implementationguide-page","valueUri":"ValueSet-vsCommunicationModes.html"}],"reference":{"reference":"ValueSet/vsCommunicationModes"},"name":"Communication modes","description":"ValueSet for communication modes (incremental, summary).","isExample":false,"groupingId":"-term-valueset"},{"extension":[{"url":"http://hl7.org/fhir/tools/StructureDefinition/resource-sort","valueInteger":999999999},{"url":"http://hl7.org/fhir/StructureDefinition/implementationguide-page","valueUri":"ValueSet-vsMedicalUnits.html"}],"reference":{"reference":"ValueSet/vsMedicalUnits"},"name":"Medical units","description":"ValueSet for medical units (accommodation, medical liability unit).","isExample":false,"groupingId":"-term-valueset"},{"extension":[{"url":"http://hl7.org/fhir/tools/StructureDefinition/resource-sort","valueInteger":999999999},{"url":"http://hl7.org/fhir/StructureDefinition/implementationguide-page","valueUri":"ValueSet-vsMedications.html"}],"reference":{"reference":"ValueSet/vsMedications"},"name":"Medications","description":"ValueSet for medications.","isExample":false,"groupingId":"-term-valueset"},{"extension":[{"url":"http://hl7.org/fhir/tools/StructureDefinition/resource-sort","valueInteger":999999999},{"url":"http://hl7.org/fhir/StructureDefinition/implementationguide-page","valueUri":"ValueSet-vsPrescriptionStatus.html"}],"reference":{"reference":"ValueSet/vsPrescriptionStatus"},"name":"Prescription status","description":"ValueSet for PlanDefinition types, extended to include creation, stop, modification and validation.","isExample":false,"groupingId":"-term-valueset"},{"extension":[{"url":"http://hl7.org/fhir/tools/StructureDefinition/resource-sort","valueInteger":999999999},{"url":"http://hl7.org/fhir/StructureDefinition/implementationguide-page","valueUri":"ValueSet-vsSCT.html"}],"reference":{"reference":"ValueSet/vsSCT"},"name":"SNOMED CT codes","description":"ValueSet of SNOMED CT codes.","isExample":false,"groupingId":"-term-valueset"},{"extension":[{"url":"http://hl7.org/fhir/tools/StructureDefinition/resource-sort","valueInteger":999999999},{"url":"http://hl7.org/fhir/StructureDefinition/implementationguide-page","valueUri":"ValueSet-vsMedicationTypes.html"}],"reference":{"reference":"ValueSet/vsMedicationTypes"},"name":"Types of medication","description":"ValueSet for medication types.","isExample":false,"groupingId":"-term-valueset"},{"extension":[{"url":"http://hl7.org/fhir/tools/StructureDefinition/resource-sort","valueInteger":999999999},{"url":"http://hl7.org/fhir/StructureDefinition/implementationguide-page","valueUri":"CodeSystem-CSCommunicationModes.html"}],"reference":{"reference":"CodeSystem/CSCommunicationModes"},"name":"Communication modes","description":"CodeSystem for french communication modes (incremental, summary).","isExample":false,"groupingId":"-term-codesystem"},{"extension":[{"url":"http://hl7.org/fhir/tools/StructureDefinition/resource-sort","valueInteger":999999999},{"url":"http://hl7.org/fhir/StructureDefinition/implementationguide-page","valueUri":"CodeSystem-CSLOINC.html"}],"reference":{"reference":"CodeSystem/CSLOINC"},"name":"LOINC codes","description":"LOINC CodeSystem.","isExample":false,"groupingId":"-term-codesystem"},{"extension":[{"url":"http://hl7.org/fhir/tools/StructureDefinition/resource-sort","valueInteger":999999999},{"url":"http://hl7.org/fhir/StructureDefinition/implementationguide-page","valueUri":"CodeSystem-CSMedicalUnits.html"}],"reference":{"reference":"CodeSystem/CSMedicalUnits"},"name":"Medical units","description":"CodeSystem for french medical units (accommodation, medical liability unit).","isExample":false,"groupingId":"-term-codesystem"},{"extension":[{"url":"http://hl7.org/fhir/tools/StructureDefinition/resource-sort","valueInteger":999999999},{"url":"http://hl7.org/fhir/StructureDefinition/implementationguide-page","valueUri":"CodeSystem-CSMedicationTypes.html"}],"reference":{"reference":"CodeSystem/CSMedicationTypes"},"name":"Medication types","description":"CodeSystem for french medication types.","isExample":false,"groupingId":"-term-codesystem"},{"extension":[{"url":"http://hl7.org/fhir/tools/StructureDefinition/resource-sort","valueInteger":999999999},{"url":"http://hl7.org/fhir/StructureDefinition/implementationguide-page","valueUri":"CodeSystem-CSMedications.html"}],"reference":{"reference":"CodeSystem/CSMedications"},"name":"Medications","description":"CodeSystem for french medications.","isExample":false,"groupingId":"-term-codesystem"},{"extension":[{"url":"http://hl7.org/fhir/tools/StructureDefinition/resource-sort","valueInteger":999999999},{"url":"http://hl7.org/fhir/StructureDefinition/implementationguide-page","valueUri":"CodeSystem-CSPrescriptionStatus.html"}],"reference":{"reference":"CodeSystem/CSPrescriptionStatus"},"name":"Prescription status","description":"CodeSystem for french prescription status (creation, stop, modification, validation).","isExample":false,"groupingId":"-term-codesystem"},{"extension":[{"url":"http://hl7.org/fhir/tools/StructureDefinition/resource-sort","valueInteger":999999999},{"url":"http://hl7.org/fhir/StructureDefinition/implementationguide-page","valueUri":"CodeSystem-CSSCT.html"}],"reference":{"reference":"CodeSystem/CSSCT"},"name":"SNOMED CT Codes","description":"SNOMED CT code system.","isExample":false,"groupingId":"-term-codesystem"},{"extension":[{"url":"http://hl7.org/fhir/tools/StructureDefinition/resource-sort","valueInteger":999999999},{"url":"http://hl7.org/fhir/StructureDefinition/implementationguide-page","valueUri":"PlanDefinition-exampleProtocol.html"}],"reference":{"reference":"PlanDefinition/exampleProtocol"},"name":"Protocol - FOLFOX 4","description":"Prescribed protocol.","isExample":true,"profile":["http://ltsi.univ-rennes.fr/StructureDefinition/Protocol"],"groupingId":"-ex-example"},{"extension":[{"url":"http://hl7.org/fhir/tools/StructureDefinition/resource-sort","valueInteger":999999999},{"url":"http://hl7.org/fhir/StructureDefinition/implementationguide-page","valueUri":"Location-exampleAccomodationUnit.html"}],"reference":{"reference":"Location/exampleAccomodationUnit"},"name":"exampleAccomodationUnit","description":"SAB accomodation unit.","isExample":true,"profile":["http://ltsi.univ-rennes.fr/StructureDefinition/AccomodationUnit"],"groupingId":"-ex-example"},{"extension":[{"url":"http://hl7.org/fhir/tools/StructureDefinition/resource-sort","valueInteger":999999999},{"url":"http://hl7.org/fhir/StructureDefinition/implementationguide-page","valueUri":"Observation-exampleAdditionalInformationHeight.html"}],"reference":{"reference":"Observation/exampleAdditionalInformationHeight"},"name":"exampleAdditionalInformationHeight","description":"Additional information about height.","isExample":true,"profile":["http://ltsi.univ-rennes.fr/StructureDefinition/AdditionalInformation"],"groupingId":"-ex-example"},{"extension":[{"url":"http://hl7.org/fhir/tools/StructureDefinition/resource-sort","valueInteger":999999999},{"url":"http://hl7.org/fhir/StructureDefinition/implementationguide-page","valueUri":"Observation-exampleAdditionalInformationWeight.html"}],"reference":{"reference":"Observation/exampleAdditionalInformationWeight"},"name":"exampleAdditionalInformationWeight","description":"Additional information about weight.","isExample":true,"profile":["http://ltsi.univ-rennes.fr/StructureDefinition/AdditionalInformation"],"groupingId":"-ex-example"},{"extension":[{"url":"http://hl7.org/fhir/tools/StructureDefinition/resource-sort","valueInteger":999999999},{"url":"http://hl7.org/fhir/StructureDefinition/implementationguide-page","valueUri":"MedicationAdministration-exampleAdministrationReportBACTRIMFORTE.html"}],"reference":{"reference":"MedicationAdministration/exampleAdministrationReportBACTRIMFORTE"},"name":"exampleAdministrationReportBACTRIMFORTE","description":"BACTRIMFORTE medication administration report.","isExample":true,"profile":["http://ltsi.univ-rennes.fr/StructureDefinition/AdministrationReport"],"groupingId":"-ex-example"},{"extension":[{"url":"http://hl7.org/fhir/tools/StructureDefinition/resource-sort","valueInteger":999999999},{"url":"http://hl7.org/fhir/StructureDefinition/implementationguide-page","valueUri":"DeviceDefinition-exampleAssociatedDeviceNEBUL.html"}],"reference":{"reference":"DeviceDefinition/exampleAssociatedDeviceNEBUL"},"name":"exampleAssociatedDeviceNEBUL","description":"Associated device: NEBUL.","isExample":true,"profile":["http://ltsi.univ-rennes.fr/StructureDefinition/AssociatedDevice"],"groupingId":"-ex-example"},{"extension":[{"url":"http://hl7.org/fhir/tools/StructureDefinition/resource-sort","valueInteger":999999999},{"url":"http://hl7.org/fhir/StructureDefinition/implementationguide-page","valueUri":"Organization-exampleMedicalLiabilityUnit.html"}],"reference":{"reference":"Organization/exampleMedicalLiabilityUnit"},"name":"exampleMedicalLiabilityUnit","description":"HCMED Medical liability unit.","isExample":true,"profile":["http://ltsi.univ-rennes.fr/StructureDefinition/MedicalLiabilityUnit"],"groupingId":"-ex-example"},{"extension":[{"url":"http://hl7.org/fhir/tools/StructureDefinition/resource-sort","valueInteger":999999999},{"url":"http://hl7.org/fhir/StructureDefinition/implementationguide-page","valueUri":"Medication-exampleOncologyMedicationBACTRIMFORTE.html"}],"reference":{"reference":"Medication/exampleOncologyMedicationBACTRIMFORTE"},"name":"exampleOncologyMedicationBACTRIMFORTE","description":"Medication: BACTRIM FORTE 800MG/160MG CPR.","isExample":true,"profile":["http://ltsi.univ-rennes.fr/StructureDefinition/OncologyMedication"],"groupingId":"-ex-example"},{"extension":[{"url":"http://hl7.org/fhir/tools/StructureDefinition/resource-sort","valueInteger":999999999},{"url":"http://hl7.org/fhir/StructureDefinition/implementationguide-page","valueUri":"Medication-exampleOncologyMedicationDOLIPRANE.html"}],"reference":{"reference":"Medication/exampleOncologyMedicationDOLIPRANE"},"name":"exampleOncologyMedicationDOLIPRANE","description":"Medication: DOLIPRANE 2,4% BUV SS SUCRE FL 100ML.","isExample":true,"profile":["http://ltsi.univ-rennes.fr/StructureDefinition/OncologyMedication"],"groupingId":"-ex-example"},{"extension":[{"url":"http://hl7.org/fhir/tools/StructureDefinition/resource-sort","valueInteger":999999999},{"url":"http://hl7.org/fhir/StructureDefinition/implementationguide-page","valueUri":"Medication-exampleOncologyMedicationOXALIPLATINE200mg.html"}],"reference":{"reference":"Medication/exampleOncologyMedicationOXALIPLATINE200mg"},"name":"exampleOncologyMedicationOXALIPLATINE200mg","description":"Medication: OXALIPLATINE 200 mg.","isExample":true,"profile":["http://ltsi.univ-rennes.fr/StructureDefinition/OncologyMedication"],"groupingId":"-ex-example"},{"extension":[{"url":"http://hl7.org/fhir/tools/StructureDefinition/resource-sort","valueInteger":999999999},{"url":"http://hl7.org/fhir/StructureDefinition/implementationguide-page","valueUri":"Medication-exampleOncologyMedicationOXYCODONELP10MGVIATRIS.html"}],"reference":{"reference":"Medication/exampleOncologyMedicationOXYCODONELP10MGVIATRIS"},"name":"exampleOncologyMedicationOXYCODONELP10MGVIATRIS","description":"Medication: OXYCODONE LP 10 MG VIATRIS, CPR À LIBÉRATION PROLONGÉE.","isExample":true,"profile":["http://ltsi.univ-rennes.fr/StructureDefinition/OncologyMedication"],"groupingId":"-ex-example"},{"extension":[{"url":"http://hl7.org/fhir/tools/StructureDefinition/resource-sort","valueInteger":999999999},{"url":"http://hl7.org/fhir/StructureDefinition/implementationguide-page","valueUri":"Medication-exampleOncologyMedicationPENTACARINAT300MG.html"}],"reference":{"reference":"Medication/exampleOncologyMedicationPENTACARINAT300MG"},"name":"exampleOncologyMedicationPENTACARINAT300MG","description":"Medication: PENTACARINAT 300MG PDR INJ.","isExample":true,"profile":["http://ltsi.univ-rennes.fr/StructureDefinition/OncologyMedication"],"groupingId":"-ex-example"},{"extension":[{"url":"http://hl7.org/fhir/tools/StructureDefinition/resource-sort","valueInteger":999999999},{"url":"http://hl7.org/fhir/StructureDefinition/implementationguide-page","valueUri":"Medication-exampleOncologyMedicationPROFENID50MG.html"}],"reference":{"reference":"Medication/exampleOncologyMedicationPROFENID50MG"},"name":"exampleOncologyMedicationPROFENID50MG","description":"Medication: PROFENID 50 MG, GÉLULE.","isExample":true,"profile":["http://ltsi.univ-rennes.fr/StructureDefinition/OncologyMedication"],"groupingId":"-ex-example"},{"extension":[{"url":"http://hl7.org/fhir/tools/StructureDefinition/resource-sort","valueInteger":999999999},{"url":"http://hl7.org/fhir/StructureDefinition/implementationguide-page","valueUri":"Medication-exampleOncologyMedicationVITB12.html"}],"reference":{"reference":"Medication/exampleOncologyMedicationVITB12"},"name":"exampleOncologyMedicationVITB12","description":"Medication: VIT B12 DEL 1MG/2ML INJ BUV AMP.","isExample":true,"profile":["http://ltsi.univ-rennes.fr/StructureDefinition/OncologyMedication"],"groupingId":"-ex-example"},{"extension":[{"url":"http://hl7.org/fhir/tools/StructureDefinition/resource-sort","valueInteger":999999999},{"url":"http://hl7.org/fhir/StructureDefinition/implementationguide-page","valueUri":"Patient-exampleOncologyPatient.html"}],"reference":{"reference":"Patient/exampleOncologyPatient"},"name":"exampleOncologyPatient","description":"Patient of IPP 99999.","isExample":true,"profile":["http://ltsi.univ-rennes.fr/StructureDefinition/OncologyPatient"],"groupingId":"-ex-example"},{"extension":[{"url":"http://hl7.org/fhir/tools/StructureDefinition/resource-sort","valueInteger":999999999},{"url":"http://hl7.org/fhir/StructureDefinition/implementationguide-page","valueUri":"Practitioner-exampleOncologyPractitioner.html"}],"reference":{"reference":"Practitioner/exampleOncologyPractitioner"},"name":"exampleOncologyPractitioner","description":"Administration report prescriber.","isExample":true,"profile":["http://ltsi.univ-rennes.fr/StructureDefinition/OncologyPractitioner"],"groupingId":"-ex-example"},{"extension":[{"url":"http://hl7.org/fhir/tools/StructureDefinition/resource-sort","valueInteger":999999999},{"url":"http://hl7.org/fhir/StructureDefinition/implementationguide-page","valueUri":"CarePlan-examplePrescription.html"}],"reference":{"reference":"CarePlan/examplePrescription"},"name":"examplePrescription","description":"Medication prescription.","isExample":true,"profile":["http://ltsi.univ-rennes.fr/StructureDefinition/Prescription"],"groupingId":"-ex-example"},{"extension":[{"url":"http://hl7.org/fhir/tools/StructureDefinition/resource-sort","valueInteger":999999999},{"url":"http://hl7.org/fhir/StructureDefinition/implementationguide-page","valueUri":"MedicationRequest-examplePrescriptionItemBACTRIMFORTE.html"}],"reference":{"reference":"MedicationRequest/examplePrescriptionItemBACTRIMFORTE"},"name":"examplePrescriptionItemBACTRIMFORTE","description":"Prescription item related to the medication BACTRIM FORTE 800MG/160MG CPR.","isExample":true,"profile":["http://ltsi.univ-rennes.fr/StructureDefinition/PrescriptionItem"],"groupingId":"-ex-example"},{"extension":[{"url":"http://hl7.org/fhir/tools/StructureDefinition/resource-sort","valueInteger":999999999},{"url":"http://hl7.org/fhir/StructureDefinition/implementationguide-page","valueUri":"MedicationRequest-examplePrescriptionItemDOLIPRANE.html"}],"reference":{"reference":"MedicationRequest/examplePrescriptionItemDOLIPRANE"},"name":"examplePrescriptionItemDOLIPRANE","description":"Prescription item related to the medication DOLIPRANE 2.4% BUV SS SUGAR FL 100ML.","isExample":true,"profile":["http://ltsi.univ-rennes.fr/StructureDefinition/PrescriptionItem"],"groupingId":"-ex-example"},{"extension":[{"url":"http://hl7.org/fhir/tools/StructureDefinition/resource-sort","valueInteger":999999999},{"url":"http://hl7.org/fhir/StructureDefinition/implementationguide-page","valueUri":"MedicationRequest-examplePrescriptionItemOXALIPLATINE200mg.html"}],"reference":{"reference":"MedicationRequest/examplePrescriptionItemOXALIPLATINE200mg"},"name":"examplePrescriptionItemOXALIPLATINE200mg","description":"Prescription item related to the medication OXALIPLATINE 200 mg.","isExample":true,"profile":["http://ltsi.univ-rennes.fr/StructureDefinition/PrescriptionItem"],"groupingId":"-ex-example"},{"extension":[{"url":"http://hl7.org/fhir/tools/StructureDefinition/resource-sort","valueInteger":999999999},{"url":"http://hl7.org/fhir/StructureDefinition/implementationguide-page","valueUri":"MedicationRequest-examplePrescriptionItemOXYCODONELP10MGVIATRIS.html"}],"reference":{"reference":"MedicationRequest/examplePrescriptionItemOXYCODONELP10MGVIATRIS"},"name":"examplePrescriptionItemOXYCODONELP10MGVIATRIS","description":"Prescription item related to the medication OXYCODONE LP 10 MG VIATRIS.","isExample":true,"profile":["http://ltsi.univ-rennes.fr/StructureDefinition/PrescriptionItem"],"groupingId":"-ex-example"},{"extension":[{"url":"http://hl7.org/fhir/tools/StructureDefinition/resource-sort","valueInteger":999999999},{"url":"http://hl7.org/fhir/StructureDefinition/implementationguide-page","valueUri":"MedicationRequest-examplePrescriptionItemPENTACARINAT300MG.html"}],"reference":{"reference":"MedicationRequest/examplePrescriptionItemPENTACARINAT300MG"},"name":"examplePrescriptionItemPENTACARINAT300MG","description":"Prescription item related to the medication PENTACARINAT 300MG PDR INJ.","isExample":true,"profile":["http://ltsi.univ-rennes.fr/StructureDefinition/PrescriptionItem"],"groupingId":"-ex-example"},{"extension":[{"url":"http://hl7.org/fhir/tools/StructureDefinition/resource-sort","valueInteger":999999999},{"url":"http://hl7.org/fhir/StructureDefinition/implementationguide-page","valueUri":"MedicationRequest-examplePrescriptionItemPROFENID50MG.html"}],"reference":{"reference":"MedicationRequest/examplePrescriptionItemPROFENID50MG"},"name":"examplePrescriptionItemPROFENID50MG","description":"Prescription item related to the medication PROFENID 50 MG.","isExample":true,"profile":["http://ltsi.univ-rennes.fr/StructureDefinition/PrescriptionItem"],"groupingId":"-ex-example"},{"extension":[{"url":"http://hl7.org/fhir/tools/StructureDefinition/resource-sort","valueInteger":999999999},{"url":"http://hl7.org/fhir/StructureDefinition/implementationguide-page","valueUri":"MedicationRequest-examplePrescriptionItemVITB12.html"}],"reference":{"reference":"MedicationRequest/examplePrescriptionItemVITB12"},"name":"examplePrescriptionItemVITB12","description":"Prescription item related to the medication VIT B12 DEL 1MG/2ML INJ BUV AMP.","isExample":true,"profile":["http://ltsi.univ-rennes.fr/StructureDefinition/PrescriptionItem"],"groupingId":"-ex-example"},{"extension":[{"url":"http://hl7.org/fhir/tools/StructureDefinition/resource-sort","valueInteger":999999999},{"url":"http://hl7.org/fhir/StructureDefinition/implementationguide-page","valueUri":"Encounter-exampleStay.html"}],"reference":{"reference":"Encounter/exampleStay"},"name":"exampleStay","description":"Stay of ID 111111.","isExample":true,"profile":["http://ltsi.univ-rennes.fr/StructureDefinition/Stay"],"groupingId":"-ex-example"}],"page":{"sourceUrl":"toc.html","name":"toc.html","title":"Table of Contents","generation":"html","page":[{"sourceUrl":"index.html","name":"index.html","title":"Home","generation":"markdown"},{"sourceUrl":"artifacts.html","name":"artifacts.html","title":"Artifacts Summary","generation":"html","page":[{"sourceUrl":"StructureDefinition-accomodation-unit.html","name":"StructureDefinition-accomodation-unit.html","title":"Accomodation Unit","generation":"generated"},{"sourceUrl":"StructureDefinition-additional-information.html","name":"StructureDefinition-additional-information.html","title":"Additional Information","generation":"generated"},{"sourceUrl":"StructureDefinition-administration-report.html","name":"StructureDefinition-administration-report.html","title":"Administration Report","generation":"generated"},{"sourceUrl":"StructureDefinition-associated-device.html","name":"StructureDefinition-associated-device.html","title":"Associated Device","generation":"generated"},{"sourceUrl":"StructureDefinition-Medical-liability-unit.html","name":"StructureDefinition-Medical-liability-unit.html","title":"Medical Liability Unit","generation":"generated"},{"sourceUrl":"StructureDefinition-oncology-medication.html","name":"StructureDefinition-oncology-medication.html","title":"Oncology Medication","generation":"generated"},{"sourceUrl":"StructureDefinition-oncology-patient.html","name":"StructureDefinition-oncology-patient.html","title":"Oncology Patient","generation":"generated"},{"sourceUrl":"StructureDefinition-oncology-practitioner.html","name":"StructureDefinition-oncology-practitioner.html","title":"Oncology Practitioner","generation":"generated"},{"sourceUrl":"StructureDefinition-prescription.html","name":"StructureDefinition-prescription.html","title":"Prescription","generation":"generated"},{"sourceUrl":"StructureDefinition-prescription-item.html","name":"StructureDefinition-prescription-item.html","title":"Prescription Item","generation":"generated"},{"sourceUrl":"StructureDefinition-protocol.html","name":"StructureDefinition-protocol.html","title":"Protocol","generation":"generated"},{"sourceUrl":"StructureDefinition-Stay.html","name":"StructureDefinition-Stay.html","title":"Stay","generation":"generated"},{"sourceUrl":"StructureDefinition-cure-cycle-number.html","name":"StructureDefinition-cure-cycle-number.html","title":"Cure cycle number","generation":"generated"},{"sourceUrl":"StructureDefinition-day-number.html","name":"StructureDefinition-day-number.html","title":"Day number","generation":"generated"},{"sourceUrl":"ValueSet-vsLOINC.html","name":"ValueSet-vsLOINC.html","title":"Codes LOINC","generation":"generated"},{"sourceUrl":"ValueSet-vsCommunicationModes.html","name":"ValueSet-vsCommunicationModes.html","title":"Communication modes","generation":"generated"},{"sourceUrl":"ValueSet-vsMedicalUnits.html","name":"ValueSet-vsMedicalUnits.html","title":"Medical units","generation":"generated"},{"sourceUrl":"ValueSet-vsMedications.html","name":"ValueSet-vsMedications.html","title":"Medications","generation":"generated"},{"sourceUrl":"ValueSet-vsPrescriptionStatus.html","name":"ValueSet-vsPrescriptionStatus.html","title":"Prescription status","generation":"generated"},{"sourceUrl":"ValueSet-vsSCT.html","name":"ValueSet-vsSCT.html","title":"SNOMED CT codes","generation":"generated"},{"sourceUrl":"ValueSet-vsMedicationTypes.html","name":"ValueSet-vsMedicationTypes.html","title":"Types of medication","generation":"generated"},{"sourceUrl":"CodeSystem-CSCommunicationModes.html","name":"CodeSystem-CSCommunicationModes.html","title":"Communication modes","generation":"generated"},{"sourceUrl":"CodeSystem-CSLOINC.html","name":"CodeSystem-CSLOINC.html","title":"LOINC codes","generation":"generated"},{"sourceUrl":"CodeSystem-CSMedicalUnits.html","name":"CodeSystem-CSMedicalUnits.html","title":"Medical units","generation":"generated"},{"sourceUrl":"CodeSystem-CSMedicationTypes.html","name":"CodeSystem-CSMedicationTypes.html","title":"Medication types","generation":"generated"},{"sourceUrl":"CodeSystem-CSMedications.html","name":"CodeSystem-CSMedications.html","title":"Medications","generation":"generated"},{"sourceUrl":"CodeSystem-CSPrescriptionStatus.html","name":"CodeSystem-CSPrescriptionStatus.html","title":"Prescription status","generation":"generated"},{"sourceUrl":"CodeSystem-CSSCT.html","name":"CodeSystem-CSSCT.html","title":"SNOMED CT Codes","generation":"generated"},{"sourceUrl":"Location-exampleAccomodationUnit.html","name":"Location-exampleAccomodationUnit.html","title":"exampleAccomodationUnit","generation":"generated"},{"sourceUrl":"Observation-exampleAdditionalInformationHeight.html","name":"Observation-exampleAdditionalInformationHeight.html","title":"exampleAdditionalInformationHeight","generation":"generated"},{"sourceUrl":"Observation-exampleAdditionalInformationWeight.html","name":"Observation-exampleAdditionalInformationWeight.html","title":"exampleAdditionalInformationWeight","generation":"generated"},{"sourceUrl":"MedicationAdministration-exampleAdministrationReportBACTRIMFORTE.html","name":"MedicationAdministration-exampleAdministrationReportBACTRIMFORTE.html","title":"exampleAdministrationReportBACTRIMFORTE","generation":"generated"},{"sourceUrl":"DeviceDefinition-exampleAssociatedDeviceNEBUL.html","name":"DeviceDefinition-exampleAssociatedDeviceNEBUL.html","title":"exampleAssociatedDeviceNEBUL","generation":"generated"},{"sourceUrl":"Organization-exampleMedicalLiabilityUnit.html","name":"Organization-exampleMedicalLiabilityUnit.html","title":"exampleMedicalLiabilityUnit","generation":"generated"},{"sourceUrl":"Medication-exampleOncologyMedicationBACTRIMFORTE.html","name":"Medication-exampleOncologyMedicationBACTRIMFORTE.html","title":"exampleOncologyMedicationBACTRIMFORTE","generation":"generated"},{"sourceUrl":"Medication-exampleOncologyMedicationDOLIPRANE.html","name":"Medication-exampleOncologyMedicationDOLIPRANE.html","title":"exampleOncologyMedicationDOLIPRANE","generation":"generated"},{"sourceUrl":"Medication-exampleOncologyMedicationOXALIPLATINE200mg.html","name":"Medication-exampleOncologyMedicationOXALIPLATINE200mg.html","title":"exampleOncologyMedicationOXALIPLATINE200mg","generation":"generated"},{"sourceUrl":"Medication-exampleOncologyMedicationOXYCODONELP10MGVIATRIS.html","name":"Medication-exampleOncologyMedicationOXYCODONELP10MGVIATRIS.html","title":"exampleOncologyMedicationOXYCODONELP10MGVIATRIS","generation":"generated"},{"sourceUrl":"Medication-exampleOncologyMedicationPENTACARINAT300MG.html","name":"Medication-exampleOncologyMedicationPENTACARINAT300MG.html","title":"exampleOncologyMedicationPENTACARINAT300MG","generation":"generated"},{"sourceUrl":"Medication-exampleOncologyMedicationPROFENID50MG.html","name":"Medication-exampleOncologyMedicationPROFENID50MG.html","title":"exampleOncologyMedicationPROFENID50MG","generation":"generated"},{"sourceUrl":"Medication-exampleOncologyMedicationVITB12.html","name":"Medication-exampleOncologyMedicationVITB12.html","title":"exampleOncologyMedicationVITB12","generation":"generated"},{"sourceUrl":"Patient-exampleOncologyPatient.html","name":"Patient-exampleOncologyPatient.html","title":"exampleOncologyPatient","generation":"generated"},{"sourceUrl":"Practitioner-exampleOncologyPractitioner.html","name":"Practitioner-exampleOncologyPractitioner.html","title":"exampleOncologyPractitioner","generation":"generated"},{"sourceUrl":"CarePlan-examplePrescription.html","name":"CarePlan-examplePrescription.html","title":"examplePrescription","generation":"generated"},{"sourceUrl":"MedicationRequest-examplePrescriptionItemBACTRIMFORTE.html","name":"MedicationRequest-examplePrescriptionItemBACTRIMFORTE.html","title":"examplePrescriptionItemBACTRIMFORTE","generation":"generated"},{"sourceUrl":"MedicationRequest-examplePrescriptionItemDOLIPRANE.html","name":"MedicationRequest-examplePrescriptionItemDOLIPRANE.html","title":"examplePrescriptionItemDOLIPRANE","generation":"generated"},{"sourceUrl":"MedicationRequest-examplePrescriptionItemOXALIPLATINE200mg.html","name":"MedicationRequest-examplePrescriptionItemOXALIPLATINE200mg.html","title":"examplePrescriptionItemOXALIPLATINE200mg","generation":"generated"},{"sourceUrl":"MedicationRequest-examplePrescriptionItemOXYCODONELP10MGVIATRIS.html","name":"MedicationRequest-examplePrescriptionItemOXYCODONELP10MGVIATRIS.html","title":"examplePrescriptionItemOXYCODONELP10MGVIATRIS","generation":"generated"},{"sourceUrl":"MedicationRequest-examplePrescriptionItemPENTACARINAT300MG.html","name":"MedicationRequest-examplePrescriptionItemPENTACARINAT300MG.html","title":"examplePrescriptionItemPENTACARINAT300MG","generation":"generated"},{"sourceUrl":"MedicationRequest-examplePrescriptionItemPROFENID50MG.html","name":"MedicationRequest-examplePrescriptionItemPROFENID50MG.html","title":"examplePrescriptionItemPROFENID50MG","generation":"generated"},{"sourceUrl":"MedicationRequest-examplePrescriptionItemVITB12.html","name":"MedicationRequest-examplePrescriptionItemVITB12.html","title":"examplePrescriptionItemVITB12","generation":"generated"},{"sourceUrl":"Encounter-exampleStay.html","name":"Encounter-exampleStay.html","title":"exampleStay","generation":"generated"},{"sourceUrl":"PlanDefinition-exampleProtocol.html","name":"PlanDefinition-exampleProtocol.html","title":"Protocol - FOLFOX 4","generation":"generated"}]}]},"parameter":[{"code":{"system":"http://hl7.org/fhir/tools/CodeSystem/ig-parameters","code":"copyrightyear"},"value":"2023+"},{"code":{"system":"http://hl7.org/fhir/tools/CodeSystem/ig-parameters","code":"releaselabel"},"value":"ci-build"},{"code":{"system":"http://hl7.org/fhir/tools/CodeSystem/ig-parameters","code":"autoload-resources"},"value":"true"},{"code":{"system":"http://hl7.org/fhir/guide-parameter-code","code":"path-resource"},"value":"input/capabilities"},{"code":{"system":"http://hl7.org/fhir/guide-parameter-code","code":"path-resource"},"value":"input/examples"},{"code":{"system":"http://hl7.org/fhir/guide-parameter-code","code":"path-resource"},"value":"input/extensions"},{"code":{"system":"http://hl7.org/fhir/guide-parameter-code","code":"path-resource"},"value":"input/models"},{"code":{"system":"http://hl7.org/fhir/guide-parameter-code","code":"path-resource"},"value":"input/operations"},{"code":{"system":"http://hl7.org/fhir/guide-parameter-code","code":"path-resource"},"value":"input/profiles"},{"code":{"system":"http://hl7.org/fhir/guide-parameter-code","code":"path-resource"},"value":"input/resources"},{"code":{"system":"http://hl7.org/fhir/guide-parameter-code","code":"path-resource"},"value":"input/vocabulary"},{"code":{"system":"http://hl7.org/fhir/guide-parameter-code","code":"path-resource"},"value":"input/maps"},{"code":{"system":"http://hl7.org/fhir/guide-parameter-code","code":"path-resource"},"value":"input/testing"},{"code":{"system":"http://hl7.org/fhir/guide-parameter-code","code":"path-resource"},"value":"input/history"},{"code":{"system":"http://hl7.org/fhir/guide-parameter-code","code":"path-resource"},"value":"fsh-generated/resources"},{"code":{"system":"http://hl7.org/fhir/guide-parameter-code","code":"path-pages"},"value":"template/config"},{"code":{"system":"http://hl7.org/fhir/guide-parameter-code","code":"path-pages"},"value":"input/images"},{"code":{"system":"http://hl7.org/fhir/tools/CodeSystem/ig-parameters","code":"path-liquid"},"value":"template/liquid"},{"code":{"system":"http://hl7.org/fhir/tools/CodeSystem/ig-parameters","code":"path-liquid"},"value":"input/liquid"},{"code":{"system":"http://hl7.org/fhir/tools/CodeSystem/ig-parameters","code":"path-qa"},"value":"temp/qa"},{"code":{"system":"http://hl7.org/fhir/tools/CodeSystem/ig-parameters","code":"path-temp"},"value":"temp/pages"},{"code":{"system":"http://hl7.org/fhir/tools/CodeSystem/ig-parameters","code":"path-output"},"value":"output"},{"code":{"system":"http://hl7.org/fhir/guide-parameter-code","code":"path-tx-cache"},"value":"input-cache/txcache"},{"code":{"system":"http://hl7.org/fhir/tools/CodeSystem/ig-parameters","code":"path-suppressed-warnings"},"value":"input/ignoreWarnings.txt"},{"code":{"system":"http://hl7.org/fhir/tools/CodeSystem/ig-parameters","code":"path-history"},"value":"http://ltsi.univ-rennes.fr/history.html"},{"code":{"system":"http://hl7.org/fhir/tools/CodeSystem/ig-parameters","code":"template-html"},"value":"template-page.html"},{"code":{"system":"http://hl7.org/fhir/tools/CodeSystem/ig-parameters","code":"template-md"},"value":"template-page-md.html"},{"code":{"system":"http://hl7.org/fhir/tools/CodeSystem/ig-parameters","code":"apply-contact"},"value":"true"},{"code":{"system":"http://hl7.org/fhir/tools/CodeSystem/ig-parameters","code":"apply-context"},"value":"true"},{"code":{"system":"http://hl7.org/fhir/tools/CodeSystem/ig-parameters","code":"apply-copyright"},"value":"true"},{"code":{"system":"http://hl7.org/fhir/tools/CodeSystem/ig-parameters","code":"apply-jurisdiction"},"value":"true"},{"code":{"system":"http://hl7.org/fhir/tools/CodeSystem/ig-parameters","code":"apply-license"},"value":"true"},{"code":{"system":"http://hl7.org/fhir/tools/CodeSystem/ig-parameters","code":"apply-publisher"},"value":"true"},{"code":{"system":"http://hl7.org/fhir/tools/CodeSystem/ig-parameters","code":"apply-version"},"value":"true"},{"code":{"system":"http://hl7.org/fhir/tools/CodeSystem/ig-parameters","code":"apply-wg"},"value":"true"},{"code":{"system":"http://hl7.org/fhir/tools/CodeSystem/ig-parameters","code":"active-tables"},"value":"true"},{"code":{"system":"http://hl7.org/fhir/tools/CodeSystem/ig-parameters","code":"fmm-definition"},"value":"http://hl7.org/fhir/versions.html#maturity"},{"code":{"system":"http://hl7.org/fhir/tools/CodeSystem/ig-parameters","code":"propagate-status"},"value":"true"},{"code":{"system":"http://hl7.org/fhir/tools/CodeSystem/ig-parameters","code":"excludelogbinaryformat"},"value":"true"},{"code":{"system":"http://hl7.org/fhir/tools/CodeSystem/ig-parameters","code":"tabbed-snapshots"},"value":"true"}]}}