{"resourceType":"ValueSet","id":"vsMedications","text":{"status":"generated","div":"<div xmlns=\"http://www.w3.org/1999/xhtml\"><ul><li>Include all codes defined in <a href=\"CodeSystem-CSMedications.html\"><code>http://ltsi.univ-rennes.fr/CodeSystem/CSMedications</code></a></li></ul></div>"},"url":"http://ltsi.univ-rennes.fr/ValueSet/vsMedications","version":"0.1.0","name":"VSMedications","title":"Medications","status":"draft","experimental":true,"date":"2024-03-22T08:30:13+00:00","publisher":"DOMASIA team of the Signal and Image Processing Laboratory (LTSI)","contact":[{"name":"DOMASIA team of the Signal and Image Processing Laboratory (LTSI)","telecom":[{"system":"url","value":"https://ltsi.univ-rennes.fr"}]}],"description":"ValueSet for medications.","compose":{"include":[{"system":"http://ltsi.univ-rennes.fr/CodeSystem/CSMedications"}]}}