URL,Version,Status,OIDs,Name,Title,Descriptino,Used
http://ltsi.univ-rennes.fr/CodeSystem/CSEventTypeData,0.1.0,draft,,CSEventTypeData,Event Types,"CodeSystem for various event types used in French healthcare systems, identified by number, abbreviation, and full name.","ValueSet/VSEventTypeData"
http://ltsi.univ-rennes.fr/CodeSystem/CSMedicationItemProvenance,0.1.0,draft,,CSMedicationItemProvenance,Medication item provenance,"CodeSystem for french medication item provenance.","ValueSet/vsMedicationItemProvenance"
http://ltsi.univ-rennes.fr/CodeSystem/CSMedicationStatus,0.1.0,draft,,CSMedicationStatus,Medication status,"CodeSystem for french medication status.","ValueSet/vsMedicationStatus"
http://ltsi.univ-rennes.fr/CodeSystem/CSMedicationTypes,0.1.0,draft,,CSMedicationTypes,Medication types,"CodeSystem for french medication types.","ValueSet/vsMedicationTypes"
http://ltsi.univ-rennes.fr/CodeSystem/concept-medication-oncofair-codesystem,0.1.0,draft,,ConceptMedicationOncoFAIRCodeSystem,Concepts Medication Code System,"Code system pour différiencier les niveaux de MR/MA","ValueSet/concept-medication-oncofair-valueset"
http://ltsi.univ-rennes.fr/CodeSystem/medical-units-oncofair-codesystem,0.1.0,draft,,MedicalUnitsOncoFAIRCodeSystem,Medical units,"CodeSystem for french medical units (accommodation, medical liability unit).","ValueSet/medical-units-oncofair-valueset"
http://ltsi.univ-rennes.fr/CodeSystem/medication-lti-exemption,0.1.0,draft,,CSMedicationLTIExemption,LTI Detailed Descriptions,"Detailed list of long-term illness (LTI).","ValueSet/vsMedicationLTIExemption"
http://ltsi.univ-rennes.fr/CodeSystem/medications-oncofair-codesystem,0.1.0,draft,,MedicationsOncoFAIRCodeSystem,Medications,"CodeSystem for french medications.","ValueSet/medications-oncofair-valueset"
http://ltsi.univ-rennes.fr/CodeSystem/siph-gonogo-oncofair-codesystem,0.1.0,draft,,SIPhgoNogoOncoFAIRCodeSystem,goNogo Code System,"Code system pour l'attribut goNogo","ValueSet/siph-gonogo-oncofair-valueset"
http://ltsi.univ-rennes.fr/CodeSystem/siph-listeald-oncofair-codesystem,0.1.0,draft,,SIPhListeALDOncoFAIRCodeSystem,Liste ALD Code System,"Code system pour l'attribut ListeALD","ValueSet/siph-listeald-oncofair-valueset"
http://ltsi.univ-rennes.fr/CodeSystem/siph-natureproppharm-oncofair-codesystem,0.1.0,draft,,SIPhNaturePropPharmOncoFAIRCodeSystem,Nature proposition pharmaceutique Code System,"Code system pour l'attribut NaturePropPharm","ValueSet/siph-natureproppharm-oncofair-valueset"
http://ltsi.univ-rennes.fr/CodeSystem/siph-paramposoconditionnelle-oncofair-codesystem,0.1.0,draft,,SIPhParamPosoConditionnelleOncoFAIRCodeSystem,Paremètres posologie conditionnelle Code System,"Code system pour l'attribut ParamPosoConditionnelle","ValueSet/siph-paramposoconditionnelle-oncofair-valueset"
http://ltsi.univ-rennes.fr/CodeSystem/siph-renscomplement-oncofair-codesystem,0.1.0,draft,,SIPhRensComplementOncoFAIRCodeSystem,Renseignement complémentaire Code System,"Code system pour l'attribut RensComplement","ValueSet/siph-renscomplement-oncofair-valueset"
http://ltsi.univ-rennes.fr/CodeSystem/siph-statutcomposantadm-oncofair-codesystem,0.1.0,draft,,SIPhStatutComposantAdmOncoFAIRCodeSystem,Statut composant administré Code System,"Code system pour l'attribut StatutComposantAdm","ValueSet/siph-statutcomposantadm-oncofair-valueset"
http://ltsi.univ-rennes.fr/CodeSystem/siph-statutvalidpharm-oncofair-codesystem,0.1.0,draft,,SIPhStatutValidPharmOncoFAIRCodeSystem,Statut validation pharmaceutique Code System,"Code system pour l'attribut StatutValidPharm","ValueSet/siph-statutvalidpharm-oncofair-valueset"
http://ltsi.univ-rennes.fr/CodeSystem/siph-type-liaison-oncofair-codesystem,0.1.0,draft,,SIPhTypeLiaisonOncoFAIRCodeSystem,Type de liaison Code System,"Code system pour l'attribut TypeLiaison","ValueSet/siph-type-liasion-oncofair-valueset"
http://ltsi.univ-rennes.fr/CodeSystem/siph-typecomposant-oncofair-codesystem,0.1.0,draft,,SIPhTypeComposantOncoFAIRCodeSystem,Type de composant Code System,"Code system pour l'attribut TypeComposant","ValueSet/siph-typecomposant-oncofair-valueset"
http://ltsi.univ-rennes.fr/CodeSystem/siph-typeeltpla-oncofair-codesystem,0.1.0,draft,,SIPhTypeEltPLAOncoFAIRCodeSystem,Type de l'élément d'administration Code System,"Code system pour l'attribut TypeEltPLA","ValueSet/siph-typeeltpla-oncofair-valueset"
http://ltsi.univ-rennes.fr/CodeSystem/siph-typeevenement-oncofair-codesystem,0.1.0,draft,,SIPhTypeEvenementOncoFAIRCodeSystem,Type évènement Code System,"Code system pour l'attribut TypeEvenement","ValueSet/siph-typeevenement-oncofair-valueset"
http://terminology.hl7.org/CodeSystem/icd-o-3,2.0.1,active,"2.16.840.1.113883.6.43.1",IcdO3,International Classification of Diseases for Oncology, version 3.,"International Classification of Diseases for Oncology, version 3. For more information see http://www.who.int/classifications/icd/adaptations/oncology/en/.","ValueSet/Topography,ValueSet/Morphology"
http://terminology.hl7.org/CodeSystem/umls,2.0.1,retired,"2.16.840.1.113883.6.86",Umls,Unified Medical Language System,"UMLS codes as CUIs making up the values in a coding system. More information may be found at http://www.nlm.nih.gov/research/umls/","ValueSet/TumorPathologyEventType,ValueSet/Laterality,ValueSet/TreatmentType"
http://terminology.hl7.org/CodeSystem/v3-Race,4.0.0,active,"2.16.840.1.113883.5.104",Race,Race,"**Deprecation Information:** Deprecated per UP-263. This code system is NOT the acknowledged source of truth for Race concepts and codes. It should no longer be used. https://terminology.hl7.org/CodeSystem-CDCREC.html should be used in its place. In the United States, federal standards for classifying data on race determine the categories used by federal agencies and exert a strong influence on categorization by state and local agencies and private sector organizations. The federal standards do not conceptually define race, and they recognize the absence of an anthropological or scientific basis for racial classification. Instead, the federal standards acknowledge that race is a social-political construct in which an individual's own identification with one more race categories is preferred to observer identification. The standards use a variety of features to define five minimum race categories. Among these features are descent from ""the original peoples"" of a specified region or nation. The minimum race categories are American Indian or Alaska Native, Asian, Black or African American, Native Hawaiian or Other Pacific Islander, and White. The federal standards stipulate that race data need not be limited to the five minimum categories, but any expansion must be collapsible to those categories.","ValueSet/v3-Race"
