{"resourceType":"CodeSystem","id":"medications-oncofair-codesystem","text":{"status":"generated","div":"<div xmlns=\"http://www.w3.org/1999/xhtml\"><p>This case-sensitive code system <code>http://ltsi.univ-rennes.fr/CodeSystem/medications-oncofair-codesystem</code> defines the following codes:</p><table class=\"codes\"><tr><td style=\"white-space:nowrap\"><b>Code</b></td><td><b>Display</b></td></tr><tr><td style=\"white-space:nowrap\">9365536<a name=\"medications-oncofair-codesystem-9365536\"> </a></td><td>OXALIPLATINE 200 mg</td></tr><tr><td style=\"white-space:nowrap\">9334872<a name=\"medications-oncofair-codesystem-9334872\"> </a></td><td>5-FLUOROURACILE 5 g</td></tr><tr><td style=\"white-space:nowrap\">9314929<a name=\"medications-oncofair-codesystem-9314929\"> </a></td><td>LEVOFOLINATE DE CALCIUM</td></tr><tr><td style=\"white-space:nowrap\">9296278<a name=\"medications-oncofair-codesystem-9296278\"> </a></td><td>ONDANSETRON</td></tr><tr><td style=\"white-space:nowrap\">5<a name=\"medications-oncofair-codesystem-5\"> </a></td><td>METHYLPREDNISOLONE</td></tr><tr><td style=\"white-space:nowrap\">9279854<a name=\"medications-oncofair-codesystem-9279854\"> </a></td><td>G5% 100ML POCHE</td></tr><tr><td style=\"white-space:nowrap\">9403863<a name=\"medications-oncofair-codesystem-9403863\"> </a></td><td>OXYCODONE LP 10 MG VIATRIS, CPR À LIBÉRATION PROLONGÉE</td></tr><tr><td style=\"white-space:nowrap\">9009043<a name=\"medications-oncofair-codesystem-9009043\"> </a></td><td>BACTRIM FORTE 800MG/160MG CPR</td></tr><tr><td style=\"white-space:nowrap\">9137249<a name=\"medications-oncofair-codesystem-9137249\"> </a></td><td>PENTACARINAT 300MG PDR INJ</td></tr></table></div>"},"url":"http://ltsi.univ-rennes.fr/CodeSystem/medications-oncofair-codesystem","version":"0.1.0","name":"MedicationsOncoFAIRCodeSystem","title":"Medications","status":"draft","experimental":true,"date":"2024-06-21T13:36:06+00:00","publisher":"DOMASIA team of the Signal and Image Processing Laboratory (LTSI) and KEREVAL","contact":[{"name":"DOMASIA team of the Signal and Image Processing Laboratory (LTSI) and KEREVAL","telecom":[{"system":"url","value":"https://ltsi.univ-rennes.fr"}]}],"description":"CodeSystem for french medications.","caseSensitive":true,"content":"complete","count":9,"concept":[{"code":"9365536","display":"OXALIPLATINE 200 mg"},{"code":"9334872","display":"5-FLUOROURACILE 5 g"},{"code":"9314929","display":"LEVOFOLINATE DE CALCIUM"},{"code":"9296278","display":"ONDANSETRON"},{"code":"5","display":"METHYLPREDNISOLONE"},{"code":"9279854","display":"G5% 100ML POCHE"},{"code":"9403863","display":"OXYCODONE LP 10 MG VIATRIS, CPR À LIBÉRATION PROLONGÉE"},{"code":"9009043","display":"BACTRIM FORTE 800MG/160MG CPR"},{"code":"9137249","display":"PENTACARINAT 300MG PDR INJ"}]}