{"resourceType":"CodeSystem","id":"siph-statutcomposantadm-oncofair-codesystem","text":{"status":"generated","div":"<div xmlns=\"http://www.w3.org/1999/xhtml\"><p>This case-sensitive code system <code>http://ltsi.univ-rennes.fr/CodeSystem/siph-statutcomposantadm-oncofair-codesystem</code> defines the following codes:</p><table class=\"codes\"><tr><td style=\"white-space:nowrap\"><b>Code</b></td><td><b>Display</b></td></tr><tr><td style=\"white-space:nowrap\">AF<a name=\"siph-statutcomposantadm-oncofair-codesystem-AF\"> </a></td><td>à faire</td></tr><tr><td style=\"white-space:nowrap\">FA<a name=\"siph-statutcomposantadm-oncofair-codesystem-FA\"> </a></td><td>fait</td></tr><tr><td style=\"white-space:nowrap\">AN<a name=\"siph-statutcomposantadm-oncofair-codesystem-AN\"> </a></td><td>annulé</td></tr><tr><td style=\"white-space:nowrap\">PE<a name=\"siph-statutcomposantadm-oncofair-codesystem-PE\"> </a></td><td>perdu</td></tr><tr><td style=\"white-space:nowrap\">DE<a name=\"siph-statutcomposantadm-oncofair-codesystem-DE\"> </a></td><td>démarré</td></tr><tr><td style=\"white-space:nowrap\">FI<a name=\"siph-statutcomposantadm-oncofair-codesystem-FI\"> </a></td><td>fini</td></tr><tr><td style=\"white-space:nowrap\">AR<a name=\"siph-statutcomposantadm-oncofair-codesystem-AR\"> </a></td><td>arrêté</td></tr><tr><td style=\"white-space:nowrap\">SS<a name=\"siph-statutcomposantadm-oncofair-codesystem-SS\"> </a></td><td>suspendu</td></tr><tr><td style=\"white-space:nowrap\">SU<a name=\"siph-statutcomposantadm-oncofair-codesystem-SU\"> </a></td><td>suivi</td></tr><tr><td style=\"white-space:nowrap\">RD<a name=\"siph-statutcomposantadm-oncofair-codesystem-RD\"> </a></td><td>redémarré</td></tr></table></div>"},"url":"http://ltsi.univ-rennes.fr/CodeSystem/siph-statutcomposantadm-oncofair-codesystem","version":"0.1.0","name":"SIPhStatutComposantAdmOncoFAIRCodeSystem","title":"Statut composant administré Code System","status":"draft","experimental":true,"date":"2024-06-14T09:45:22+00:00","publisher":"DOMASIA team of the Signal and Image Processing Laboratory (LTSI) and KEREVAL","contact":[{"name":"DOMASIA team of the Signal and Image Processing Laboratory (LTSI) and KEREVAL","telecom":[{"system":"url","value":"https://ltsi.univ-rennes.fr"}]}],"description":"Code system pour l'attribut StatutComposantAdm","caseSensitive":true,"content":"complete","count":10,"concept":[{"code":"AF","display":"à faire"},{"code":"FA","display":"fait"},{"code":"AN","display":"annulé"},{"code":"PE","display":"perdu"},{"code":"DE","display":"démarré"},{"code":"FI","display":"fini"},{"code":"AR","display":"arrêté"},{"code":"SS","display":"suspendu"},{"code":"SU","display":"suivi"},{"code":"RD","display":"redémarré"}]}