{"resourceType":"CodeSystem","id":"CSCommunicationModes","text":{"status":"generated","div":"<div xmlns=\"http://www.w3.org/1999/xhtml\"><p>This case-sensitive code system <code>http://ltsi.univ-rennes.fr/CodeSystem/CSCommunicationModes</code> defines the following codes:</p><table class=\"codes\"><tr><td style=\"white-space:nowrap\"><b>Code</b></td><td><b>Display</b></td></tr><tr><td style=\"white-space:nowrap\">I<a name=\"CSCommunicationModes-I\"> </a></td><td>Incremental</td></tr><tr><td style=\"white-space:nowrap\">S<a name=\"CSCommunicationModes-S\"> </a></td><td>Summary</td></tr></table></div>"},"url":"http://ltsi.univ-rennes.fr/CodeSystem/CSCommunicationModes","version":"0.1.0","name":"CSCommunicationModes","title":"Communication modes","status":"draft","experimental":true,"date":"2024-05-22T08:18:01+00:00","publisher":"DOMASIA team of the Signal and Image Processing Laboratory (LTSI) and KEREVAL","contact":[{"name":"DOMASIA team of the Signal and Image Processing Laboratory (LTSI) and KEREVAL","telecom":[{"system":"url","value":"https://ltsi.univ-rennes.fr"}]}],"description":"CodeSystem for french communication modes (incremental, summary).","caseSensitive":true,"content":"complete","count":2,"concept":[{"code":"I","display":"Incremental"},{"code":"S","display":"Summary"}]}