{"resourceType":"CodeSystem","id":"siph-typeeltpla-oncofair-codesystem","text":{"status":"generated","div":"<div xmlns=\"http://www.w3.org/1999/xhtml\"><p>This case-sensitive code system <code>http://ltsi.univ-rennes.fr/CodeSystem/siph-typeeltpla-oncofair-codesystem</code> defines the following codes:</p><table class=\"codes\"><tr><td style=\"white-space:nowrap\"><b>Code</b></td><td><b>Display</b></td></tr><tr><td style=\"white-space:nowrap\">MED<a name=\"siph-typeeltpla-oncofair-codesystem-MED\"> </a></td><td>Médicament</td></tr><tr><td style=\"white-space:nowrap\">ID<a name=\"siph-typeeltpla-oncofair-codesystem-ID\"> </a></td><td>Injection directe</td></tr><tr><td style=\"white-space:nowrap\">PERF<a name=\"siph-typeeltpla-oncofair-codesystem-PERF\"> </a></td><td>Perfusion</td></tr><tr><td style=\"white-space:nowrap\">PSE<a name=\"siph-typeeltpla-oncofair-codesystem-PSE\"> </a></td><td>Pousse-seringue électrique</td></tr><tr><td style=\"white-space:nowrap\">PCA<a name=\"siph-typeeltpla-oncofair-codesystem-PCA\"> </a></td><td>Patient Controled Analgesiae</td></tr><tr><td style=\"white-space:nowrap\">GAZ<a name=\"siph-typeeltpla-oncofair-codesystem-GAZ\"> </a></td><td>Gaz médical</td></tr><tr><td style=\"white-space:nowrap\">AER<a name=\"siph-typeeltpla-oncofair-codesystem-AER\"> </a></td><td>Aérosol</td></tr><tr><td style=\"white-space:nowrap\">PATCH<a name=\"siph-typeeltpla-oncofair-codesystem-PATCH\"> </a></td><td>Patch</td></tr><tr><td style=\"white-space:nowrap\">NE<a name=\"siph-typeeltpla-oncofair-codesystem-NE\"> </a></td><td>Nutrition entérale</td></tr></table></div>"},"url":"http://ltsi.univ-rennes.fr/CodeSystem/siph-typeeltpla-oncofair-codesystem","version":"0.1.0","name":"SIPhTypeEltPLAOncoFAIRCodeSystem","title":"Type de l'élément d'administration Code System","status":"draft","experimental":true,"date":"2024-06-14T09:45:22+00:00","publisher":"DOMASIA team of the Signal and Image Processing Laboratory (LTSI) and KEREVAL","contact":[{"name":"DOMASIA team of the Signal and Image Processing Laboratory (LTSI) and KEREVAL","telecom":[{"system":"url","value":"https://ltsi.univ-rennes.fr"}]}],"description":"Code system pour l'attribut TypeEltPLA","caseSensitive":true,"content":"complete","count":9,"concept":[{"code":"MED","display":"Médicament"},{"code":"ID","display":"Injection directe"},{"code":"PERF","display":"Perfusion"},{"code":"PSE","display":"Pousse-seringue électrique"},{"code":"PCA","display":"Patient Controled Analgesiae"},{"code":"GAZ","display":"Gaz médical"},{"code":"AER","display":"Aérosol"},{"code":"PATCH","display":"Patch"},{"code":"NE","display":"Nutrition entérale"}]}