{"resourceType":"ImplementationGuide","id":"ltsi.fhir.oncofair","text":{"status":"extensions","div":"<div xmlns=\"http://www.w3.org/1999/xhtml\"><h2>OncoFAIR</h2><p>The official URL for this implementation guide is: </p><pre>http://ltsi.univ-rennes.fr/ImplementationGuide/ltsi.fhir.oncofair</pre><div><p>The OncoFAIR implementation guide reports on the implementation of prescribing and medication administration in oncology.</p>\n</div></div>"},"url":"http://ltsi.univ-rennes.fr/ImplementationGuide/ltsi.fhir.oncofair","version":"0.1.0","name":"OncoFAIR","title":"OncoFAIR","status":"draft","date":"2024-06-17T15:49:27+00:00","publisher":"DOMASIA team of the Signal and Image Processing Laboratory (LTSI) and KEREVAL","contact":[{"name":"DOMASIA team of the Signal and Image Processing Laboratory (LTSI) and KEREVAL","telecom":[{"system":"url","value":"https://ltsi.univ-rennes.fr"}]}],"description":"The OncoFAIR implementation guide reports on the implementation of prescribing and medication administration in oncology.","packageId":"ltsi.fhir.oncofair","license":"CC0-1.0","fhirVersion":["5.0.0"],"dependsOn":[{"id":"hl7tx","extension":[{"url":"http://hl7.org/fhir/tools/StructureDefinition/implementationguide-dependency-comment","valueMarkdown":"Automatically added as a dependency - all IGs depend on HL7 Terminology"}],"uri":"http://terminology.hl7.org/ImplementationGuide/hl7.terminology","packageId":"hl7.terminology.r5","version":"5.5.0"},{"id":"hl7ext","extension":[{"url":"http://hl7.org/fhir/tools/StructureDefinition/implementationguide-dependency-comment","valueMarkdown":"Automatically added as a dependency - all IGs depend on the HL7 Extension Pack"}],"uri":"http://hl7.org/fhir/extensions/ImplementationGuide/hl7.fhir.uv.extensions","packageId":"hl7.fhir.uv.extensions.r5","version":"5.1.0"}],"definition":{"extension":[{"url":"http://hl7.org/fhir/tools/StructureDefinition/ig-internal-dependency","valueCode":"hl7.fhir.uv.tools#0.1.0"}],"grouping":[{"id":"-str-profile","name":"Structures: Resource Profiles","description":"These define constraints on FHIR resources for systems conforming to this implementation guide."},{"id":"-str-extension","name":"Structures: Extension Definitions","description":"These define constraints on FHIR data types for systems conforming to this implementation guide."},{"id":"-term-valueset","name":"Terminology: Value Sets","description":"These define sets of codes used by systems conforming to this implementation guide."},{"id":"-term-codesystem","name":"Terminology: Code Systems","description":"These define new code systems used by systems conforming to this implementation guide."},{"id":"-ex-example","name":"Example: Example Instances","description":"These are example instances that show what data produced and consumed by systems conforming with this implementation guide might look like."}],"resource":[{"extension":[{"url":"http://hl7.org/fhir/tools/StructureDefinition/resource-sort","valueInteger":999999999},{"url":"http://hl7.org/fhir/StructureDefinition/implementationguide-page","valueUri":"StructureDefinition-oncofair-careplan.html"}],"reference":{"reference":"StructureDefinition/oncofair-careplan"},"name":"OncoFAIR CarePlan","description":"This object describes the chaining of prescription elements attached to the prescribed protocol. Its structure enables the chaining of nested sub-protocols. \r\n\nCet objet décrit le chaînage des éléments de prescription rattachés au protocole prescrit. Sa structure permet le chaînage de sous-protocoles imbriqués.","isExample":false,"groupingId":"-str-profile"},{"extension":[{"url":"http://hl7.org/fhir/tools/StructureDefinition/resource-sort","valueInteger":999999999},{"url":"http://hl7.org/fhir/StructureDefinition/implementationguide-page","valueUri":"StructureDefinition-oncofair-encounter.html"}],"reference":{"reference":"StructureDefinition/oncofair-encounter"},"name":"OncoFAIR Encounter","description":"Must be taken in the generic sense, i.e. it goes beyond hospital admissions, outpatient consultations, dialysis sessions, day hospitals, etc. \r\n\nDoit être pris au sens générique, c’est-à-dire que cela dépasse les hospitalisations, consultations externes, séances de dialyse, hôpitaux de jour, etc …","isExample":false,"groupingId":"-str-profile"},{"extension":[{"url":"http://hl7.org/fhir/tools/StructureDefinition/resource-sort","valueInteger":999999999},{"url":"http://hl7.org/fhir/StructureDefinition/implementationguide-page","valueUri":"StructureDefinition-oncofair-medication.html"}],"reference":{"reference":"StructureDefinition/oncofair-medication"},"name":"OncoFAIR Medication","isExample":false,"groupingId":"-str-profile"},{"extension":[{"url":"http://hl7.org/fhir/tools/StructureDefinition/resource-sort","valueInteger":999999999},{"url":"http://hl7.org/fhir/StructureDefinition/implementationguide-page","valueUri":"StructureDefinition-oncofair-medicationadministration-component.html"}],"reference":{"reference":"StructureDefinition/oncofair-medicationadministration-component"},"name":"OncoFAIR MedicationAdministration Component","description":"This object corresponds to a product that belongs to the nomenclature of medicines used in the hospital. \r\n\nCet objet correspond à un produit qui appartient à la nomenclature de médicaments utilisée dans l’hôpital.","isExample":false,"groupingId":"-str-profile"},{"extension":[{"url":"http://hl7.org/fhir/tools/StructureDefinition/resource-sort","valueInteger":999999999},{"url":"http://hl7.org/fhir/StructureDefinition/implementationguide-page","valueUri":"StructureDefinition-oncofair-medicationadministration-element.html"}],"reference":{"reference":"StructureDefinition/oncofair-medicationadministration-element"},"name":"OncoFAIR MedicationAdministration Element","description":"Corresponds to the activity induced by a prescription item and its dosage (structured or unstructured), and carried out at a given moment. \r\n\nCorrespond à l’activité induite par un élément de prescription et sa posologie (structurée ou non), et réalisée à un instant donné.","isExample":false,"groupingId":"-str-profile"},{"extension":[{"url":"http://hl7.org/fhir/tools/StructureDefinition/resource-sort","valueInteger":999999999},{"url":"http://hl7.org/fhir/StructureDefinition/implementationguide-page","valueUri":"StructureDefinition-oncofair-medicationadministration-report.html"}],"reference":{"reference":"StructureDefinition/oncofair-medicationadministration-report"},"name":"OncoFAIR MedicationAdministration Report","description":"Regroups all the prescription elements received on which the pharmacist expresses his validation. It also includes items suggested or resulting from a replacement proposed by the pharmacist. \r\n\nRegroupe l’ensemble des éléments de prescription reçus sur lesquels le pharmacien exprime sa validation. S’y ajoutent les éléments suggérés ou issus d’un remplacement proposé par le pharmacien.","isExample":false,"groupingId":"-str-profile"},{"extension":[{"url":"http://hl7.org/fhir/tools/StructureDefinition/resource-sort","valueInteger":999999999},{"url":"http://hl7.org/fhir/StructureDefinition/implementationguide-page","valueUri":"StructureDefinition-oncofair-medicationrequest-component.html"}],"reference":{"reference":"StructureDefinition/oncofair-medicationrequest-component"},"name":"OncoFAIR MedicationRequest Component","description":"Is a product that belongs to the nomenclature of medicines used. It may, for example, be a speciality, a product defined by its common name or a pharmacopoeial product. \r\n\nEst un produit qui appartient à la nomenclature de médicaments utilisée. Il peut s’agir par exemple d’une spécialité, d’un produit défini par sa DC ou d’un produit de la pharmacopée.","isExample":false,"groupingId":"-str-profile"},{"extension":[{"url":"http://hl7.org/fhir/tools/StructureDefinition/resource-sort","valueInteger":999999999},{"url":"http://hl7.org/fhir/StructureDefinition/implementationguide-page","valueUri":"StructureDefinition-oncofair-medicationrequest-element.html"}],"reference":{"reference":"StructureDefinition/oncofair-medicationrequest-element"},"name":"OncoFAIR MedicationRequest Element","description":"Corresponds to a prescription line on a prescription. Each item contains one or more components (in the case of a magistral\npreparation or an infusion). \r\n\nCorrespond à une ligne de prescription d’une ordonnance. Chacune comporte un ou plusieurs composants (lorsqu’il s’agit d’une préparation magistrale ou d’une perfusion).","isExample":false,"groupingId":"-str-profile"},{"extension":[{"url":"http://hl7.org/fhir/tools/StructureDefinition/resource-sort","valueInteger":999999999},{"url":"http://hl7.org/fhir/StructureDefinition/implementationguide-page","valueUri":"StructureDefinition-oncofair-medicationrequest-prescription.html"}],"reference":{"reference":"StructureDefinition/oncofair-medicationrequest-prescription"},"name":"OncoFAIR MedicationRequest Prescription","description":"Groups together all the prescription elements validated simultaneously by the same prescriber. \r\n\nRegroupe l’ensemble des éléments de prescription validés simultanément par un même prescripteur.","isExample":false,"groupingId":"-str-profile"},{"extension":[{"url":"http://hl7.org/fhir/tools/StructureDefinition/resource-sort","valueInteger":999999999},{"url":"http://hl7.org/fhir/StructureDefinition/implementationguide-page","valueUri":"StructureDefinition-oncofair-observation.html"}],"reference":{"reference":"StructureDefinition/oncofair-observation"},"name":"OncoFAIR Observation","description":"Allows you to enter information about the patient in addition to that described in the prescription elements. \r\n\nPermet d’indiquer les informations relatives au patient qui complètent celles décrites par les éléments de prescription","isExample":false,"groupingId":"-str-profile"},{"extension":[{"url":"http://hl7.org/fhir/tools/StructureDefinition/resource-sort","valueInteger":999999999},{"url":"http://hl7.org/fhir/StructureDefinition/implementationguide-page","valueUri":"StructureDefinition-oncofair-patient.html"}],"reference":{"reference":"StructureDefinition/oncofair-patient"},"name":"OncoFAIR Patient","description":"Contains the patient's identity details needed to ensure that the prescription is properly taken into account. \r\n\nContient les informations d’identité du patient nécessaires à la bonne prise en compte de la prescription médicamenteuse.","isExample":false,"groupingId":"-str-profile"},{"extension":[{"url":"http://hl7.org/fhir/tools/StructureDefinition/resource-sort","valueInteger":999999999},{"url":"http://hl7.org/fhir/StructureDefinition/implementationguide-page","valueUri":"StructureDefinition-oncofair-cp-treatment.html"}],"reference":{"reference":"StructureDefinition/oncofair-cp-treatment"},"name":"OncoFAIRCPTreatment","description":"Extension created as part of OncoFAIR grouping together the treatment number, the day number and the reference date and time of the prescribed protocol. \r\n \nExtension créée dans le cadre d'OncoFAIR regroupant le numéro de cure, le numéro de jour ainsi que la date et heure de référence du protocole prescrit.","isExample":false,"groupingId":"-str-extension"},{"extension":[{"url":"http://hl7.org/fhir/tools/StructureDefinition/resource-sort","valueInteger":999999999},{"url":"http://hl7.org/fhir/StructureDefinition/implementationguide-page","valueUri":"StructureDefinition-oncofair-element-form.html"}],"reference":{"reference":"StructureDefinition/oncofair-element-form"},"name":"OncoFAIRElementForm","description":"Extension created as part of OncoFair containing the drug form. \r\n\nExtension créée dans le cadre d'OncoFair contenant la forme du médicament.","isExample":false,"groupingId":"-str-extension"},{"extension":[{"url":"http://hl7.org/fhir/tools/StructureDefinition/resource-sort","valueInteger":999999999},{"url":"http://hl7.org/fhir/StructureDefinition/implementationguide-page","valueUri":"StructureDefinition-oncofair-ma-component-administration-status.html"}],"reference":{"reference":"StructureDefinition/oncofair-ma-component-administration-status"},"name":"OncoFAIRMAComponentAdministrationStatus","description":"Extension created as part of OncoFAIR containing the administration status of the administered component. \r\n\nExtension créée dans le cadre d'OncoFAIR contenant le statut d'administration du composant administré.","isExample":false,"groupingId":"-str-extension"},{"extension":[{"url":"http://hl7.org/fhir/tools/StructureDefinition/resource-sort","valueInteger":999999999},{"url":"http://hl7.org/fhir/StructureDefinition/implementationguide-page","valueUri":"StructureDefinition-oncofair-ma-component-origin.html"}],"reference":{"reference":"StructureDefinition/oncofair-ma-component-origin"},"name":"OncoFAIRMAComponentOrigin","description":"Extension created as part of OncoFAIR containing the origin of the administered component. \r\n\nExtension créée dans le cadre d'OncoFAIR contenant la provenance du composant administré.","isExample":false,"groupingId":"-str-extension"},{"extension":[{"url":"http://hl7.org/fhir/tools/StructureDefinition/resource-sort","valueInteger":999999999},{"url":"http://hl7.org/fhir/StructureDefinition/implementationguide-page","valueUri":"StructureDefinition-oncofair-ma-element-expirationdate.html"}],"reference":{"reference":"StructureDefinition/oncofair-ma-element-expirationdate"},"name":"OncoFAIRMAElementExpirationDate","description":"Extension created as part of OncoFAIR containing the expiry date of the component administered. \r\n\nExtension créée dans le cadre d'OncoFAIR contenant la date de péremption du composant administré.","isExample":false,"groupingId":"-str-extension"},{"extension":[{"url":"http://hl7.org/fhir/tools/StructureDefinition/resource-sort","valueInteger":999999999},{"url":"http://hl7.org/fhir/StructureDefinition/implementationguide-page","valueUri":"StructureDefinition-oncofair-ma-element-plannedperiod.html"}],"reference":{"reference":"StructureDefinition/oncofair-ma-element-plannedperiod"},"name":"OncoFAIRMAElementPlannedPeriod","description":"Extension created as part of OncoFAIR containing the planned start and end date of administration. \r\n\nExtension créée dans le cadre d'OncoFAIR contenant la date de début et de fin prévue de l'administration.","isExample":false,"groupingId":"-str-extension"},{"extension":[{"url":"http://hl7.org/fhir/tools/StructureDefinition/resource-sort","valueInteger":999999999},{"url":"http://hl7.org/fhir/StructureDefinition/implementationguide-page","valueUri":"StructureDefinition-oncofair-ma-element-traceability.html"}],"reference":{"reference":"StructureDefinition/oncofair-ma-element-traceability"},"name":"OncoFAIRMAElementTraceability","description":"Extension created as part of OncoFAIR containing the batch and serial number of the administered component/administration element. \r\n\nExtension créée dans le cadre d'OncoFAIR contenant le numéro de lot et de série du composant administré/élément d'administration.","isExample":false,"groupingId":"-str-extension"},{"extension":[{"url":"http://hl7.org/fhir/tools/StructureDefinition/resource-sort","valueInteger":999999999},{"url":"http://hl7.org/fhir/StructureDefinition/implementationguide-page","valueUri":"StructureDefinition-oncofair-ma-element-urgent.html"}],"reference":{"reference":"StructureDefinition/oncofair-ma-element-urgent"},"name":"OncoFAIRMAElementUrgent","description":"Extension created as part of OncoFAIR containing the notion of emergency. \r\n\nExtension créée dans le cadre d'OncoFAIR contenant la notion d'urgence.","isExample":false,"groupingId":"-str-extension"},{"extension":[{"url":"http://hl7.org/fhir/tools/StructureDefinition/resource-sort","valueInteger":999999999},{"url":"http://hl7.org/fhir/StructureDefinition/implementationguide-page","valueUri":"StructureDefinition-oncofair-mr-component-solute.html"}],"reference":{"reference":"StructureDefinition/oncofair-mr-component-solute"},"name":"OncoFAIRMRComponentSolute","description":"Extension created as part of OncoFAIR containing the notion of solute. \r\n\nExtension créée dans le cadre d'OncoFAIR contenant la notion de soluté.","isExample":false,"groupingId":"-str-extension"},{"extension":[{"url":"http://hl7.org/fhir/tools/StructureDefinition/resource-sort","valueInteger":999999999},{"url":"http://hl7.org/fhir/StructureDefinition/implementationguide-page","valueUri":"StructureDefinition-oncofair-mr-element-go-nogo.html"}],"reference":{"reference":"StructureDefinition/oncofair-mr-element-go-nogo"},"name":"OncoFAIRMRElementGoNogo","description":"Extension created as part of OncoFAIR containing the concept of GoNogo. \r\n\nExtension créée dans le cadre d'OncoFAIR contenant la notion de GoNogo.","isExample":false,"groupingId":"-str-extension"},{"extension":[{"url":"http://hl7.org/fhir/tools/StructureDefinition/resource-sort","valueInteger":999999999},{"url":"http://hl7.org/fhir/StructureDefinition/implementationguide-page","valueUri":"StructureDefinition-oncofair-mr-element-link-type.html"}],"reference":{"reference":"StructureDefinition/oncofair-mr-element-link-type"},"name":"OncoFAIRMRElementLinkType","description":"Extension created as part of OncoFAIR containing the element's type of link. \r\n\nExtension créée dans le cadre d'OncoFAIR contenant le type de liaison de l'élément.","isExample":false,"groupingId":"-str-extension"},{"extension":[{"url":"http://hl7.org/fhir/tools/StructureDefinition/resource-sort","valueInteger":999999999},{"url":"http://hl7.org/fhir/StructureDefinition/implementationguide-page","valueUri":"StructureDefinition-oncofair-mr-element-rank.html"}],"reference":{"reference":"StructureDefinition/oncofair-mr-element-rank"},"name":"OncoFAIRMRElementRank","description":"Extension created as part of OncoFAIR containing the prescription element rank. \r\n\nExtension créée dans le cadre d'OncoFAIR contenant le rangd d'élement de la prescription.","isExample":false,"groupingId":"-str-extension"},{"extension":[{"url":"http://hl7.org/fhir/tools/StructureDefinition/resource-sort","valueInteger":999999999},{"url":"http://hl7.org/fhir/StructureDefinition/implementationguide-page","valueUri":"StructureDefinition-oncofair-mr-element-supply.html"}],"reference":{"reference":"StructureDefinition/oncofair-mr-element-supply"},"name":"OncoFAIRMRElementSupply","description":"Extension created as part of OncoFAIR containing the concept of supply. \r\n\nExtension créée dans le cadre d'OncoFAIR contenant la notion de fourniture.","isExample":false,"groupingId":"-str-extension"},{"extension":[{"url":"http://hl7.org/fhir/tools/StructureDefinition/resource-sort","valueInteger":999999999},{"url":"http://hl7.org/fhir/StructureDefinition/implementationguide-page","valueUri":"StructureDefinition-oncofair-mr-exempt-ltc.html"}],"reference":{"reference":"StructureDefinition/oncofair-mr-exempt-ltc"},"name":"OncoFAIRMRExemptLTC","description":"Extension created as part of OncoFAIR containing the notion of exemption. \r\n\nExtension créée dans le cadre d'OncoFAIR contenant la notion d'exonération.","isExample":false,"groupingId":"-str-extension"},{"extension":[{"url":"http://hl7.org/fhir/tools/StructureDefinition/resource-sort","valueInteger":999999999},{"url":"http://hl7.org/fhir/StructureDefinition/implementationguide-page","valueUri":"StructureDefinition-oncofair-mr-is-dosage-referent.html"}],"reference":{"reference":"StructureDefinition/oncofair-mr-is-dosage-referent"},"name":"OncoFAIRMRIsDosageReferent","description":"Extension created as part of OncoFAIR containing the notion of a posology reference. \r\n\nExtension créée dans le cadre d'OncoFAIR contenant la notion de référence posologie.","isExample":false,"groupingId":"-str-extension"},{"extension":[{"url":"http://hl7.org/fhir/tools/StructureDefinition/resource-sort","valueInteger":999999999},{"url":"http://hl7.org/fhir/StructureDefinition/implementationguide-page","valueUri":"StructureDefinition-oncofair-mr-prescription-validation-date.html"}],"reference":{"reference":"StructureDefinition/oncofair-mr-prescription-validation-date"},"name":"OncoFAIRMRPrescriptionValidationDate","description":"Extension créée dans le cadre d'OncoFAIR contenant la date et heure de la prescription","isExample":false,"groupingId":"-str-extension"},{"extension":[{"url":"http://hl7.org/fhir/tools/StructureDefinition/resource-sort","valueInteger":999999999},{"url":"http://hl7.org/fhir/StructureDefinition/implementationguide-page","valueUri":"StructureDefinition-oncofair-medication-type.html"}],"reference":{"reference":"StructureDefinition/oncofair-medication-type"},"name":"OncoFAIRMedicationType","description":"Extension created as part of OncoFAIR containing the type of component. \r\n\nExtension créée dans le cadre d'OncoFAIR contenant le type de composant.","isExample":false,"groupingId":"-str-extension"},{"extension":[{"url":"http://hl7.org/fhir/tools/StructureDefinition/resource-sort","valueInteger":999999999},{"url":"http://hl7.org/fhir/StructureDefinition/implementationguide-page","valueUri":"StructureDefinition-oncofair-pharmacist-advice.html"}],"reference":{"reference":"StructureDefinition/oncofair-pharmacist-advice"},"name":"OncoFAIRPharmacistAdvice","description":"Extension created as part of OncoFAIR containing the validation and pharmaceutical proposal. \r\n\nExtension créée dans le cadre d'OncoFAIR contenant la validation et proposition pharmaceutique.","isExample":false,"groupingId":"-str-extension"},{"extension":[{"url":"http://hl7.org/fhir/tools/StructureDefinition/resource-sort","valueInteger":999999999},{"url":"http://hl7.org/fhir/StructureDefinition/implementationguide-page","valueUri":"ValueSet-concept-medication-oncofair-valueset.html"}],"reference":{"reference":"ValueSet/concept-medication-oncofair-valueset"},"name":"Concepts Medication Value Set","description":"Value Set pour différiencier les niveaux de MR/MA","isExample":false,"groupingId":"-term-valueset"},{"extension":[{"url":"http://hl7.org/fhir/tools/StructureDefinition/resource-sort","valueInteger":999999999},{"url":"http://hl7.org/fhir/StructureDefinition/implementationguide-page","valueUri":"ValueSet-siph-listeald-oncofair-valueset.html"}],"reference":{"reference":"ValueSet/siph-listeald-oncofair-valueset"},"name":"Liste Affectation Longue Durée Value Set","description":"Value Set pour ListeALD","isExample":false,"groupingId":"-term-valueset"},{"extension":[{"url":"http://hl7.org/fhir/tools/StructureDefinition/resource-sort","valueInteger":999999999},{"url":"http://hl7.org/fhir/StructureDefinition/implementationguide-page","valueUri":"ValueSet-medical-units-oncofair-valueset.html"}],"reference":{"reference":"ValueSet/medical-units-oncofair-valueset"},"name":"Medical units Value Set","description":"ValueSet for medical units (accommodation, medical liability unit).","isExample":false,"groupingId":"-term-valueset"},{"extension":[{"url":"http://hl7.org/fhir/tools/StructureDefinition/resource-sort","valueInteger":999999999},{"url":"http://hl7.org/fhir/StructureDefinition/implementationguide-page","valueUri":"ValueSet-medications-oncofair-valueset.html"}],"reference":{"reference":"ValueSet/medications-oncofair-valueset"},"name":"Medications Value Set","description":"ValueSet for medications.","isExample":false,"groupingId":"-term-valueset"},{"extension":[{"url":"http://hl7.org/fhir/tools/StructureDefinition/resource-sort","valueInteger":999999999},{"url":"http://hl7.org/fhir/StructureDefinition/implementationguide-page","valueUri":"ValueSet-siph-natureproppharm-oncofair-valueset.html"}],"reference":{"reference":"ValueSet/siph-natureproppharm-oncofair-valueset"},"name":"Nature proposition pharmaceutique Value Set","description":"Value Set pour NaturePropPharm","isExample":false,"groupingId":"-term-valueset"},{"extension":[{"url":"http://hl7.org/fhir/tools/StructureDefinition/resource-sort","valueInteger":999999999},{"url":"http://hl7.org/fhir/StructureDefinition/implementationguide-page","valueUri":"ValueSet-siph-paramposoconditionnelle-oncofair-valueset.html"}],"reference":{"reference":"ValueSet/siph-paramposoconditionnelle-oncofair-valueset"},"name":"Paramètres posologie conditionnelle","description":"Value Set pour ParamPosoConditionnelle","isExample":false,"groupingId":"-term-valueset"},{"extension":[{"url":"http://hl7.org/fhir/tools/StructureDefinition/resource-sort","valueInteger":999999999},{"url":"http://hl7.org/fhir/StructureDefinition/implementationguide-page","valueUri":"ValueSet-siph-renscomplement-oncofair-valueset.html"}],"reference":{"reference":"ValueSet/siph-renscomplement-oncofair-valueset"},"name":"Renseignement complémentaire Value Set","description":"Value Set pour RensComplement","isExample":false,"groupingId":"-term-valueset"},{"extension":[{"url":"http://hl7.org/fhir/tools/StructureDefinition/resource-sort","valueInteger":999999999},{"url":"http://hl7.org/fhir/StructureDefinition/implementationguide-page","valueUri":"ValueSet-siph-statutcomposantadm-oncofair-valueset.html"}],"reference":{"reference":"ValueSet/siph-statutcomposantadm-oncofair-valueset"},"name":"Statut composant administré Value Set","description":"Value Set pour StatutComposantAdm","isExample":false,"groupingId":"-term-valueset"},{"extension":[{"url":"http://hl7.org/fhir/tools/StructureDefinition/resource-sort","valueInteger":999999999},{"url":"http://hl7.org/fhir/StructureDefinition/implementationguide-page","valueUri":"ValueSet-siph-statutvalidpharm-oncofair-valueset.html"}],"reference":{"reference":"ValueSet/siph-statutvalidpharm-oncofair-valueset"},"name":"Statut validation pharmaceutique Value Set","description":"Value Set pour StatutValidPharm","isExample":false,"groupingId":"-term-valueset"},{"extension":[{"url":"http://hl7.org/fhir/tools/StructureDefinition/resource-sort","valueInteger":999999999},{"url":"http://hl7.org/fhir/StructureDefinition/implementationguide-page","valueUri":"ValueSet-siph-typecomposant-oncofair-valueset.html"}],"reference":{"reference":"ValueSet/siph-typecomposant-oncofair-valueset"},"name":"Type de composant Value Set","description":"Value Set pour TypeComposant","isExample":false,"groupingId":"-term-valueset"},{"extension":[{"url":"http://hl7.org/fhir/tools/StructureDefinition/resource-sort","valueInteger":999999999},{"url":"http://hl7.org/fhir/StructureDefinition/implementationguide-page","valueUri":"ValueSet-siph-typeeltpla-oncofair-valueset.html"}],"reference":{"reference":"ValueSet/siph-typeeltpla-oncofair-valueset"},"name":"Type de l'élément d'administration Value Set","description":"Value Set pour TypeEltPLA","isExample":false,"groupingId":"-term-valueset"},{"extension":[{"url":"http://hl7.org/fhir/tools/StructureDefinition/resource-sort","valueInteger":999999999},{"url":"http://hl7.org/fhir/StructureDefinition/implementationguide-page","valueUri":"ValueSet-siph-typeevenement-oncofair-valueset.html"}],"reference":{"reference":"ValueSet/siph-typeevenement-oncofair-valueset"},"name":"Type de l'évènement Value Set","description":"Value Set pour TypeEvenement","isExample":false,"groupingId":"-term-valueset"},{"extension":[{"url":"http://hl7.org/fhir/tools/StructureDefinition/resource-sort","valueInteger":999999999},{"url":"http://hl7.org/fhir/StructureDefinition/implementationguide-page","valueUri":"ValueSet-siph-type-liasion-oncofair-valueset.html"}],"reference":{"reference":"ValueSet/siph-type-liasion-oncofair-valueset"},"name":"Type de liaison Value Set","description":"Value Set pour Type Liaison","isExample":false,"groupingId":"-term-valueset"},{"extension":[{"url":"http://hl7.org/fhir/tools/StructureDefinition/resource-sort","valueInteger":999999999},{"url":"http://hl7.org/fhir/StructureDefinition/implementationguide-page","valueUri":"ValueSet-siph-gonogo-oncofair-valueset.html"}],"reference":{"reference":"ValueSet/siph-gonogo-oncofair-valueset"},"name":"goNogo Value Set","description":"Value Set pour goNogo","isExample":false,"groupingId":"-term-valueset"},{"extension":[{"url":"http://hl7.org/fhir/tools/StructureDefinition/resource-sort","valueInteger":999999999},{"url":"http://hl7.org/fhir/StructureDefinition/implementationguide-page","valueUri":"CodeSystem-concept-medication-oncofair-codesystem.html"}],"reference":{"reference":"CodeSystem/concept-medication-oncofair-codesystem"},"name":"Concepts Medication Code System","description":"Code system pour différiencier les niveaux de MR/MA","isExample":false,"groupingId":"-term-codesystem"},{"extension":[{"url":"http://hl7.org/fhir/tools/StructureDefinition/resource-sort","valueInteger":999999999},{"url":"http://hl7.org/fhir/StructureDefinition/implementationguide-page","valueUri":"CodeSystem-siph-listeald-oncofair-codesystem.html"}],"reference":{"reference":"CodeSystem/siph-listeald-oncofair-codesystem"},"name":"Liste ALD Code System","description":"Code system pour l'attribut ListeALD","isExample":false,"groupingId":"-term-codesystem"},{"extension":[{"url":"http://hl7.org/fhir/tools/StructureDefinition/resource-sort","valueInteger":999999999},{"url":"http://hl7.org/fhir/StructureDefinition/implementationguide-page","valueUri":"CodeSystem-medical-units-oncofair-codesystem.html"}],"reference":{"reference":"CodeSystem/medical-units-oncofair-codesystem"},"name":"Medical units","description":"CodeSystem for french medical units (accommodation, medical liability unit).","isExample":false,"groupingId":"-term-codesystem"},{"extension":[{"url":"http://hl7.org/fhir/tools/StructureDefinition/resource-sort","valueInteger":999999999},{"url":"http://hl7.org/fhir/StructureDefinition/implementationguide-page","valueUri":"CodeSystem-medications-oncofair-codesystem.html"}],"reference":{"reference":"CodeSystem/medications-oncofair-codesystem"},"name":"Medications","description":"CodeSystem for french medications.","isExample":false,"groupingId":"-term-codesystem"},{"extension":[{"url":"http://hl7.org/fhir/tools/StructureDefinition/resource-sort","valueInteger":999999999},{"url":"http://hl7.org/fhir/StructureDefinition/implementationguide-page","valueUri":"CodeSystem-siph-natureproppharm-oncofair-codesystem.html"}],"reference":{"reference":"CodeSystem/siph-natureproppharm-oncofair-codesystem"},"name":"Nature proposition pharmaceutique Code System","description":"Code system pour l'attribut NaturePropPharm","isExample":false,"groupingId":"-term-codesystem"},{"extension":[{"url":"http://hl7.org/fhir/tools/StructureDefinition/resource-sort","valueInteger":999999999},{"url":"http://hl7.org/fhir/StructureDefinition/implementationguide-page","valueUri":"CodeSystem-siph-paramposoconditionnelle-oncofair-codesystem.html"}],"reference":{"reference":"CodeSystem/siph-paramposoconditionnelle-oncofair-codesystem"},"name":"Paremètres posologie conditionnelle Code System","description":"Code system pour l'attribut ParamPosoConditionnelle","isExample":false,"groupingId":"-term-codesystem"},{"extension":[{"url":"http://hl7.org/fhir/tools/StructureDefinition/resource-sort","valueInteger":999999999},{"url":"http://hl7.org/fhir/StructureDefinition/implementationguide-page","valueUri":"CodeSystem-siph-renscomplement-oncofair-codesystem.html"}],"reference":{"reference":"CodeSystem/siph-renscomplement-oncofair-codesystem"},"name":"Renseignement complémentaire Code System","description":"Code system pour l'attribut RensComplement","isExample":false,"groupingId":"-term-codesystem"},{"extension":[{"url":"http://hl7.org/fhir/tools/StructureDefinition/resource-sort","valueInteger":999999999},{"url":"http://hl7.org/fhir/StructureDefinition/implementationguide-page","valueUri":"CodeSystem-siph-statutcomposantadm-oncofair-codesystem.html"}],"reference":{"reference":"CodeSystem/siph-statutcomposantadm-oncofair-codesystem"},"name":"Statut composant administré Code System","description":"Code system pour l'attribut StatutComposantAdm","isExample":false,"groupingId":"-term-codesystem"},{"extension":[{"url":"http://hl7.org/fhir/tools/StructureDefinition/resource-sort","valueInteger":999999999},{"url":"http://hl7.org/fhir/StructureDefinition/implementationguide-page","valueUri":"CodeSystem-siph-statutvalidpharm-oncofair-codesystem.html"}],"reference":{"reference":"CodeSystem/siph-statutvalidpharm-oncofair-codesystem"},"name":"Statut validation pharmaceutique Code System","description":"Code system pour l'attribut StatutValidPharm","isExample":false,"groupingId":"-term-codesystem"},{"extension":[{"url":"http://hl7.org/fhir/tools/StructureDefinition/resource-sort","valueInteger":999999999},{"url":"http://hl7.org/fhir/StructureDefinition/implementationguide-page","valueUri":"CodeSystem-siph-typecomposant-oncofair-codesystem.html"}],"reference":{"reference":"CodeSystem/siph-typecomposant-oncofair-codesystem"},"name":"Type de composant Code System","description":"Code system pour l'attribut TypeComposant","isExample":false,"groupingId":"-term-codesystem"},{"extension":[{"url":"http://hl7.org/fhir/tools/StructureDefinition/resource-sort","valueInteger":999999999},{"url":"http://hl7.org/fhir/StructureDefinition/implementationguide-page","valueUri":"CodeSystem-siph-typeeltpla-oncofair-codesystem.html"}],"reference":{"reference":"CodeSystem/siph-typeeltpla-oncofair-codesystem"},"name":"Type de l'élément d'administration Code System","description":"Code system pour l'attribut TypeEltPLA","isExample":false,"groupingId":"-term-codesystem"},{"extension":[{"url":"http://hl7.org/fhir/tools/StructureDefinition/resource-sort","valueInteger":999999999},{"url":"http://hl7.org/fhir/StructureDefinition/implementationguide-page","valueUri":"CodeSystem-siph-type-liaison-oncofair-codesystem.html"}],"reference":{"reference":"CodeSystem/siph-type-liaison-oncofair-codesystem"},"name":"Type de liaison Code System","description":"Code system pour l'attribut TypeLiaison","isExample":false,"groupingId":"-term-codesystem"},{"extension":[{"url":"http://hl7.org/fhir/tools/StructureDefinition/resource-sort","valueInteger":999999999},{"url":"http://hl7.org/fhir/StructureDefinition/implementationguide-page","valueUri":"CodeSystem-siph-typeevenement-oncofair-codesystem.html"}],"reference":{"reference":"CodeSystem/siph-typeevenement-oncofair-codesystem"},"name":"Type évènement Code System","description":"Code system pour l'attribut TypeEvenement","isExample":false,"groupingId":"-term-codesystem"},{"extension":[{"url":"http://hl7.org/fhir/tools/StructureDefinition/resource-sort","valueInteger":999999999},{"url":"http://hl7.org/fhir/StructureDefinition/implementationguide-page","valueUri":"CodeSystem-siph-gonogo-oncofair-codesystem.html"}],"reference":{"reference":"CodeSystem/siph-gonogo-oncofair-codesystem"},"name":"goNogo Code System","description":"Code system pour l'attribut goNogo","isExample":false,"groupingId":"-term-codesystem"},{"extension":[{"url":"http://hl7.org/fhir/tools/StructureDefinition/resource-sort","valueInteger":999999999},{"url":"http://hl7.org/fhir/StructureDefinition/implementationguide-page","valueUri":"HealthcareService-ExampleHealthcareServiceAccomodation.html"}],"reference":{"reference":"HealthcareService/ExampleHealthcareServiceAccomodation"},"name":"Example HealthcareServiceAccomodation","description":"An example instance of an OncoFAIR HealthcareServiceAccomodation","isExample":true,"groupingId":"-ex-example"},{"extension":[{"url":"http://hl7.org/fhir/tools/StructureDefinition/resource-sort","valueInteger":999999999},{"url":"http://hl7.org/fhir/StructureDefinition/implementationguide-page","valueUri":"HealthcareService-ExampleHealthcareServiceMedicalLiability.html"}],"reference":{"reference":"HealthcareService/ExampleHealthcareServiceMedicalLiability"},"name":"Example HealthcareServiceMedicalLiability","description":"An example instance of an OncoFAIR HealthcareServiceMedicalLiability","isExample":true,"groupingId":"-ex-example"},{"extension":[{"url":"http://hl7.org/fhir/tools/StructureDefinition/resource-sort","valueInteger":999999999},{"url":"http://hl7.org/fhir/StructureDefinition/implementationguide-page","valueUri":"CarePlan-ExampleOncoFAIRCarePlan.html"}],"reference":{"reference":"CarePlan/ExampleOncoFAIRCarePlan"},"name":"Example OncoFAIR CarePlan","description":"An example instance of an OncoFAIR CarePlan with required fields populated.","isExample":true,"profile":["http://ltsi.univ-rennes.fr/StructureDefinition/oncofair-careplan"],"groupingId":"-ex-example"},{"extension":[{"url":"http://hl7.org/fhir/tools/StructureDefinition/resource-sort","valueInteger":999999999},{"url":"http://hl7.org/fhir/StructureDefinition/implementationguide-page","valueUri":"Device-ExampleOncoFAIRDevice.html"}],"reference":{"reference":"Device/ExampleOncoFAIRDevice"},"name":"Example OncoFAIR Device","description":"An example instance of an OncoFAIR Device","isExample":true,"groupingId":"-ex-example"},{"extension":[{"url":"http://hl7.org/fhir/tools/StructureDefinition/resource-sort","valueInteger":999999999},{"url":"http://hl7.org/fhir/StructureDefinition/implementationguide-page","valueUri":"DeviceDefinition-ExampleOncoFAIRDeviceDefinition.html"}],"reference":{"reference":"DeviceDefinition/ExampleOncoFAIRDeviceDefinition"},"name":"Example OncoFAIR Device Definition","description":"An example instance of an OncoFAIR Device Definition.","isExample":true,"groupingId":"-ex-example"},{"extension":[{"url":"http://hl7.org/fhir/tools/StructureDefinition/resource-sort","valueInteger":999999999},{"url":"http://hl7.org/fhir/StructureDefinition/implementationguide-page","valueUri":"Encounter-ExampleOncoFAIREncounter.html"}],"reference":{"reference":"Encounter/ExampleOncoFAIREncounter"},"name":"Example OncoFAIR Encounter","description":"An example instance of an OncoFAIR Encounter with required fields populated.","isExample":true,"profile":["http://ltsi.univ-rennes.fr/StructureDefinition/oncofair-encounter"],"groupingId":"-ex-example"},{"extension":[{"url":"http://hl7.org/fhir/tools/StructureDefinition/resource-sort","valueInteger":999999999},{"url":"http://hl7.org/fhir/StructureDefinition/implementationguide-page","valueUri":"Medication-ExampleOncoFAIRMedication.html"}],"reference":{"reference":"Medication/ExampleOncoFAIRMedication"},"name":"Example OncoFAIR Medication","description":"An example instance of an OncoFAIR Medication with required fields populated.","isExample":true,"profile":["http://ltsi.univ-rennes.fr/StructureDefinition/oncofair-medication"],"groupingId":"-ex-example"},{"extension":[{"url":"http://hl7.org/fhir/tools/StructureDefinition/resource-sort","valueInteger":999999999},{"url":"http://hl7.org/fhir/StructureDefinition/implementationguide-page","valueUri":"MedicationAdministration-ExampleOncoFAIRMedicationAdministrationComponent.html"}],"reference":{"reference":"MedicationAdministration/ExampleOncoFAIRMedicationAdministrationComponent"},"name":"Example OncoFAIR MedicationAdministration Component","description":"An example instance of an OncoFAIR MedicationAdministration Component with required fields populated.","isExample":true,"profile":["http://ltsi.univ-rennes.fr/StructureDefinition/oncofair-medicationadministration-component"],"groupingId":"-ex-example"},{"extension":[{"url":"http://hl7.org/fhir/tools/StructureDefinition/resource-sort","valueInteger":999999999},{"url":"http://hl7.org/fhir/StructureDefinition/implementationguide-page","valueUri":"MedicationAdministration-ExampleOncoFAIRMedicationAdministrationElement.html"}],"reference":{"reference":"MedicationAdministration/ExampleOncoFAIRMedicationAdministrationElement"},"name":"Example OncoFAIR MedicationAdministration Element","description":"An example instance of an OncoFAIR MedicationAdministration Element with required fields populated.","isExample":true,"profile":["http://ltsi.univ-rennes.fr/StructureDefinition/oncofair-medicationadministration-element"],"groupingId":"-ex-example"},{"extension":[{"url":"http://hl7.org/fhir/tools/StructureDefinition/resource-sort","valueInteger":999999999},{"url":"http://hl7.org/fhir/StructureDefinition/implementationguide-page","valueUri":"MedicationAdministration-ExampleOncoFAIRMedicationAdministrationReport.html"}],"reference":{"reference":"MedicationAdministration/ExampleOncoFAIRMedicationAdministrationReport"},"name":"Example OncoFAIR MedicationAdministration Report","description":"An example instance of an OncoFAIR MedicationAdministration Report with required fields populated.","isExample":true,"profile":["http://ltsi.univ-rennes.fr/StructureDefinition/oncofair-medicationadministration-report"],"groupingId":"-ex-example"},{"extension":[{"url":"http://hl7.org/fhir/tools/StructureDefinition/resource-sort","valueInteger":999999999},{"url":"http://hl7.org/fhir/StructureDefinition/implementationguide-page","valueUri":"MedicationRequest-ExampleOncoFAIRMedicationRequestComponent.html"}],"reference":{"reference":"MedicationRequest/ExampleOncoFAIRMedicationRequestComponent"},"name":"Example OncoFAIR MedicationRequest Component","description":"Example instance of OncoFAIRMedicationRequestComponent","isExample":true,"profile":["http://ltsi.univ-rennes.fr/StructureDefinition/oncofair-medicationrequest-component"],"groupingId":"-ex-example"},{"extension":[{"url":"http://hl7.org/fhir/tools/StructureDefinition/resource-sort","valueInteger":999999999},{"url":"http://hl7.org/fhir/StructureDefinition/implementationguide-page","valueUri":"MedicationRequest-ExampleOncoFAIRMedicationRequestElement.html"}],"reference":{"reference":"MedicationRequest/ExampleOncoFAIRMedicationRequestElement"},"name":"Example OncoFAIR MedicationRequest Element","description":"Example instance of OncoFAIRMedicationRequestElement","isExample":true,"profile":["http://ltsi.univ-rennes.fr/StructureDefinition/oncofair-medicationrequest-element"],"groupingId":"-ex-example"},{"extension":[{"url":"http://hl7.org/fhir/tools/StructureDefinition/resource-sort","valueInteger":999999999},{"url":"http://hl7.org/fhir/StructureDefinition/implementationguide-page","valueUri":"MedicationRequest-ExampleOncoFAIRMedicationRequestPrescription.html"}],"reference":{"reference":"MedicationRequest/ExampleOncoFAIRMedicationRequestPrescription"},"name":"Example OncoFAIR MedicationRequest Prescription","description":"An example instance of OncoFAIR MedicationRequest Prescription.","isExample":true,"profile":["http://ltsi.univ-rennes.fr/StructureDefinition/oncofair-medicationrequest-prescription"],"groupingId":"-ex-example"},{"extension":[{"url":"http://hl7.org/fhir/tools/StructureDefinition/resource-sort","valueInteger":999999999},{"url":"http://hl7.org/fhir/StructureDefinition/implementationguide-page","valueUri":"Observation-ExampleOncoFAIRObservation.html"}],"reference":{"reference":"Observation/ExampleOncoFAIRObservation"},"name":"Example OncoFAIR Observation","description":"An example instance of OncoFAIR Observation.","isExample":true,"profile":["http://ltsi.univ-rennes.fr/StructureDefinition/oncofair-observation"],"groupingId":"-ex-example"},{"extension":[{"url":"http://hl7.org/fhir/tools/StructureDefinition/resource-sort","valueInteger":999999999},{"url":"http://hl7.org/fhir/StructureDefinition/implementationguide-page","valueUri":"Patient-ExampleOncoFAIRPatient.html"}],"reference":{"reference":"Patient/ExampleOncoFAIRPatient"},"name":"Example OncoFAIR Patient","description":"An example instance of an OncoFAIR patient with a permanent patient identifier.","isExample":true,"profile":["http://ltsi.univ-rennes.fr/StructureDefinition/oncofair-patient"],"groupingId":"-ex-example"},{"extension":[{"url":"http://hl7.org/fhir/tools/StructureDefinition/resource-sort","valueInteger":999999999},{"url":"http://hl7.org/fhir/StructureDefinition/implementationguide-page","valueUri":"Practitioner-ExampleOncoFAIRPractitioner.html"}],"reference":{"reference":"Practitioner/ExampleOncoFAIRPractitioner"},"name":"Example OncoFAIR Practitioner","description":"An example instance of an OncoFAIR practitioner with an identifier.","isExample":true,"groupingId":"-ex-example"}],"page":{"sourceUrl":"toc.html","name":"toc.html","title":"Table of Contents","generation":"html","page":[{"sourceUrl":"index.html","name":"index.html","title":"Accueil","generation":"markdown"},{"sourceUrl":"mapping.html","name":"mapping.html","title":"Mapping PN13/FHIR R5","generation":"markdown"},{"sourceUrl":"artifacts.html","name":"artifacts.html","title":"Artifacts Summary","generation":"html","page":[{"sourceUrl":"StructureDefinition-oncofair-careplan.html","name":"StructureDefinition-oncofair-careplan.html","title":"OncoFAIR CarePlan","generation":"generated"},{"sourceUrl":"StructureDefinition-oncofair-encounter.html","name":"StructureDefinition-oncofair-encounter.html","title":"OncoFAIR Encounter","generation":"generated"},{"sourceUrl":"StructureDefinition-oncofair-medication.html","name":"StructureDefinition-oncofair-medication.html","title":"OncoFAIR Medication","generation":"generated"},{"sourceUrl":"StructureDefinition-oncofair-medicationadministration-component.html","name":"StructureDefinition-oncofair-medicationadministration-component.html","title":"OncoFAIR MedicationAdministration Component","generation":"generated"},{"sourceUrl":"StructureDefinition-oncofair-medicationadministration-element.html","name":"StructureDefinition-oncofair-medicationadministration-element.html","title":"OncoFAIR MedicationAdministration Element","generation":"generated"},{"sourceUrl":"StructureDefinition-oncofair-medicationadministration-report.html","name":"StructureDefinition-oncofair-medicationadministration-report.html","title":"OncoFAIR MedicationAdministration Report","generation":"generated"},{"sourceUrl":"StructureDefinition-oncofair-medicationrequest-component.html","name":"StructureDefinition-oncofair-medicationrequest-component.html","title":"OncoFAIR MedicationRequest Component","generation":"generated"},{"sourceUrl":"StructureDefinition-oncofair-medicationrequest-element.html","name":"StructureDefinition-oncofair-medicationrequest-element.html","title":"OncoFAIR MedicationRequest Element","generation":"generated"},{"sourceUrl":"StructureDefinition-oncofair-medicationrequest-prescription.html","name":"StructureDefinition-oncofair-medicationrequest-prescription.html","title":"OncoFAIR MedicationRequest Prescription","generation":"generated"},{"sourceUrl":"StructureDefinition-oncofair-observation.html","name":"StructureDefinition-oncofair-observation.html","title":"OncoFAIR Observation","generation":"generated"},{"sourceUrl":"StructureDefinition-oncofair-patient.html","name":"StructureDefinition-oncofair-patient.html","title":"OncoFAIR Patient","generation":"generated"},{"sourceUrl":"StructureDefinition-oncofair-cp-treatment.html","name":"StructureDefinition-oncofair-cp-treatment.html","title":"OncoFAIRCPTreatment","generation":"generated"},{"sourceUrl":"StructureDefinition-oncofair-element-form.html","name":"StructureDefinition-oncofair-element-form.html","title":"OncoFAIRElementForm","generation":"generated"},{"sourceUrl":"StructureDefinition-oncofair-ma-component-administration-status.html","name":"StructureDefinition-oncofair-ma-component-administration-status.html","title":"OncoFAIRMAComponentAdministrationStatus","generation":"generated"},{"sourceUrl":"StructureDefinition-oncofair-ma-component-origin.html","name":"StructureDefinition-oncofair-ma-component-origin.html","title":"OncoFAIRMAComponentOrigin","generation":"generated"},{"sourceUrl":"StructureDefinition-oncofair-ma-element-expirationdate.html","name":"StructureDefinition-oncofair-ma-element-expirationdate.html","title":"OncoFAIRMAElementExpirationDate","generation":"generated"},{"sourceUrl":"StructureDefinition-oncofair-ma-element-plannedperiod.html","name":"StructureDefinition-oncofair-ma-element-plannedperiod.html","title":"OncoFAIRMAElementPlannedPeriod","generation":"generated"},{"sourceUrl":"StructureDefinition-oncofair-ma-element-traceability.html","name":"StructureDefinition-oncofair-ma-element-traceability.html","title":"OncoFAIRMAElementTraceability","generation":"generated"},{"sourceUrl":"StructureDefinition-oncofair-ma-element-urgent.html","name":"StructureDefinition-oncofair-ma-element-urgent.html","title":"OncoFAIRMAElementUrgent","generation":"generated"},{"sourceUrl":"StructureDefinition-oncofair-medication-type.html","name":"StructureDefinition-oncofair-medication-type.html","title":"OncoFAIRMedicationType","generation":"generated"},{"sourceUrl":"StructureDefinition-oncofair-mr-component-solute.html","name":"StructureDefinition-oncofair-mr-component-solute.html","title":"OncoFAIRMRComponentSolute","generation":"generated"},{"sourceUrl":"StructureDefinition-oncofair-mr-element-go-nogo.html","name":"StructureDefinition-oncofair-mr-element-go-nogo.html","title":"OncoFAIRMRElementGoNogo","generation":"generated"},{"sourceUrl":"StructureDefinition-oncofair-mr-element-link-type.html","name":"StructureDefinition-oncofair-mr-element-link-type.html","title":"OncoFAIRMRElementLinkType","generation":"generated"},{"sourceUrl":"StructureDefinition-oncofair-mr-element-rank.html","name":"StructureDefinition-oncofair-mr-element-rank.html","title":"OncoFAIRMRElementRank","generation":"generated"},{"sourceUrl":"StructureDefinition-oncofair-mr-element-supply.html","name":"StructureDefinition-oncofair-mr-element-supply.html","title":"OncoFAIRMRElementSupply","generation":"generated"},{"sourceUrl":"StructureDefinition-oncofair-mr-exempt-ltc.html","name":"StructureDefinition-oncofair-mr-exempt-ltc.html","title":"OncoFAIRMRExemptLTC","generation":"generated"},{"sourceUrl":"StructureDefinition-oncofair-mr-is-dosage-referent.html","name":"StructureDefinition-oncofair-mr-is-dosage-referent.html","title":"OncoFAIRMRIsDosageReferent","generation":"generated"},{"sourceUrl":"StructureDefinition-oncofair-mr-prescription-validation-date.html","name":"StructureDefinition-oncofair-mr-prescription-validation-date.html","title":"OncoFAIRMRPrescriptionValidationDate","generation":"generated"},{"sourceUrl":"StructureDefinition-oncofair-pharmacist-advice.html","name":"StructureDefinition-oncofair-pharmacist-advice.html","title":"OncoFAIRPharmacistAdvice","generation":"generated"},{"sourceUrl":"ValueSet-concept-medication-oncofair-valueset.html","name":"ValueSet-concept-medication-oncofair-valueset.html","title":"Concepts Medication Value Set","generation":"generated"},{"sourceUrl":"ValueSet-siph-gonogo-oncofair-valueset.html","name":"ValueSet-siph-gonogo-oncofair-valueset.html","title":"goNogo Value Set","generation":"generated"},{"sourceUrl":"ValueSet-siph-listeald-oncofair-valueset.html","name":"ValueSet-siph-listeald-oncofair-valueset.html","title":"Liste Affectation Longue Durée Value Set","generation":"generated"},{"sourceUrl":"ValueSet-medical-units-oncofair-valueset.html","name":"ValueSet-medical-units-oncofair-valueset.html","title":"Medical units Value Set","generation":"generated"},{"sourceUrl":"ValueSet-medications-oncofair-valueset.html","name":"ValueSet-medications-oncofair-valueset.html","title":"Medications Value Set","generation":"generated"},{"sourceUrl":"ValueSet-siph-natureproppharm-oncofair-valueset.html","name":"ValueSet-siph-natureproppharm-oncofair-valueset.html","title":"Nature proposition pharmaceutique Value Set","generation":"generated"},{"sourceUrl":"ValueSet-siph-paramposoconditionnelle-oncofair-valueset.html","name":"ValueSet-siph-paramposoconditionnelle-oncofair-valueset.html","title":"Paramètres posologie conditionnelle","generation":"generated"},{"sourceUrl":"ValueSet-siph-renscomplement-oncofair-valueset.html","name":"ValueSet-siph-renscomplement-oncofair-valueset.html","title":"Renseignement complémentaire Value Set","generation":"generated"},{"sourceUrl":"ValueSet-siph-statutcomposantadm-oncofair-valueset.html","name":"ValueSet-siph-statutcomposantadm-oncofair-valueset.html","title":"Statut composant administré Value Set","generation":"generated"},{"sourceUrl":"ValueSet-siph-statutvalidpharm-oncofair-valueset.html","name":"ValueSet-siph-statutvalidpharm-oncofair-valueset.html","title":"Statut validation pharmaceutique Value Set","generation":"generated"},{"sourceUrl":"ValueSet-siph-typecomposant-oncofair-valueset.html","name":"ValueSet-siph-typecomposant-oncofair-valueset.html","title":"Type de composant Value Set","generation":"generated"},{"sourceUrl":"ValueSet-siph-typeeltpla-oncofair-valueset.html","name":"ValueSet-siph-typeeltpla-oncofair-valueset.html","title":"Type de l'élément d'administration Value Set","generation":"generated"},{"sourceUrl":"ValueSet-siph-typeevenement-oncofair-valueset.html","name":"ValueSet-siph-typeevenement-oncofair-valueset.html","title":"Type de l'évènement Value Set","generation":"generated"},{"sourceUrl":"ValueSet-siph-type-liasion-oncofair-valueset.html","name":"ValueSet-siph-type-liasion-oncofair-valueset.html","title":"Type de liaison Value Set","generation":"generated"},{"sourceUrl":"CodeSystem-concept-medication-oncofair-codesystem.html","name":"CodeSystem-concept-medication-oncofair-codesystem.html","title":"Concepts Medication Code System","generation":"generated"},{"sourceUrl":"CodeSystem-siph-gonogo-oncofair-codesystem.html","name":"CodeSystem-siph-gonogo-oncofair-codesystem.html","title":"goNogo Code System","generation":"generated"},{"sourceUrl":"CodeSystem-siph-listeald-oncofair-codesystem.html","name":"CodeSystem-siph-listeald-oncofair-codesystem.html","title":"Liste ALD Code System","generation":"generated"},{"sourceUrl":"CodeSystem-medical-units-oncofair-codesystem.html","name":"CodeSystem-medical-units-oncofair-codesystem.html","title":"Medical units","generation":"generated"},{"sourceUrl":"CodeSystem-medications-oncofair-codesystem.html","name":"CodeSystem-medications-oncofair-codesystem.html","title":"Medications","generation":"generated"},{"sourceUrl":"CodeSystem-siph-natureproppharm-oncofair-codesystem.html","name":"CodeSystem-siph-natureproppharm-oncofair-codesystem.html","title":"Nature proposition pharmaceutique Code System","generation":"generated"},{"sourceUrl":"CodeSystem-siph-paramposoconditionnelle-oncofair-codesystem.html","name":"CodeSystem-siph-paramposoconditionnelle-oncofair-codesystem.html","title":"Paremètres posologie conditionnelle Code System","generation":"generated"},{"sourceUrl":"CodeSystem-siph-renscomplement-oncofair-codesystem.html","name":"CodeSystem-siph-renscomplement-oncofair-codesystem.html","title":"Renseignement complémentaire Code System","generation":"generated"},{"sourceUrl":"CodeSystem-siph-statutcomposantadm-oncofair-codesystem.html","name":"CodeSystem-siph-statutcomposantadm-oncofair-codesystem.html","title":"Statut composant administré Code System","generation":"generated"},{"sourceUrl":"CodeSystem-siph-statutvalidpharm-oncofair-codesystem.html","name":"CodeSystem-siph-statutvalidpharm-oncofair-codesystem.html","title":"Statut validation pharmaceutique Code System","generation":"generated"},{"sourceUrl":"CodeSystem-siph-typecomposant-oncofair-codesystem.html","name":"CodeSystem-siph-typecomposant-oncofair-codesystem.html","title":"Type de composant Code System","generation":"generated"},{"sourceUrl":"CodeSystem-siph-typeeltpla-oncofair-codesystem.html","name":"CodeSystem-siph-typeeltpla-oncofair-codesystem.html","title":"Type de l'élément d'administration Code System","generation":"generated"},{"sourceUrl":"CodeSystem-siph-type-liaison-oncofair-codesystem.html","name":"CodeSystem-siph-type-liaison-oncofair-codesystem.html","title":"Type de liaison Code System","generation":"generated"},{"sourceUrl":"CodeSystem-siph-typeevenement-oncofair-codesystem.html","name":"CodeSystem-siph-typeevenement-oncofair-codesystem.html","title":"Type évènement Code System","generation":"generated"},{"sourceUrl":"HealthcareService-ExampleHealthcareServiceAccomodation.html","name":"HealthcareService-ExampleHealthcareServiceAccomodation.html","title":"Example HealthcareServiceAccomodation","generation":"generated"},{"sourceUrl":"HealthcareService-ExampleHealthcareServiceMedicalLiability.html","name":"HealthcareService-ExampleHealthcareServiceMedicalLiability.html","title":"Example HealthcareServiceMedicalLiability","generation":"generated"},{"sourceUrl":"CarePlan-ExampleOncoFAIRCarePlan.html","name":"CarePlan-ExampleOncoFAIRCarePlan.html","title":"Example OncoFAIR CarePlan","generation":"generated"},{"sourceUrl":"Device-ExampleOncoFAIRDevice.html","name":"Device-ExampleOncoFAIRDevice.html","title":"Example OncoFAIR Device","generation":"generated"},{"sourceUrl":"DeviceDefinition-ExampleOncoFAIRDeviceDefinition.html","name":"DeviceDefinition-ExampleOncoFAIRDeviceDefinition.html","title":"Example OncoFAIR Device Definition","generation":"generated"},{"sourceUrl":"Encounter-ExampleOncoFAIREncounter.html","name":"Encounter-ExampleOncoFAIREncounter.html","title":"Example OncoFAIR Encounter","generation":"generated"},{"sourceUrl":"Medication-ExampleOncoFAIRMedication.html","name":"Medication-ExampleOncoFAIRMedication.html","title":"Example OncoFAIR Medication","generation":"generated"},{"sourceUrl":"MedicationAdministration-ExampleOncoFAIRMedicationAdministrationComponent.html","name":"MedicationAdministration-ExampleOncoFAIRMedicationAdministrationComponent.html","title":"Example OncoFAIR MedicationAdministration Component","generation":"generated"},{"sourceUrl":"MedicationAdministration-ExampleOncoFAIRMedicationAdministrationElement.html","name":"MedicationAdministration-ExampleOncoFAIRMedicationAdministrationElement.html","title":"Example OncoFAIR MedicationAdministration Element","generation":"generated"},{"sourceUrl":"MedicationAdministration-ExampleOncoFAIRMedicationAdministrationReport.html","name":"MedicationAdministration-ExampleOncoFAIRMedicationAdministrationReport.html","title":"Example OncoFAIR MedicationAdministration Report","generation":"generated"},{"sourceUrl":"MedicationRequest-ExampleOncoFAIRMedicationRequestComponent.html","name":"MedicationRequest-ExampleOncoFAIRMedicationRequestComponent.html","title":"Example OncoFAIR MedicationRequest Component","generation":"generated"},{"sourceUrl":"MedicationRequest-ExampleOncoFAIRMedicationRequestElement.html","name":"MedicationRequest-ExampleOncoFAIRMedicationRequestElement.html","title":"Example OncoFAIR MedicationRequest Element","generation":"generated"},{"sourceUrl":"MedicationRequest-ExampleOncoFAIRMedicationRequestPrescription.html","name":"MedicationRequest-ExampleOncoFAIRMedicationRequestPrescription.html","title":"Example OncoFAIR MedicationRequest Prescription","generation":"generated"},{"sourceUrl":"Observation-ExampleOncoFAIRObservation.html","name":"Observation-ExampleOncoFAIRObservation.html","title":"Example OncoFAIR Observation","generation":"generated"},{"sourceUrl":"Patient-ExampleOncoFAIRPatient.html","name":"Patient-ExampleOncoFAIRPatient.html","title":"Example OncoFAIR Patient","generation":"generated"},{"sourceUrl":"Practitioner-ExampleOncoFAIRPractitioner.html","name":"Practitioner-ExampleOncoFAIRPractitioner.html","title":"Example OncoFAIR Practitioner","generation":"generated"}]}]},"parameter":[{"code":{"system":"http://hl7.org/fhir/tools/CodeSystem/ig-parameters","code":"copyrightyear"},"value":"2023+"},{"code":{"system":"http://hl7.org/fhir/tools/CodeSystem/ig-parameters","code":"releaselabel"},"value":"ci-build"},{"code":{"system":"http://hl7.org/fhir/tools/CodeSystem/ig-parameters","code":"autoload-resources"},"value":"true"},{"code":{"system":"http://hl7.org/fhir/guide-parameter-code","code":"path-resource"},"value":"input/capabilities"},{"code":{"system":"http://hl7.org/fhir/guide-parameter-code","code":"path-resource"},"value":"input/examples"},{"code":{"system":"http://hl7.org/fhir/guide-parameter-code","code":"path-resource"},"value":"input/extensions"},{"code":{"system":"http://hl7.org/fhir/guide-parameter-code","code":"path-resource"},"value":"input/models"},{"code":{"system":"http://hl7.org/fhir/guide-parameter-code","code":"path-resource"},"value":"input/operations"},{"code":{"system":"http://hl7.org/fhir/guide-parameter-code","code":"path-resource"},"value":"input/profiles"},{"code":{"system":"http://hl7.org/fhir/guide-parameter-code","code":"path-resource"},"value":"input/resources"},{"code":{"system":"http://hl7.org/fhir/guide-parameter-code","code":"path-resource"},"value":"input/vocabulary"},{"code":{"system":"http://hl7.org/fhir/guide-parameter-code","code":"path-resource"},"value":"input/maps"},{"code":{"system":"http://hl7.org/fhir/guide-parameter-code","code":"path-resource"},"value":"input/testing"},{"code":{"system":"http://hl7.org/fhir/guide-parameter-code","code":"path-resource"},"value":"input/history"},{"code":{"system":"http://hl7.org/fhir/guide-parameter-code","code":"path-resource"},"value":"fsh-generated/resources"},{"code":{"system":"http://hl7.org/fhir/guide-parameter-code","code":"path-pages"},"value":"template/config"},{"code":{"system":"http://hl7.org/fhir/guide-parameter-code","code":"path-pages"},"value":"input/images"},{"code":{"system":"http://hl7.org/fhir/tools/CodeSystem/ig-parameters","code":"path-liquid"},"value":"template/liquid"},{"code":{"system":"http://hl7.org/fhir/tools/CodeSystem/ig-parameters","code":"path-liquid"},"value":"input/liquid"},{"code":{"system":"http://hl7.org/fhir/tools/CodeSystem/ig-parameters","code":"path-qa"},"value":"temp/qa"},{"code":{"system":"http://hl7.org/fhir/tools/CodeSystem/ig-parameters","code":"path-temp"},"value":"temp/pages"},{"code":{"system":"http://hl7.org/fhir/tools/CodeSystem/ig-parameters","code":"path-output"},"value":"output"},{"code":{"system":"http://hl7.org/fhir/guide-parameter-code","code":"path-tx-cache"},"value":"input-cache/txcache"},{"code":{"system":"http://hl7.org/fhir/tools/CodeSystem/ig-parameters","code":"path-suppressed-warnings"},"value":"input/ignoreWarnings.txt"},{"code":{"system":"http://hl7.org/fhir/tools/CodeSystem/ig-parameters","code":"path-history"},"value":"http://ltsi.univ-rennes.fr/history.html"},{"code":{"system":"http://hl7.org/fhir/tools/CodeSystem/ig-parameters","code":"template-html"},"value":"template-page.html"},{"code":{"system":"http://hl7.org/fhir/tools/CodeSystem/ig-parameters","code":"template-md"},"value":"template-page-md.html"},{"code":{"system":"http://hl7.org/fhir/tools/CodeSystem/ig-parameters","code":"apply-contact"},"value":"true"},{"code":{"system":"http://hl7.org/fhir/tools/CodeSystem/ig-parameters","code":"apply-context"},"value":"true"},{"code":{"system":"http://hl7.org/fhir/tools/CodeSystem/ig-parameters","code":"apply-copyright"},"value":"true"},{"code":{"system":"http://hl7.org/fhir/tools/CodeSystem/ig-parameters","code":"apply-jurisdiction"},"value":"true"},{"code":{"system":"http://hl7.org/fhir/tools/CodeSystem/ig-parameters","code":"apply-license"},"value":"true"},{"code":{"system":"http://hl7.org/fhir/tools/CodeSystem/ig-parameters","code":"apply-publisher"},"value":"true"},{"code":{"system":"http://hl7.org/fhir/tools/CodeSystem/ig-parameters","code":"apply-version"},"value":"true"},{"code":{"system":"http://hl7.org/fhir/tools/CodeSystem/ig-parameters","code":"apply-wg"},"value":"true"},{"code":{"system":"http://hl7.org/fhir/tools/CodeSystem/ig-parameters","code":"active-tables"},"value":"true"},{"code":{"system":"http://hl7.org/fhir/tools/CodeSystem/ig-parameters","code":"fmm-definition"},"value":"http://hl7.org/fhir/versions.html#maturity"},{"code":{"system":"http://hl7.org/fhir/tools/CodeSystem/ig-parameters","code":"propagate-status"},"value":"true"},{"code":{"system":"http://hl7.org/fhir/tools/CodeSystem/ig-parameters","code":"excludelogbinaryformat"},"value":"true"},{"code":{"system":"http://hl7.org/fhir/tools/CodeSystem/ig-parameters","code":"tabbed-snapshots"},"value":"true"}]}}