{"resourceType":"SearchParameter","id":"oncofair-sp-mr-type-elementprescrption","text":{"status":"generated","div":"<div xmlns=\"http://www.w3.org/1999/xhtml\"><p class=\"res-header-id\"><b>Generated Narrative: SearchParameter oncofair-sp-mr-type-elementprescrption</b></p><a name=\"oncofair-sp-mr-type-elementprescrption\"> </a><a name=\"hconcofair-sp-mr-type-elementprescrption\"> </a><a name=\"oncofair-sp-mr-type-elementprescrption-en-US\"> </a><h2>OncoFAIRSPMRTypeElementPrescription</h2><p>Parameter <code>mr-type-elementprescrption</code>:<code>token</code></p><div><p>Search for the type of element prescription</p>\n</div><table class=\"grid\"><tr><td>Resource</td><td><a href=\"http://hl7.org/fhir/R5/medicationrequest.html\">MedicationRequest</a></td></tr><tr><td>Expression</td><td><code>MedicationRequest.dosageInstruction.where(id='element').method</code></td></tr><tr><td>Processing Mode</td><td>Normal</td></tr><tr><td>Multiples</td><td><ul><li>multipleAnd: It's up to the server whether the parameter may repeat in order to specify multiple values that must all be true</li><li>multipleOr: It's up to the server whether the parameter can have multiple values (separated by comma) where at least one must be true</li></ul></td></tr></table></div>"},"url":"http://ltsi.univ-rennes.fr/SearchParameter/oncofair-sp-mr-type-elementprescrption","version":"0.1.0","name":"OncoFAIRSPMRTypeElementPrescription","status":"active","date":"2024-07-17T09:54:34+00:00","publisher":"DOMASIA team of the Signal and Image Processing Laboratory (LTSI) and KEREVAL","contact":[{"name":"DOMASIA team of the Signal and Image Processing Laboratory (LTSI) and KEREVAL","telecom":[{"system":"url","value":"https://ltsi.univ-rennes.fr"}]}],"description":"Search for the type of element prescription","code":"mr-type-elementprescrption","base":["MedicationRequest"],"type":"token","expression":"MedicationRequest.dosageInstruction.where(id='element').method","processingMode":"normal"}