{"resourceType":"SearchParameter","id":"oncofair-sp-mr-component-substitution","text":{"status":"generated","div":"<div xmlns=\"http://www.w3.org/1999/xhtml\"><p class=\"res-header-id\"><b>Generated Narrative: SearchParameter oncofair-sp-mr-component-substitution</b></p><a name=\"oncofair-sp-mr-component-substitution\"> </a><a name=\"hconcofair-sp-mr-component-substitution\"> </a><a name=\"oncofair-sp-mr-component-substitution-en-US\"> </a><h2>OncoFAIRSPMRComponentSubstitution</h2><p>Parameter <code>mr-component-substitution</code>:<code>token</code></p><div><p>Search to find out if the component prescribed is declared non-substitutable in the prescription element</p>\n</div><table class=\"grid\"><tr><td>Resource</td><td><a href=\"http://hl7.org/fhir/R5/medicationrequest.html\">MedicationRequest</a></td></tr><tr><td>Expression</td><td><code>MedicationRequest.substitution.allowed.as(boolean)</code></td></tr><tr><td>Processing Mode</td><td>Normal</td></tr><tr><td>Multiples</td><td><ul><li>multipleAnd: It's up to the server whether the parameter may repeat in order to specify multiple values that must all be true</li><li>multipleOr: It's up to the server whether the parameter can have multiple values (separated by comma) where at least one must be true</li></ul></td></tr></table></div>"},"url":"http://ltsi.univ-rennes.fr/SearchParameter/oncofair-sp-mr-component-substitution","version":"0.1.0","name":"OncoFAIRSPMRComponentSubstitution","status":"active","date":"2024-07-30T13:12:38+00:00","publisher":"DOMASIA team of the Signal and Image Processing Laboratory (LTSI) and KEREVAL","contact":[{"name":"DOMASIA team of the Signal and Image Processing Laboratory (LTSI) and KEREVAL","telecom":[{"system":"url","value":"https://ltsi.univ-rennes.fr"}]}],"description":"Search to find out if the component prescribed is declared non-substitutable in the prescription element ","code":"mr-component-substitution","base":["MedicationRequest"],"type":"token","expression":"MedicationRequest.substitution.allowed.as(boolean)","processingMode":"normal"}