{"resourceType":"SearchParameter","id":"oncofair-sp-element-form","text":{"status":"generated","div":"<div xmlns=\"http://www.w3.org/1999/xhtml\"><h2>OncoFAIRSPElementForm</h2><p>Parameter <code>element-form</code>:<code>token</code></p><div><p>Search parameter to retrieve the element form</p>\n</div><table class=\"grid\"><tr><td>Resource</td><td><a href=\"http://hl7.org/fhir/R5/medicationrequest.html\">MedicationRequest</a></td></tr><tr><td>Expression</td><td><code>MedicationRequest.dosageInstruction.where(id='element').route</code></td></tr><tr><td>Processing Mode</td><td>Normal</td></tr><tr><td>Multiples</td><td><ul><li>multipleAnd: It's up to the server whether the parameter may repeat in order to specify multiple values that must all be true</li><li>multipleOr: It's up to the server whether the parameter can have multiple values (separated by comma) where at least one must be true</li></ul></td></tr></table></div>"},"url":"http://ltsi.univ-rennes.fr/SearchParameter/oncofair-sp-element-form","version":"0.1.0","name":"OncoFAIRSPElementForm","status":"active","date":"2024-06-25T08:47:40+00:00","publisher":"DOMASIA team of the Signal and Image Processing Laboratory (LTSI) and KEREVAL","contact":[{"name":"DOMASIA team of the Signal and Image Processing Laboratory (LTSI) and KEREVAL","telecom":[{"system":"url","value":"https://ltsi.univ-rennes.fr"}]}],"description":"Search parameter to retrieve the element form","code":"element-form","base":["MedicationRequest"],"type":"token","expression":"MedicationRequest.dosageInstruction.where(id='element').route","processingMode":"normal"}