{"resourceType":"ValueSet","id":"siph-renscomplement-oncofair-valueset","text":{"status":"generated","div":"<div xmlns=\"http://www.w3.org/1999/xhtml\"><ul><li>Include all codes defined in <a href=\"CodeSystem-siph-renscomplement-oncofair-codesystem.html\"><code>http://ltsi.univ-rennes.fr/CodeSystem/siph-renscomplement-oncofair-codesystem</code></a></li></ul></div>"},"url":"http://ltsi.univ-rennes.fr/ValueSet/siph-renscomplement-oncofair-valueset","version":"0.1.0","name":"SIPhRensComplementOncoFAIRValueSet","title":"Renseignement complémentaire Value Set","status":"draft","experimental":true,"date":"2024-06-17T08:31:35+00:00","publisher":"DOMASIA team of the Signal and Image Processing Laboratory (LTSI) and KEREVAL","contact":[{"name":"DOMASIA team of the Signal and Image Processing Laboratory (LTSI) and KEREVAL","telecom":[{"system":"url","value":"https://ltsi.univ-rennes.fr"}]}],"description":"Value Set pour RensComplement","compose":{"include":[{"system":"http://ltsi.univ-rennes.fr/CodeSystem/siph-renscomplement-oncofair-codesystem"}]}}