{"resourceType":"ValueSet","id":"siph-statutcomposantadm-oncofair-valueset","text":{"status":"generated","div":"<div xmlns=\"http://www.w3.org/1999/xhtml\"><ul><li>Include all codes defined in <a href=\"CodeSystem-siph-statutcomposantadm-oncofair-codesystem.html\"><code>http://ltsi.univ-rennes.fr/CodeSystem/siph-statutcomposantadm-oncofair-codesystem</code></a></li></ul></div>"},"url":"http://ltsi.univ-rennes.fr/ValueSet/siph-statutcomposantadm-oncofair-valueset","version":"0.1.0","name":"SIPhStatutComposantAdmOncoFAIRValueSet","title":"Statut composant administré Value Set","status":"draft","experimental":true,"date":"2024-06-14T09:45:22+00:00","publisher":"DOMASIA team of the Signal and Image Processing Laboratory (LTSI) and KEREVAL","contact":[{"name":"DOMASIA team of the Signal and Image Processing Laboratory (LTSI) and KEREVAL","telecom":[{"system":"url","value":"https://ltsi.univ-rennes.fr"}]}],"description":"Value Set pour StatutComposantAdm","compose":{"include":[{"system":"http://ltsi.univ-rennes.fr/CodeSystem/siph-statutcomposantadm-oncofair-codesystem"}]}}