{"resourceType":"CodeSystem","id":"siph-natureproppharm-oncofair-codesystem","text":{"status":"generated","div":"<div xmlns=\"http://www.w3.org/1999/xhtml\"><p class=\"res-header-id\"><b>Generated Narrative: CodeSystem siph-natureproppharm-oncofair-codesystem</b></p><a name=\"siph-natureproppharm-oncofair-codesystem\"> </a><a name=\"hcsiph-natureproppharm-oncofair-codesystem\"> </a><a name=\"siph-natureproppharm-oncofair-codesystem-en-US\"> </a><p>This case-sensitive code system <code>http://ltsi.univ-rennes.fr/CodeSystem/siph-natureproppharm-oncofair-codesystem</code> defines the following codes:</p><table class=\"codes\"><tr><td style=\"white-space:nowrap\"><b>Code</b></td><td><b>Display</b></td></tr><tr><td style=\"white-space:nowrap\">NON<a name=\"siph-natureproppharm-oncofair-codesystem-NON\"> </a></td><td>Aucune</td></tr><tr><td style=\"white-space:nowrap\">SUG<a name=\"siph-natureproppharm-oncofair-codesystem-SUG\"> </a></td><td>Suggestion</td></tr><tr><td style=\"white-space:nowrap\">SUB<a name=\"siph-natureproppharm-oncofair-codesystem-SUB\"> </a></td><td>Substitution</td></tr><tr><td style=\"white-space:nowrap\">DDC<a name=\"siph-natureproppharm-oncofair-codesystem-DDC\"> </a></td><td>Dispensation DC</td></tr></table></div>"},"url":"http://ltsi.univ-rennes.fr/CodeSystem/siph-natureproppharm-oncofair-codesystem","version":"0.1.0","name":"SIPhNaturePropPharmOncoFAIRCodeSystem","title":"Nature proposition pharmaceutique Code System","status":"draft","experimental":true,"date":"2024-12-30T08:25:45+00:00","publisher":"DOMASIA team of the Signal and Image Processing Laboratory (LTSI) and KEREVAL","contact":[{"name":"DOMASIA team of the Signal and Image Processing Laboratory (LTSI) and KEREVAL","telecom":[{"system":"url","value":"https://ltsi.univ-rennes.fr"}]}],"description":"Code system pour l'attribut NaturePropPharm","caseSensitive":true,"content":"complete","count":4,"concept":[{"code":"NON","display":"Aucune"},{"code":"SUG","display":"Suggestion"},{"code":"SUB","display":"Substitution"},{"code":"DDC","display":"Dispensation DC"}]}