{"resourceType":"SearchParameter","id":"oncofair-sp-cp-title","text":{"status":"generated","div":"<div xmlns=\"http://www.w3.org/1999/xhtml\"><p class=\"res-header-id\"><b>Generated Narrative: SearchParameter oncofair-sp-cp-title</b></p><a name=\"oncofair-sp-cp-title\"> </a><a name=\"hconcofair-sp-cp-title\"> </a><a name=\"oncofair-sp-cp-title-en-US\"> </a><h2>OncoFAIRSPCPTitle</h2><p>Parameter <code>cp-title</code>:<code>string</code></p><div><p>Search for the title of the prescribed protocol</p>\n</div><table class=\"grid\"><tr><td>Resource</td><td><a href=\"http://hl7.org/fhir/R5/careplan.html\">CarePlan</a></td></tr><tr><td>Expression</td><td><code>CarePlan.title</code></td></tr><tr><td>Processing Mode</td><td>Normal</td></tr><tr><td>Multiples</td><td><ul><li>multipleAnd: It's up to the server whether the parameter may repeat in order to specify multiple values that must all be true</li><li>multipleOr: It's up to the server whether the parameter can have multiple values (separated by comma) where at least one must be true</li></ul></td></tr></table></div>"},"url":"http://ltsi.univ-rennes.fr/SearchParameter/oncofair-sp-cp-title","version":"0.1.0","name":"OncoFAIRSPCPTitle","status":"active","date":"2025-01-16T12:57:14+00:00","publisher":"DOMASIA team of the Signal and Image Processing Laboratory (LTSI) and KEREVAL","contact":[{"name":"DOMASIA team of the Signal and Image Processing Laboratory (LTSI) and KEREVAL","telecom":[{"system":"url","value":"https://ltsi.univ-rennes.fr"}]}],"description":"Search for the title of the prescribed protocol","code":"cp-title","base":["CarePlan"],"type":"string","expression":"CarePlan.title","processingMode":"normal"}