{"resourceType":"SearchParameter","id":"oncofair-sp-ma-comments","text":{"status":"generated","div":"<div xmlns=\"http://www.w3.org/1999/xhtml\"><p class=\"res-header-id\"><b>Generated Narrative: SearchParameter oncofair-sp-ma-comments</b></p><a name=\"oncofair-sp-ma-comments\"> </a><a name=\"hconcofair-sp-ma-comments\"> </a><a name=\"oncofair-sp-ma-comments-en-US\"> </a><h2>OncoFAIRSPMAComments</h2><p>Parameter <code>ma-comments</code>:<code>string</code></p><div><p>Search for comments on the administration element</p>\n</div><table class=\"grid\"><tr><td>Resource</td><td><a href=\"http://hl7.org/fhir/R5/medicationadministration.html\">MedicationAdministration</a></td></tr><tr><td>Expression</td><td><code>MedicationAdministration.note.where(id='comments').text</code></td></tr><tr><td>Processing Mode</td><td>Normal</td></tr><tr><td>Multiples</td><td><ul><li>multipleAnd: It's up to the server whether the parameter may repeat in order to specify multiple values that must all be true</li><li>multipleOr: It's up to the server whether the parameter can have multiple values (separated by comma) where at least one must be true</li></ul></td></tr></table></div>"},"url":"http://ltsi.univ-rennes.fr/SearchParameter/oncofair-sp-ma-comments","version":"0.1.0","name":"OncoFAIRSPMAComments","status":"active","date":"2025-01-16T12:57:14+00:00","publisher":"DOMASIA team of the Signal and Image Processing Laboratory (LTSI) and KEREVAL","contact":[{"name":"DOMASIA team of the Signal and Image Processing Laboratory (LTSI) and KEREVAL","telecom":[{"system":"url","value":"https://ltsi.univ-rennes.fr"}]}],"description":"Search for comments on the administration element","code":"ma-comments","base":["MedicationAdministration"],"type":"string","expression":"MedicationAdministration.note.where(id='comments').text","processingMode":"normal"}