{
  "resourceType" : "CodeSystem",
  "id" : "siph-typeevenement-oncofair-codesystem",
  "text" : {
    "status" : "generated",
    "div" : "<div xmlns=\"http://www.w3.org/1999/xhtml\"><p class=\"res-header-id\"><b>Generated Narrative: CodeSystem siph-typeevenement-oncofair-codesystem</b></p><a name=\"siph-typeevenement-oncofair-codesystem\"> </a><a name=\"hcsiph-typeevenement-oncofair-codesystem\"> </a><a name=\"siph-typeevenement-oncofair-codesystem-en-US\"> </a><p>This case-sensitive code system <code>http://ltsi.univ-rennes.fr/CodeSystem/siph-typeevenement-oncofair-codesystem</code> defines the following codes:</p><table class=\"codes\"><tr><td style=\"white-space:nowrap\"><b>Code</b></td><td><b>Display</b></td></tr><tr><td style=\"white-space:nowrap\">DH<a name=\"siph-typeevenement-oncofair-codesystem-DH\"> </a></td><td>date-heure absolue</td></tr><tr><td style=\"white-space:nowrap\">DHEVT<a name=\"siph-typeevenement-oncofair-codesystem-DHEVT\"> </a></td><td>date-heure relative à un événement</td></tr><tr><td style=\"white-space:nowrap\">SIGNE<a name=\"siph-typeevenement-oncofair-codesystem-SIGNE\"> </a></td><td>survenue d'un signe</td></tr><tr><td style=\"white-space:nowrap\">POSOCOND<a name=\"siph-typeevenement-oncofair-codesystem-POSOCOND\"> </a></td><td>paramètre de posologie conditionnelle</td></tr></table></div>"
  },
  "url" : "http://ltsi.univ-rennes.fr/CodeSystem/siph-typeevenement-oncofair-codesystem",
  "version" : "0.1.0",
  "name" : "SIPhTypeEvenementOncoFAIRCodeSystem",
  "title" : "Type évènement Code System",
  "status" : "draft",
  "experimental" : true,
  "date" : "2024-11-28T10:15:33+00:00",
  "publisher" : "DOMASIA team of the Signal and Image Processing Laboratory (LTSI) and KEREVAL",
  "contact" : [{
    "name" : "DOMASIA team of the Signal and Image Processing Laboratory (LTSI) and KEREVAL",
    "telecom" : [{
      "system" : "url",
      "value" : "https://ltsi.univ-rennes.fr"
    }]
  }],
  "description" : "Code system pour l'attribut TypeEvenement",
  "caseSensitive" : true,
  "content" : "complete",
  "count" : 4,
  "concept" : [{
    "code" : "DH",
    "display" : "date-heure absolue"
  },
  {
    "code" : "DHEVT",
    "display" : "date-heure relative à un événement"
  },
  {
    "code" : "SIGNE",
    "display" : "survenue d'un signe"
  },
  {
    "code" : "POSOCOND",
    "display" : "paramètre de posologie conditionnelle"
  }]
}