<?xml version="1.0" encoding="UTF-8"?>

<MedicationRequest xmlns="http://hl7.org/fhir">
  <id value="PrescriptionFolfox-oxaliplatine"/>
  <meta>
    <profile value="http://ltsi.univ-rennes.fr/StructureDefinition/oncofair-medicationrequest-prescription"/>
  </meta>
  <text>
    <status value="extensions"/><div xmlns="http://www.w3.org/1999/xhtml"><p class="res-header-id"><b>Generated Narrative: MedicationRequest PrescriptionFolfox-oxaliplatine</b></p><a name="PrescriptionFolfox-oxaliplatine"> </a><a name="hcPrescriptionFolfox-oxaliplatine"> </a><a name="PrescriptionFolfox-oxaliplatine-en-US"> </a><p><b>OncoFAIRMRPrescriptionValidationDate</b>: 2024-06-01 08:00:00+0000</p><p><b>identifier</b>: prescription-folfox-oxaliplatine</p><p><b>basedOn</b>: <a href="CarePlan-OncoFAIRCarePlan-folfox.html">CarePlan Folfox</a></p><p><b>groupIdentifier</b>: folfox-example</p><p><b>status</b>: Active</p><p><b>intent</b>: Order</p><h3>Medications</h3><table class="grid"><tr><td style="display: none">-</td><td><b>Concept</b></td><td><b>Reference</b></td></tr><tr><td style="display: none">*</td><td><span title="Codes:{http://ltsi.univ-rennes.fr/CodeSystem/concept-medication-oncofair-codesystem prescription}">prescription</span></td><td><a href="Medication-OncoFAIRMedication-oxaliplatine.html">Medication Oxaliplatin</a></td></tr></table><p><b>subject</b>: <a href="Patient-ExampleOncoFAIRPatient.html">Anonymous Patient (no stated gender), DoB Unknown ( 123456789)</a></p><p><b>encounter</b>: <a href="Encounter-ExampleOncoFAIREncounter.html">Encounter: identifier = EN-987654; status = in-progress</a></p><p><b>supportingInformation</b>: </p><ul><li><a href="HealthcareService-ExampleHealthcareServiceAccomodation.html">HealthcareService: identifier = A065</a></li><li><a href="HealthcareService-ExampleHealthcareServiceMedicalLiability.html">HealthcareService: identifier = MD067</a></li></ul><h3>Reasons</h3><table class="grid"><tr><td style="display: none">-</td><td><b>Reference</b></td></tr><tr><td style="display: none">*</td><td><a href="Observation-ExampleOncoFAIRObservation.html">Observation Poids</a></td></tr></table><p><b>note</b>: This is a default comment on the prescription by the prescribing doctor.</p></div>
  </text>
  <extension url="http://ltsi.univ-rennes.fr/StructureDefinition/oncofair-mr-prescription-validation-date">
    <valueDateTime value="2024-06-01T08:00:00Z"/>
  </extension>
  <identifier>
    <value value="prescription-folfox-oxaliplatine"/>
  </identifier>
  <basedOn>
    <reference value="CarePlan/OncoFAIRCarePlan-folfox"/>
  </basedOn>
  <groupIdentifier>
    <value value="folfox-example"/>
  </groupIdentifier>
  <status value="active"/>
  <intent value="order"/>
  <medication>
    <concept>
      <coding>
        <system value="http://ltsi.univ-rennes.fr/CodeSystem/concept-medication-oncofair-codesystem"/>
        <code value="prescription"/>
        <display value="prescription"/>
      </coding>
    </concept>
    <reference>
      <reference value="Medication/OncoFAIRMedication-oxaliplatine"/>
    </reference>
  </medication>
  <subject>
    <reference value="Patient/ExampleOncoFAIRPatient"/>
  </subject>
  <encounter>
    <reference value="Encounter/ExampleOncoFAIREncounter"/>
  </encounter>
  <supportingInformation id="accomodationUnit">
    <reference value="HealthcareService/ExampleHealthcareServiceAccomodation"/>
  </supportingInformation>
  <supportingInformation id="medicalLiabiltyUnit">
    <reference value="HealthcareService/ExampleHealthcareServiceMedicalLiability"/>
  </supportingInformation>
  <reason>
    <reference>
      <reference value="Observation/ExampleOncoFAIRObservation"/>
    </reference>
  </reason>
  <note>
    <text value="This is a default comment on the prescription by the prescribing doctor."/>
  </note>
</MedicationRequest>