<?xml version="1.0" encoding="UTF-8"?>

<ValueSet xmlns="http://hl7.org/fhir">
  <id value="vsMedicationItemProvenance"/>
  <text>
    <status value="generated"/><div xmlns="http://www.w3.org/1999/xhtml"><p class="res-header-id"><b>Generated Narrative: ValueSet vsMedicationItemProvenance</b></p><a name="vsMedicationItemProvenance"> </a><a name="hcvsMedicationItemProvenance"> </a><a name="vsMedicationItemProvenance-en-US"> </a><ul><li>Include all codes defined in <a href="CodeSystem-CSMedicationItemProvenance.html"><code>http://ltsi.univ-rennes.fr/CodeSystem/CSMedicationItemProvenance</code></a></li></ul></div>
  </text>
  <url value="http://ltsi.univ-rennes.fr/ValueSet/vsMedicationItemProvenance"/>
  <version value="0.1.0"/>
  <name value="VSMedicationItemProvenance"/>
  <title value="Medication item provenance"/>
  <status value="draft"/>
  <experimental value="true"/>
  <date value="2025-01-17T11:57:47+00:00"/>
  <publisher value="DOMASIA team of the Signal and Image Processing Laboratory (LTSI) and KEREVAL"/>
  <contact>
    <name value="DOMASIA team of the Signal and Image Processing Laboratory (LTSI) and KEREVAL"/>
    <telecom>
      <system value="url"/>
      <value value="https://ltsi.univ-rennes.fr"/>
    </telecom>
  </contact>
  <description value="ValueSet for medication item provenance."/>
  <compose>
    <include>
      <system value="http://ltsi.univ-rennes.fr/CodeSystem/CSMedicationItemProvenance"/>
    </include>
  </compose>
</ValueSet>