{
  "resourceType" : "CodeSystem",
  "id" : "CSLOINC",
  "text" : {
    "status" : "generated",
    "div" : "<div xmlns=\"http://www.w3.org/1999/xhtml\"><p>This case-sensitive code system <code>http://ltsi.univ-rennes.fr/CodeSystem/CSLOINC</code> defines the following codes:</p><table class=\"codes\"><tr><td style=\"white-space:nowrap\"><b>Code</b></td><td><b>Display</b></td></tr><tr><td style=\"white-space:nowrap\">29463-7<a name=\"CSLOINC-29463-7\"> </a></td><td>Weight</td></tr><tr><td style=\"white-space:nowrap\">8302-2<a name=\"CSLOINC-8302-2\"> </a></td><td>Height</td></tr><tr><td style=\"white-space:nowrap\">29274-8&quot;<a name=\"CSLOINC-29274-8.34\"> </a></td><td>Vital signs measurements</td></tr><tr><td style=\"white-space:nowrap\">44292-1<a name=\"CSLOINC-44292-1\"> </a></td><td>Dosage instructions</td></tr><tr><td style=\"white-space:nowrap\">36380-3<a name=\"CSLOINC-36380-3\"> </a></td><td>Duration of medication therapy</td></tr></table></div>"
  },
  "url" : "http://ltsi.univ-rennes.fr/CodeSystem/CSLOINC",
  "version" : "0.1.0",
  "name" : "CSLOINC",
  "title" : "LOINC codes",
  "status" : "draft",
  "experimental" : true,
  "date" : "2024-03-25T08:26:42+00:00",
  "publisher" : "DOMASIA team of the Signal and Image Processing Laboratory (LTSI)",
  "contact" : [{
    "name" : "DOMASIA team of the Signal and Image Processing Laboratory (LTSI)",
    "telecom" : [{
      "system" : "url",
      "value" : "https://ltsi.univ-rennes.fr"
    }]
  }],
  "description" : "LOINC CodeSystem.",
  "caseSensitive" : true,
  "content" : "complete",
  "count" : 5,
  "concept" : [{
    "code" : "29463-7",
    "display" : "Weight"
  },
  {
    "code" : "8302-2",
    "display" : "Height"
  },
  {
    "code" : "29274-8\"",
    "display" : "Vital signs measurements"
  },
  {
    "code" : "44292-1",
    "display" : "Dosage instructions"
  },
  {
    "code" : "36380-3",
    "display" : "Duration of medication therapy"
  }]
}