{
  "resourceType" : "SearchParameter",
  "id" : "oncofair-sp-ma-method",
  "text" : {
    "status" : "generated",
    "div" : "<div xmlns=\"http://www.w3.org/1999/xhtml\"><p class=\"res-header-id\"><b>Generated Narrative: SearchParameter oncofair-sp-ma-method</b></p><a name=\"oncofair-sp-ma-method\"> </a><a name=\"hconcofair-sp-ma-method\"> </a><a name=\"oncofair-sp-ma-method-en-US\"> </a><h2>OncoFAIRSPMAMethod</h2><p>Parameter <code>ma-method</code>:<code>token</code></p><div><p>Search for type of administration element</p>\n</div><table class=\"grid\"><tr><td>Resource</td><td><a href=\"http://hl7.org/fhir/R5/medicationadministration.html\">MedicationAdministration</a></td></tr><tr><td>Expression</td><td><code>MedicationAdministration.dosage.method</code></td></tr><tr><td>Processing Mode</td><td>Normal</td></tr><tr><td>Multiples</td><td><ul><li>multipleAnd: It's up to the server whether the parameter may repeat in order to specify multiple values that must all be true</li><li>multipleOr: It's up to the server whether the parameter can have multiple values (separated by comma) where at least one must be true</li></ul></td></tr></table></div>"
  },
  "url" : "http://ltsi.univ-rennes.fr/SearchParameter/oncofair-sp-ma-method",
  "version" : "0.1.0",
  "name" : "OncoFAIRSPMAMethod",
  "status" : "active",
  "date" : "2025-05-16T07:42:08+00:00",
  "publisher" : "KEREVAL and DOMASIA team of the Signal and Image Processing Laboratory (LTSI)",
  "contact" : [{
    "name" : "KEREVAL and DOMASIA team of the Signal and Image Processing Laboratory (LTSI)",
    "telecom" : [{
      "system" : "url",
      "value" : "https://github.com/ONCOFAIR"
    }]
  }],
  "description" : "Search for type of administration element",
  "code" : "ma-method",
  "base" : ["MedicationAdministration"],
  "type" : "token",
  "expression" : "MedicationAdministration.dosage.method",
  "processingMode" : "normal"
}