<?xml version="1.0" encoding="UTF-8"?>

<ValueSet xmlns="http://hl7.org/fhir">
  <id value="vsMedicationLTIExemption"/>
  <text>
    <status value="generated"/><div xmlns="http://www.w3.org/1999/xhtml"><p class="res-header-id"><b>Generated Narrative: ValueSet vsMedicationLTIExemption</b></p><a name="vsMedicationLTIExemption"> </a><a name="hcvsMedicationLTIExemption"> </a><a name="vsMedicationLTIExemption-en-US"> </a><ul><li>Include all codes defined in <a href="CodeSystem-medication-lti-exemption.html"><code>http://ltsi.univ-rennes.fr/CodeSystem/medication-lti-exemption</code></a></li></ul></div>
  </text>
  <url value="http://ltsi.univ-rennes.fr/ValueSet/vsMedicationLTIExemption"/>
  <version value="0.1.0"/>
  <name value="VSMedicationLTIExemption"/>
  <title value="Medication LTI Exemption"/>
  <status value="draft"/>
  <experimental value="true"/>
  <date value="2025-01-20T14:10:20+00:00"/>
  <publisher value="DOMASIA team of the Signal and Image Processing Laboratory (LTSI) and KEREVAL"/>
  <contact>
    <name value="DOMASIA team of the Signal and Image Processing Laboratory (LTSI) and KEREVAL"/>
    <telecom>
      <system value="url"/>
      <value value="https://ltsi.univ-rennes.fr"/>
    </telecom>
  </contact>
  <description value="ValueSet for medication LTI exemption."/>
  <compose>
    <include>
      <system value="http://ltsi.univ-rennes.fr/CodeSystem/medication-lti-exemption"/>
    </include>
  </compose>
</ValueSet>