{
  "resourceType" : "MedicationAdministration",
  "id" : "ExampleOncoFAIRMedicationAdministrationReport",
  "meta" : {
    "profile" : ["http://ltsi.univ-rennes.fr/StructureDefinition/oncofair-medicationadministration-report"]
  },
  "text" : {
    "status" : "generated",
    "div" : "<div xmlns=\"http://www.w3.org/1999/xhtml\"><p class=\"res-header-id\"><b>Generated Narrative: MedicationAdministration ExampleOncoFAIRMedicationAdministrationReport</b></p><a name=\"ExampleOncoFAIRMedicationAdministrationReport\"> </a><a name=\"hcExampleOncoFAIRMedicationAdministrationReport\"> </a><a name=\"ExampleOncoFAIRMedicationAdministrationReport-en-US\"> </a><p><b>identifier</b>: REP-123456</p><p><b>status</b>: In Progress</p><h3>Medications</h3><table class=\"grid\"><tr><td style=\"display: none\">-</td><td><b>Concept</b></td><td><b>Reference</b></td></tr><tr><td style=\"display: none\">*</td><td><span title=\"Codes:{http://ltsi.univ-rennes.fr/CodeSystem/concept-medication-oncofair-codesystem report}\">report</span></td><td><a href=\"Medication-ExampleOncoFAIRMedication.html\">Medication Ibuprofen</a></td></tr></table><p><b>subject</b>: <a href=\"Patient-ExampleOncoFAIRPatient.html\">Anonymous Patient Male, DoB: 2024-09-30 ( 123456789)</a></p><p><b>encounter</b>: <a href=\"Encounter-ExampleOncoFAIREncounter.html\">Encounter: identifier = EN-987654; status = in-progress</a></p><p><b>occurence</b>: 2024-06-01 08:00:00+0000</p><blockquote><p><b>performer</b></p><h3>Actors</h3><table class=\"grid\"><tr><td style=\"display: none\">-</td><td><b>Reference</b></td></tr><tr><td style=\"display: none\">*</td><td><a href=\"Practitioner-ExampleOncoFAIRPractitioner.html\">Practitioner: identifier = 12345</a></td></tr></table></blockquote></div>"
  },
  "identifier" : [{
    "value" : "REP-123456"
  }],
  "status" : "in-progress",
  "medication" : {
    "concept" : {
      "coding" : [{
        "system" : "http://ltsi.univ-rennes.fr/CodeSystem/concept-medication-oncofair-codesystem",
        "code" : "report",
        "display" : "report"
      }]
    },
    "reference" : {
      "reference" : "Medication/ExampleOncoFAIRMedication"
    }
  },
  "subject" : {
    "reference" : "Patient/ExampleOncoFAIRPatient"
  },
  "encounter" : {
    "reference" : "Encounter/ExampleOncoFAIREncounter"
  },
  "occurenceDateTime" : "2024-06-01T08:00:00Z",
  "performer" : [{
    "actor" : {
      "reference" : {
        "reference" : "Practitioner/ExampleOncoFAIRPractitioner"
      }
    }
  }]
}