{"resourceType":"CodeSystem","id":"CSMedicationTypes","text":{"status":"generated","div":"<div xmlns=\"http://www.w3.org/1999/xhtml\"><p>This case-sensitive code system <code>http://ltsi.univ-rennes.fr/CodeSystem/CSMedicationTypes</code> defines the following codes:</p><table class=\"codes\"><tr><td style=\"white-space:nowrap\"><b>Code</b></td><td><b>Display</b></td></tr><tr><td style=\"white-space:nowrap\">1<a name=\"CSMedicationTypes-1\"> </a></td><td>specialite</td></tr><tr><td style=\"white-space:nowrap\">2<a name=\"CSMedicationTypes-2\"> </a></td><td>ATU nominative</td></tr><tr><td style=\"white-space:nowrap\">3<a name=\"CSMedicationTypes-3\"> </a></td><td>principe actif</td></tr><tr><td style=\"white-space:nowrap\">4<a name=\"CSMedicationTypes-4\"> </a></td><td>preparation hospitaliere</td></tr><tr><td style=\"white-space:nowrap\">5<a name=\"CSMedicationTypes-5\"> </a></td><td>importation|importation</td></tr><tr><td style=\"white-space:nowrap\">6<a name=\"CSMedicationTypes-6\"> </a></td><td>ATU de cohorte</td></tr><tr><td style=\"white-space:nowrap\">7<a name=\"CSMedicationTypes-7\"> </a></td><td>preparation magistrale</td></tr><tr><td style=\"white-space:nowrap\">8<a name=\"CSMedicationTypes-8\"> </a></td><td>matiere premiere</td></tr><tr><td style=\"white-space:nowrap\">9<a name=\"CSMedicationTypes-9\"> </a></td><td>medicament virtuel THESORIMED</td></tr><tr><td style=\"white-space:nowrap\">10<a name=\"CSMedicationTypes-10\"> </a></td><td>medicament virtuel THERIAQUE</td></tr><tr><td style=\"white-space:nowrap\">11<a name=\"CSMedicationTypes-11\"> </a></td><td>medicament virtuel BCB DEXTER</td></tr><tr><td style=\"white-space:nowrap\">12<a name=\"CSMedicationTypes-12\"> </a></td><td>medicament virtuel VIDAL</td></tr><tr><td style=\"white-space:nowrap\">13<a name=\"CSMedicationTypes-13\"> </a></td><td>denomination commune</td></tr><tr><td style=\"white-space:nowrap\">14<a name=\"CSMedicationTypes-14\"> </a></td><td>medicament virtuel MedicaBase</td></tr></table></div>"},"url":"http://ltsi.univ-rennes.fr/CodeSystem/CSMedicationTypes","version":"0.1.0","name":"CSMedicationTypes","title":"Medication types","status":"draft","experimental":true,"date":"2024-04-19T08:32:40+00:00","publisher":"DOMASIA team of the Signal and Image Processing Laboratory (LTSI) and KEREVAL","contact":[{"name":"DOMASIA team of the Signal and Image Processing Laboratory (LTSI) and KEREVAL","telecom":[{"system":"url","value":"https://ltsi.univ-rennes.fr"}]}],"description":"CodeSystem for french medication types.","caseSensitive":true,"content":"complete","count":14,"concept":[{"code":"1","display":"specialite"},{"code":"2","display":"ATU nominative"},{"code":"3","display":"principe actif"},{"code":"4","display":"preparation hospitaliere"},{"code":"5","display":"importation|importation"},{"code":"6","display":"ATU de cohorte"},{"code":"7","display":"preparation magistrale"},{"code":"8","display":"matiere premiere"},{"code":"9","display":"medicament virtuel THESORIMED"},{"code":"10","display":"medicament virtuel THERIAQUE"},{"code":"11","display":"medicament virtuel BCB DEXTER"},{"code":"12","display":"medicament virtuel VIDAL"},{"code":"13","display":"denomination commune"},{"code":"14","display":"medicament virtuel MedicaBase"}]}