{"resourceType":"ImplementationGuide","id":"ltsi.fhir.oncofair","text":{"status":"extensions","div":"<div xmlns=\"http://www.w3.org/1999/xhtml\"><h2>OncoFAIR</h2><p>The official URL for this implementation guide is: </p><pre>http://ltsi.univ-rennes.fr/ImplementationGuide/ltsi.fhir.oncofair</pre><div><p>The Onco-FAIR implementation guide reports on the implementation of prescribing and medication administration in oncology.</p>\n</div></div>"},"url":"http://ltsi.univ-rennes.fr/ImplementationGuide/ltsi.fhir.oncofair","version":"0.1.0","name":"OncoFAIR","title":"Onco-FAIR","status":"draft","date":"2024-04-23T15:10:46+00:00","publisher":"DOMASIA team of the Signal and Image Processing Laboratory (LTSI) and KEREVAL","contact":[{"name":"DOMASIA team of the Signal and Image Processing Laboratory (LTSI) and KEREVAL","telecom":[{"system":"url","value":"https://ltsi.univ-rennes.fr"}]}],"description":"The Onco-FAIR implementation guide reports on the implementation of prescribing and medication administration in oncology.","packageId":"ltsi.fhir.oncofair","license":"CC0-1.0","fhirVersion":["5.0.0"],"dependsOn":[{"id":"hl7tx","extension":[{"url":"http://hl7.org/fhir/tools/StructureDefinition/implementationguide-dependency-comment","valueMarkdown":"Automatically added as a dependency - all IGs depend on HL7 Terminology"}],"uri":"http://terminology.hl7.org/ImplementationGuide/hl7.terminology","packageId":"hl7.terminology.r5","version":"5.5.0"},{"id":"hl7ext","extension":[{"url":"http://hl7.org/fhir/tools/StructureDefinition/implementationguide-dependency-comment","valueMarkdown":"Automatically added as a dependency - all IGs depend on the HL7 Extension Pack"}],"uri":"http://hl7.org/fhir/extensions/ImplementationGuide/hl7.fhir.uv.extensions","packageId":"hl7.fhir.uv.extensions.r5","version":"1.0.0"}],"definition":{"extension":[{"url":"http://hl7.org/fhir/tools/StructureDefinition/ig-internal-dependency","valueCode":"hl7.fhir.uv.tools#0.1.0"}],"grouping":[{"id":"-str-profile","name":"Structures: Resource Profiles","description":"These define constraints on FHIR resources for systems conforming to this implementation guide."},{"id":"-str-extension","name":"Structures: Extension Definitions","description":"These define constraints on FHIR data types for systems conforming to this implementation guide."},{"id":"-term-valueset","name":"Terminology: Value Sets","description":"These define sets of codes used by systems conforming to this implementation guide."},{"id":"-term-codesystem","name":"Terminology: Code Systems","description":"These define new code systems used by systems conforming to this implementation guide."}],"resource":[{"extension":[{"url":"http://hl7.org/fhir/tools/StructureDefinition/resource-sort","valueInteger":999999999},{"url":"http://hl7.org/fhir/StructureDefinition/implementationguide-page","valueUri":"StructureDefinition-oncofair-encounter.html"}],"reference":{"reference":"StructureDefinition/oncofair-encounter"},"name":"ONCOFair Encounter","description":"ONCOFair Encounter","isExample":false,"groupingId":"-str-profile"},{"extension":[{"url":"http://hl7.org/fhir/tools/StructureDefinition/resource-sort","valueInteger":999999999},{"url":"http://hl7.org/fhir/StructureDefinition/implementationguide-page","valueUri":"StructureDefinition-oncofair-careplan.html"}],"reference":{"reference":"StructureDefinition/oncofair-careplan"},"name":"OncoFAIR CarePlan","description":"OncoFAIR CarePlan","isExample":false,"groupingId":"-str-profile"},{"extension":[{"url":"http://hl7.org/fhir/tools/StructureDefinition/resource-sort","valueInteger":999999999},{"url":"http://hl7.org/fhir/StructureDefinition/implementationguide-page","valueUri":"StructureDefinition-oncofair-medication.html"}],"reference":{"reference":"StructureDefinition/oncofair-medication"},"name":"OncoFAIR Medication","description":"Medication used in oncology.","isExample":false,"groupingId":"-str-profile"},{"extension":[{"url":"http://hl7.org/fhir/tools/StructureDefinition/resource-sort","valueInteger":999999999},{"url":"http://hl7.org/fhir/StructureDefinition/implementationguide-page","valueUri":"StructureDefinition-oncofair-medicationadministration-component.html"}],"reference":{"reference":"StructureDefinition/oncofair-medicationadministration-component"},"name":"OncoFAIR MedicationAdministration Component","description":"OncoFAIR MedicationAdministration Component","isExample":false,"groupingId":"-str-profile"},{"extension":[{"url":"http://hl7.org/fhir/tools/StructureDefinition/resource-sort","valueInteger":999999999},{"url":"http://hl7.org/fhir/StructureDefinition/implementationguide-page","valueUri":"StructureDefinition-oncofair-medicationadministration-element.html"}],"reference":{"reference":"StructureDefinition/oncofair-medicationadministration-element"},"name":"OncoFAIR MedicationAdministration Element","description":"OncoFAIR MedicationAdministration Element","isExample":false,"groupingId":"-str-profile"},{"extension":[{"url":"http://hl7.org/fhir/tools/StructureDefinition/resource-sort","valueInteger":999999999},{"url":"http://hl7.org/fhir/StructureDefinition/implementationguide-page","valueUri":"StructureDefinition-oncofair-medicationadministration-report.html"}],"reference":{"reference":"StructureDefinition/oncofair-medicationadministration-report"},"name":"OncoFAIR MedicationAdministration Report","description":"OncoFAIR MedicationAdministration Report","isExample":false,"groupingId":"-str-profile"},{"extension":[{"url":"http://hl7.org/fhir/tools/StructureDefinition/resource-sort","valueInteger":999999999},{"url":"http://hl7.org/fhir/StructureDefinition/implementationguide-page","valueUri":"StructureDefinition-oncofaire-medicationrequest-component.html"}],"reference":{"reference":"StructureDefinition/oncofaire-medicationrequest-component"},"name":"OncoFAIR MedicationRequest Component","description":"OncoFAIR MedicationRequest Component","isExample":false,"groupingId":"-str-profile"},{"extension":[{"url":"http://hl7.org/fhir/tools/StructureDefinition/resource-sort","valueInteger":999999999},{"url":"http://hl7.org/fhir/StructureDefinition/implementationguide-page","valueUri":"StructureDefinition-oncofaire-medicationrequest-element.html"}],"reference":{"reference":"StructureDefinition/oncofaire-medicationrequest-element"},"name":"OncoFAIR MedicationRequest Element","description":"OncoFAIR MedicationRequest Element","isExample":false,"groupingId":"-str-profile"},{"extension":[{"url":"http://hl7.org/fhir/tools/StructureDefinition/resource-sort","valueInteger":999999999},{"url":"http://hl7.org/fhir/StructureDefinition/implementationguide-page","valueUri":"StructureDefinition-oncofair-medicationrequest-prescription.html"}],"reference":{"reference":"StructureDefinition/oncofair-medicationrequest-prescription"},"name":"OncoFAIR MedicationRequest Prescription","description":"OncoFAIR MedicationRequest Prescription","isExample":false,"groupingId":"-str-profile"},{"extension":[{"url":"http://hl7.org/fhir/tools/StructureDefinition/resource-sort","valueInteger":999999999},{"url":"http://hl7.org/fhir/StructureDefinition/implementationguide-page","valueUri":"StructureDefinition-oncofair-observation.html"}],"reference":{"reference":"StructureDefinition/oncofair-observation"},"name":"OncoFAIR Observation","description":"Additional information, such as height or weight.","isExample":false,"groupingId":"-str-profile"},{"extension":[{"url":"http://hl7.org/fhir/tools/StructureDefinition/resource-sort","valueInteger":999999999},{"url":"http://hl7.org/fhir/StructureDefinition/implementationguide-page","valueUri":"StructureDefinition-oncofair-patient.html"}],"reference":{"reference":"StructureDefinition/oncofair-patient"},"name":"OncoFAIR Patient","description":"Patient receiving medical treatment in oncology.","isExample":false,"groupingId":"-str-profile"},{"extension":[{"url":"http://hl7.org/fhir/tools/StructureDefinition/resource-sort","valueInteger":999999999},{"url":"http://hl7.org/fhir/StructureDefinition/implementationguide-page","valueUri":"StructureDefinition-oncofair-cp-treatment.html"}],"reference":{"reference":"StructureDefinition/oncofair-cp-treatment"},"name":"OncoFAIRCPTreatment","description":"Extension créée dans le cadre d'OncoFAIR","isExample":false,"groupingId":"-str-extension"},{"extension":[{"url":"http://hl7.org/fhir/tools/StructureDefinition/resource-sort","valueInteger":999999999},{"url":"http://hl7.org/fhir/StructureDefinition/implementationguide-page","valueUri":"StructureDefinition-oncofair-element-form.html"}],"reference":{"reference":"StructureDefinition/oncofair-element-form"},"name":"OncoFAIRElementForm","description":"Extension créée dans le cadre d'OncoFAIR","isExample":false,"groupingId":"-str-extension"},{"extension":[{"url":"http://hl7.org/fhir/tools/StructureDefinition/resource-sort","valueInteger":999999999},{"url":"http://hl7.org/fhir/StructureDefinition/implementationguide-page","valueUri":"StructureDefinition-oncofair-ma-element-expirationdate.html"}],"reference":{"reference":"StructureDefinition/oncofair-ma-element-expirationdate"},"name":"OncoFAIRMAElementExpirationDate","description":"Extension créée dans le cadre d'OncoFAIR","isExample":false,"groupingId":"-str-extension"},{"extension":[{"url":"http://hl7.org/fhir/tools/StructureDefinition/resource-sort","valueInteger":999999999},{"url":"http://hl7.org/fhir/StructureDefinition/implementationguide-page","valueUri":"StructureDefinition-oncofair-ma-element-plannedperiod.html"}],"reference":{"reference":"StructureDefinition/oncofair-ma-element-plannedperiod"},"name":"OncoFAIRMAElementPlannedPeriod","description":"Extension créée dans le cadre d'OncoFAIR","isExample":false,"groupingId":"-str-extension"},{"extension":[{"url":"http://hl7.org/fhir/tools/StructureDefinition/resource-sort","valueInteger":999999999},{"url":"http://hl7.org/fhir/StructureDefinition/implementationguide-page","valueUri":"StructureDefinition-oncofair-ma-element-traceability.html"}],"reference":{"reference":"StructureDefinition/oncofair-ma-element-traceability"},"name":"OncoFAIRMAElementTraceability","description":"Extension créée dans le cadre d'OncoFAIR","isExample":false,"groupingId":"-str-extension"},{"extension":[{"url":"http://hl7.org/fhir/tools/StructureDefinition/resource-sort","valueInteger":999999999},{"url":"http://hl7.org/fhir/StructureDefinition/implementationguide-page","valueUri":"StructureDefinition-oncofair-ma-element-urgent.html"}],"reference":{"reference":"StructureDefinition/oncofair-ma-element-urgent"},"name":"OncoFAIRMAElementUrgent","description":"Extension créée dans le cadre d'OncoFAIR","isExample":false,"groupingId":"-str-extension"},{"extension":[{"url":"http://hl7.org/fhir/tools/StructureDefinition/resource-sort","valueInteger":999999999},{"url":"http://hl7.org/fhir/StructureDefinition/implementationguide-page","valueUri":"StructureDefinition-oncofair-mr-element-gonogo.html"}],"reference":{"reference":"StructureDefinition/oncofair-mr-element-gonogo"},"name":"OncoFAIRMRElementGoNogo","description":"Extension créée dans le cadre d'OncoFAIR","isExample":false,"groupingId":"-str-extension"},{"extension":[{"url":"http://hl7.org/fhir/tools/StructureDefinition/resource-sort","valueInteger":999999999},{"url":"http://hl7.org/fhir/StructureDefinition/implementationguide-page","valueUri":"StructureDefinition-oncofair-mr-element-linktype.html"}],"reference":{"reference":"StructureDefinition/oncofair-mr-element-linktype"},"name":"OncoFAIRMRElementLinkType","description":"Extension créée dans le cadre d'OncoFAIR","isExample":false,"groupingId":"-str-extension"},{"extension":[{"url":"http://hl7.org/fhir/tools/StructureDefinition/resource-sort","valueInteger":999999999},{"url":"http://hl7.org/fhir/StructureDefinition/implementationguide-page","valueUri":"StructureDefinition-oncofair-mr-element-rank.html"}],"reference":{"reference":"StructureDefinition/oncofair-mr-element-rank"},"name":"OncoFAIRMRElementRank","description":"Extension créée dans le cadre d'OncoFAIR","isExample":false,"groupingId":"-str-extension"},{"extension":[{"url":"http://hl7.org/fhir/tools/StructureDefinition/resource-sort","valueInteger":999999999},{"url":"http://hl7.org/fhir/StructureDefinition/implementationguide-page","valueUri":"StructureDefinition-oncofair-mr-element-supply.html"}],"reference":{"reference":"StructureDefinition/oncofair-mr-element-supply"},"name":"OncoFAIRMRElementSupply","description":"Extension créée dans le cadre d'OncoFAIR","isExample":false,"groupingId":"-str-extension"},{"extension":[{"url":"http://hl7.org/fhir/tools/StructureDefinition/resource-sort","valueInteger":999999999},{"url":"http://hl7.org/fhir/StructureDefinition/implementationguide-page","valueUri":"StructureDefinition-oncofair-mr-prescription-validationdate.html"}],"reference":{"reference":"StructureDefinition/oncofair-mr-prescription-validationdate"},"name":"OncoFAIRMRPrescriptionValidationDate","description":"Extension créée dans le cadre d'OncoFAIR","isExample":false,"groupingId":"-str-extension"},{"extension":[{"url":"http://hl7.org/fhir/tools/StructureDefinition/resource-sort","valueInteger":999999999},{"url":"http://hl7.org/fhir/StructureDefinition/implementationguide-page","valueUri":"StructureDefinition-oncofair-pharmacist-advice.html"}],"reference":{"reference":"StructureDefinition/oncofair-pharmacist-advice"},"name":"OncoFAIRPharmacistAdvice","description":"Extension créée dans le cadre d'OncoFAIR","isExample":false,"groupingId":"-str-extension"},{"extension":[{"url":"http://hl7.org/fhir/tools/StructureDefinition/resource-sort","valueInteger":999999999},{"url":"http://hl7.org/fhir/StructureDefinition/implementationguide-page","valueUri":"ValueSet-vsCommunicationModes.html"}],"reference":{"reference":"ValueSet/vsCommunicationModes"},"name":"Communication modes","description":"ValueSet for communication modes (incremental, summary).","isExample":false,"groupingId":"-term-valueset"},{"extension":[{"url":"http://hl7.org/fhir/tools/StructureDefinition/resource-sort","valueInteger":999999999},{"url":"http://hl7.org/fhir/StructureDefinition/implementationguide-page","valueUri":"ValueSet-vsLOINC.html"}],"reference":{"reference":"ValueSet/vsLOINC"},"name":"LOINC codes","description":"ValueSet of LOINC codes.","isExample":false,"groupingId":"-term-valueset"},{"extension":[{"url":"http://hl7.org/fhir/tools/StructureDefinition/resource-sort","valueInteger":999999999},{"url":"http://hl7.org/fhir/StructureDefinition/implementationguide-page","valueUri":"ValueSet-vsMedicalUnits.html"}],"reference":{"reference":"ValueSet/vsMedicalUnits"},"name":"Medical units","description":"ValueSet for medical units (accommodation, medical liability unit).","isExample":false,"groupingId":"-term-valueset"},{"extension":[{"url":"http://hl7.org/fhir/tools/StructureDefinition/resource-sort","valueInteger":999999999},{"url":"http://hl7.org/fhir/StructureDefinition/implementationguide-page","valueUri":"ValueSet-vsMedicationTypes.html"}],"reference":{"reference":"ValueSet/vsMedicationTypes"},"name":"Medication types","description":"ValueSet for medication types.","isExample":false,"groupingId":"-term-valueset"},{"extension":[{"url":"http://hl7.org/fhir/tools/StructureDefinition/resource-sort","valueInteger":999999999},{"url":"http://hl7.org/fhir/StructureDefinition/implementationguide-page","valueUri":"ValueSet-vsMedications.html"}],"reference":{"reference":"ValueSet/vsMedications"},"name":"Medications","description":"ValueSet for medications.","isExample":false,"groupingId":"-term-valueset"},{"extension":[{"url":"http://hl7.org/fhir/tools/StructureDefinition/resource-sort","valueInteger":999999999},{"url":"http://hl7.org/fhir/StructureDefinition/implementationguide-page","valueUri":"ValueSet-vsPrescriptionCategory.html"}],"reference":{"reference":"ValueSet/vsPrescriptionCategory"},"name":"Prescription status","description":"ValueSet for PlanDefinition types, extended to include creation, stop, modification and validation.","isExample":false,"groupingId":"-term-valueset"},{"extension":[{"url":"http://hl7.org/fhir/tools/StructureDefinition/resource-sort","valueInteger":999999999},{"url":"http://hl7.org/fhir/StructureDefinition/implementationguide-page","valueUri":"ValueSet-vsSCT.html"}],"reference":{"reference":"ValueSet/vsSCT"},"name":"SNOMED CT codes","description":"ValueSet of SNOMED CT codes.","isExample":false,"groupingId":"-term-valueset"},{"extension":[{"url":"http://hl7.org/fhir/tools/StructureDefinition/resource-sort","valueInteger":999999999},{"url":"http://hl7.org/fhir/StructureDefinition/implementationguide-page","valueUri":"CodeSystem-CSCommunicationModes.html"}],"reference":{"reference":"CodeSystem/CSCommunicationModes"},"name":"Communication modes","description":"CodeSystem for french communication modes (incremental, summary).","isExample":false,"groupingId":"-term-codesystem"},{"extension":[{"url":"http://hl7.org/fhir/tools/StructureDefinition/resource-sort","valueInteger":999999999},{"url":"http://hl7.org/fhir/StructureDefinition/implementationguide-page","valueUri":"CodeSystem-CSLOINC.html"}],"reference":{"reference":"CodeSystem/CSLOINC"},"name":"LOINC codes","description":"LOINC CodeSystem.","isExample":false,"groupingId":"-term-codesystem"},{"extension":[{"url":"http://hl7.org/fhir/tools/StructureDefinition/resource-sort","valueInteger":999999999},{"url":"http://hl7.org/fhir/StructureDefinition/implementationguide-page","valueUri":"CodeSystem-CSMedicalUnits.html"}],"reference":{"reference":"CodeSystem/CSMedicalUnits"},"name":"Medical units","description":"CodeSystem for french medical units (accommodation, medical liability unit).","isExample":false,"groupingId":"-term-codesystem"},{"extension":[{"url":"http://hl7.org/fhir/tools/StructureDefinition/resource-sort","valueInteger":999999999},{"url":"http://hl7.org/fhir/StructureDefinition/implementationguide-page","valueUri":"CodeSystem-CSMedicationTypes.html"}],"reference":{"reference":"CodeSystem/CSMedicationTypes"},"name":"Medication types","description":"CodeSystem for french medication types.","isExample":false,"groupingId":"-term-codesystem"},{"extension":[{"url":"http://hl7.org/fhir/tools/StructureDefinition/resource-sort","valueInteger":999999999},{"url":"http://hl7.org/fhir/StructureDefinition/implementationguide-page","valueUri":"CodeSystem-CSMedications.html"}],"reference":{"reference":"CodeSystem/CSMedications"},"name":"Medications","description":"CodeSystem for french medications.","isExample":false,"groupingId":"-term-codesystem"},{"extension":[{"url":"http://hl7.org/fhir/tools/StructureDefinition/resource-sort","valueInteger":999999999},{"url":"http://hl7.org/fhir/StructureDefinition/implementationguide-page","valueUri":"CodeSystem-CSPrescriptionCategory.html"}],"reference":{"reference":"CodeSystem/CSPrescriptionCategory"},"name":"Prescription category","description":"CodeSystem for french prescription category (creation, stop, modification, validation).","isExample":false,"groupingId":"-term-codesystem"},{"extension":[{"url":"http://hl7.org/fhir/tools/StructureDefinition/resource-sort","valueInteger":999999999},{"url":"http://hl7.org/fhir/StructureDefinition/implementationguide-page","valueUri":"CodeSystem-CSSCT.html"}],"reference":{"reference":"CodeSystem/CSSCT"},"name":"SNOMED CT Codes","description":"SNOMED CT code system.","isExample":false,"groupingId":"-term-codesystem"}],"page":{"sourceUrl":"toc.html","name":"toc.html","title":"Table of Contents","generation":"html","page":[{"sourceUrl":"index.html","name":"index.html","title":"Home","generation":"markdown"},{"sourceUrl":"artifacts.html","name":"artifacts.html","title":"Artifacts Summary","generation":"html","page":[{"sourceUrl":"StructureDefinition-oncofair-careplan.html","name":"StructureDefinition-oncofair-careplan.html","title":"OncoFAIR CarePlan","generation":"generated"},{"sourceUrl":"StructureDefinition-oncofair-encounter.html","name":"StructureDefinition-oncofair-encounter.html","title":"ONCOFair Encounter","generation":"generated"},{"sourceUrl":"StructureDefinition-oncofair-medication.html","name":"StructureDefinition-oncofair-medication.html","title":"OncoFAIR Medication","generation":"generated"},{"sourceUrl":"StructureDefinition-oncofair-medicationadministration-component.html","name":"StructureDefinition-oncofair-medicationadministration-component.html","title":"OncoFAIR MedicationAdministration Component","generation":"generated"},{"sourceUrl":"StructureDefinition-oncofair-medicationadministration-element.html","name":"StructureDefinition-oncofair-medicationadministration-element.html","title":"OncoFAIR MedicationAdministration Element","generation":"generated"},{"sourceUrl":"StructureDefinition-oncofair-medicationadministration-report.html","name":"StructureDefinition-oncofair-medicationadministration-report.html","title":"OncoFAIR MedicationAdministration Report","generation":"generated"},{"sourceUrl":"StructureDefinition-oncofaire-medicationrequest-component.html","name":"StructureDefinition-oncofaire-medicationrequest-component.html","title":"OncoFAIR MedicationRequest Component","generation":"generated"},{"sourceUrl":"StructureDefinition-oncofaire-medicationrequest-element.html","name":"StructureDefinition-oncofaire-medicationrequest-element.html","title":"OncoFAIR MedicationRequest Element","generation":"generated"},{"sourceUrl":"StructureDefinition-oncofair-medicationrequest-prescription.html","name":"StructureDefinition-oncofair-medicationrequest-prescription.html","title":"OncoFAIR MedicationRequest Prescription","generation":"generated"},{"sourceUrl":"StructureDefinition-oncofair-observation.html","name":"StructureDefinition-oncofair-observation.html","title":"OncoFAIR Observation","generation":"generated"},{"sourceUrl":"StructureDefinition-oncofair-patient.html","name":"StructureDefinition-oncofair-patient.html","title":"OncoFAIR Patient","generation":"generated"},{"sourceUrl":"StructureDefinition-oncofair-cp-treatment.html","name":"StructureDefinition-oncofair-cp-treatment.html","title":"OncoFAIRCPTreatment","generation":"generated"},{"sourceUrl":"StructureDefinition-oncofair-element-form.html","name":"StructureDefinition-oncofair-element-form.html","title":"OncoFAIRElementForm","generation":"generated"},{"sourceUrl":"StructureDefinition-oncofair-ma-element-expirationdate.html","name":"StructureDefinition-oncofair-ma-element-expirationdate.html","title":"OncoFAIRMAElementExpirationDate","generation":"generated"},{"sourceUrl":"StructureDefinition-oncofair-ma-element-plannedperiod.html","name":"StructureDefinition-oncofair-ma-element-plannedperiod.html","title":"OncoFAIRMAElementPlannedPeriod","generation":"generated"},{"sourceUrl":"StructureDefinition-oncofair-ma-element-traceability.html","name":"StructureDefinition-oncofair-ma-element-traceability.html","title":"OncoFAIRMAElementTraceability","generation":"generated"},{"sourceUrl":"StructureDefinition-oncofair-ma-element-urgent.html","name":"StructureDefinition-oncofair-ma-element-urgent.html","title":"OncoFAIRMAElementUrgent","generation":"generated"},{"sourceUrl":"StructureDefinition-oncofair-mr-element-gonogo.html","name":"StructureDefinition-oncofair-mr-element-gonogo.html","title":"OncoFAIRMRElementGoNogo","generation":"generated"},{"sourceUrl":"StructureDefinition-oncofair-mr-element-linktype.html","name":"StructureDefinition-oncofair-mr-element-linktype.html","title":"OncoFAIRMRElementLinkType","generation":"generated"},{"sourceUrl":"StructureDefinition-oncofair-mr-element-rank.html","name":"StructureDefinition-oncofair-mr-element-rank.html","title":"OncoFAIRMRElementRank","generation":"generated"},{"sourceUrl":"StructureDefinition-oncofair-mr-element-supply.html","name":"StructureDefinition-oncofair-mr-element-supply.html","title":"OncoFAIRMRElementSupply","generation":"generated"},{"sourceUrl":"StructureDefinition-oncofair-mr-prescription-validationdate.html","name":"StructureDefinition-oncofair-mr-prescription-validationdate.html","title":"OncoFAIRMRPrescriptionValidationDate","generation":"generated"},{"sourceUrl":"StructureDefinition-oncofair-pharmacist-advice.html","name":"StructureDefinition-oncofair-pharmacist-advice.html","title":"OncoFAIRPharmacistAdvice","generation":"generated"},{"sourceUrl":"ValueSet-vsCommunicationModes.html","name":"ValueSet-vsCommunicationModes.html","title":"Communication modes","generation":"generated"},{"sourceUrl":"ValueSet-vsLOINC.html","name":"ValueSet-vsLOINC.html","title":"LOINC codes","generation":"generated"},{"sourceUrl":"ValueSet-vsMedicalUnits.html","name":"ValueSet-vsMedicalUnits.html","title":"Medical units","generation":"generated"},{"sourceUrl":"ValueSet-vsMedicationTypes.html","name":"ValueSet-vsMedicationTypes.html","title":"Medication types","generation":"generated"},{"sourceUrl":"ValueSet-vsMedications.html","name":"ValueSet-vsMedications.html","title":"Medications","generation":"generated"},{"sourceUrl":"ValueSet-vsPrescriptionCategory.html","name":"ValueSet-vsPrescriptionCategory.html","title":"Prescription status","generation":"generated"},{"sourceUrl":"ValueSet-vsSCT.html","name":"ValueSet-vsSCT.html","title":"SNOMED CT codes","generation":"generated"},{"sourceUrl":"CodeSystem-CSCommunicationModes.html","name":"CodeSystem-CSCommunicationModes.html","title":"Communication modes","generation":"generated"},{"sourceUrl":"CodeSystem-CSLOINC.html","name":"CodeSystem-CSLOINC.html","title":"LOINC codes","generation":"generated"},{"sourceUrl":"CodeSystem-CSMedicalUnits.html","name":"CodeSystem-CSMedicalUnits.html","title":"Medical units","generation":"generated"},{"sourceUrl":"CodeSystem-CSMedicationTypes.html","name":"CodeSystem-CSMedicationTypes.html","title":"Medication types","generation":"generated"},{"sourceUrl":"CodeSystem-CSMedications.html","name":"CodeSystem-CSMedications.html","title":"Medications","generation":"generated"},{"sourceUrl":"CodeSystem-CSPrescriptionCategory.html","name":"CodeSystem-CSPrescriptionCategory.html","title":"Prescription category","generation":"generated"},{"sourceUrl":"CodeSystem-CSSCT.html","name":"CodeSystem-CSSCT.html","title":"SNOMED CT Codes","generation":"generated"}]}]},"parameter":[{"code":{"system":"http://hl7.org/fhir/tools/CodeSystem/ig-parameters","code":"copyrightyear"},"value":"2023+"},{"code":{"system":"http://hl7.org/fhir/tools/CodeSystem/ig-parameters","code":"releaselabel"},"value":"ci-build"},{"code":{"system":"http://hl7.org/fhir/tools/CodeSystem/ig-parameters","code":"autoload-resources"},"value":"true"},{"code":{"system":"http://hl7.org/fhir/guide-parameter-code","code":"path-resource"},"value":"input/capabilities"},{"code":{"system":"http://hl7.org/fhir/guide-parameter-code","code":"path-resource"},"value":"input/examples"},{"code":{"system":"http://hl7.org/fhir/guide-parameter-code","code":"path-resource"},"value":"input/extensions"},{"code":{"system":"http://hl7.org/fhir/guide-parameter-code","code":"path-resource"},"value":"input/models"},{"code":{"system":"http://hl7.org/fhir/guide-parameter-code","code":"path-resource"},"value":"input/operations"},{"code":{"system":"http://hl7.org/fhir/guide-parameter-code","code":"path-resource"},"value":"input/profiles"},{"code":{"system":"http://hl7.org/fhir/guide-parameter-code","code":"path-resource"},"value":"input/resources"},{"code":{"system":"http://hl7.org/fhir/guide-parameter-code","code":"path-resource"},"value":"input/vocabulary"},{"code":{"system":"http://hl7.org/fhir/guide-parameter-code","code":"path-resource"},"value":"input/maps"},{"code":{"system":"http://hl7.org/fhir/guide-parameter-code","code":"path-resource"},"value":"input/testing"},{"code":{"system":"http://hl7.org/fhir/guide-parameter-code","code":"path-resource"},"value":"input/history"},{"code":{"system":"http://hl7.org/fhir/guide-parameter-code","code":"path-resource"},"value":"fsh-generated/resources"},{"code":{"system":"http://hl7.org/fhir/guide-parameter-code","code":"path-pages"},"value":"template/config"},{"code":{"system":"http://hl7.org/fhir/guide-parameter-code","code":"path-pages"},"value":"input/images"},{"code":{"system":"http://hl7.org/fhir/tools/CodeSystem/ig-parameters","code":"path-liquid"},"value":"template/liquid"},{"code":{"system":"http://hl7.org/fhir/tools/CodeSystem/ig-parameters","code":"path-liquid"},"value":"input/liquid"},{"code":{"system":"http://hl7.org/fhir/tools/CodeSystem/ig-parameters","code":"path-qa"},"value":"temp/qa"},{"code":{"system":"http://hl7.org/fhir/tools/CodeSystem/ig-parameters","code":"path-temp"},"value":"temp/pages"},{"code":{"system":"http://hl7.org/fhir/tools/CodeSystem/ig-parameters","code":"path-output"},"value":"output"},{"code":{"system":"http://hl7.org/fhir/guide-parameter-code","code":"path-tx-cache"},"value":"input-cache/txcache"},{"code":{"system":"http://hl7.org/fhir/tools/CodeSystem/ig-parameters","code":"path-suppressed-warnings"},"value":"input/ignoreWarnings.txt"},{"code":{"system":"http://hl7.org/fhir/tools/CodeSystem/ig-parameters","code":"path-history"},"value":"http://ltsi.univ-rennes.fr/history.html"},{"code":{"system":"http://hl7.org/fhir/tools/CodeSystem/ig-parameters","code":"template-html"},"value":"template-page.html"},{"code":{"system":"http://hl7.org/fhir/tools/CodeSystem/ig-parameters","code":"template-md"},"value":"template-page-md.html"},{"code":{"system":"http://hl7.org/fhir/tools/CodeSystem/ig-parameters","code":"apply-contact"},"value":"true"},{"code":{"system":"http://hl7.org/fhir/tools/CodeSystem/ig-parameters","code":"apply-context"},"value":"true"},{"code":{"system":"http://hl7.org/fhir/tools/CodeSystem/ig-parameters","code":"apply-copyright"},"value":"true"},{"code":{"system":"http://hl7.org/fhir/tools/CodeSystem/ig-parameters","code":"apply-jurisdiction"},"value":"true"},{"code":{"system":"http://hl7.org/fhir/tools/CodeSystem/ig-parameters","code":"apply-license"},"value":"true"},{"code":{"system":"http://hl7.org/fhir/tools/CodeSystem/ig-parameters","code":"apply-publisher"},"value":"true"},{"code":{"system":"http://hl7.org/fhir/tools/CodeSystem/ig-parameters","code":"apply-version"},"value":"true"},{"code":{"system":"http://hl7.org/fhir/tools/CodeSystem/ig-parameters","code":"apply-wg"},"value":"true"},{"code":{"system":"http://hl7.org/fhir/tools/CodeSystem/ig-parameters","code":"active-tables"},"value":"true"},{"code":{"system":"http://hl7.org/fhir/tools/CodeSystem/ig-parameters","code":"fmm-definition"},"value":"http://hl7.org/fhir/versions.html#maturity"},{"code":{"system":"http://hl7.org/fhir/tools/CodeSystem/ig-parameters","code":"propagate-status"},"value":"true"},{"code":{"system":"http://hl7.org/fhir/tools/CodeSystem/ig-parameters","code":"excludelogbinaryformat"},"value":"true"},{"code":{"system":"http://hl7.org/fhir/tools/CodeSystem/ig-parameters","code":"tabbed-snapshots"},"value":"true"}]}}