<?xml version="1.0" encoding="UTF-8"?><PlanDefinition xmlns="http://hl7.org/fhir"><id value="exampleProtocolMISCELLANEOUS"/><meta><profile value="http://ltsi.univ-rennes.fr/StructureDefinition/protocol"/></meta><extension url="http://ltsi.univ-rennes.fr/StructureDefinition/treatment-cycle-number"><valueInteger value="2"/></extension><extension url="http://ltsi.univ-rennes.fr/StructureDefinition/treatment-day-number"><valueInteger value="3"/></extension><url value="http://ltsi.univ-rennes.fr/PlanDefinition/exampleProtocolMISCELLANEOUS"/><identifier><value value="5"/></identifier><version value="0.1.0"/><name value="Miscellaneous protocol"/><title value="Protocol - Miscellaneous protocol"/><status value="active"/><date value="2023-01-01T09:00:00.0000Z"/><publisher value="DOMASIA team of the Signal and Image Processing Laboratory (LTSI)"/><contact><name value="DOMASIA team of the Signal and Image Processing Laboratory (LTSI)"/><telecom><system value="url"/><value value="https://ltsi.univ-rennes.fr"/></telecom></contact></PlanDefinition>