<?xml version="1.0" encoding="UTF-8"?><CodeSystem xmlns="http://hl7.org/fhir"><id value="medication-lti-exemption"/><text><status value="generated"/><div xmlns="http://www.w3.org/1999/xhtml"><p class="res-header-id"><b>Generated Narrative: CodeSystem medication-lti-exemption</b></p><a name="medication-lti-exemption"> </a><a name="hcmedication-lti-exemption"> </a><a name="medication-lti-exemption-en-US"> </a><p>This  code system <code>http://ltsi.univ-rennes.fr/CodeSystem/medication-lti-exemption</code> defines the following codes:</p><table class="codes"><tr><td style="white-space:nowrap"><b>Code</b></td><td><b>Display</b></td></tr><tr><td style="white-space:nowrap">1<a name="medication-lti-exemption-1"> </a></td><td>Accident vasculaire cérébral invalidant</td></tr><tr><td style="white-space:nowrap">2<a name="medication-lti-exemption-2"> </a></td><td>Insuffisances médullaires et autres cytopénies chroniques</td></tr><tr><td style="white-space:nowrap">3<a name="medication-lti-exemption-3"> </a></td><td>Artériopathies chroniques avec manifestations ischémiques</td></tr><tr><td style="white-space:nowrap">4<a name="medication-lti-exemption-4"> </a></td><td>Bilharziose compliquée</td></tr><tr><td style="white-space:nowrap">5<a name="medication-lti-exemption-5"> </a></td><td>Insuffisance cardiaque grave, troubles du rythme graves, cardiopathies valvulaires graves ; cardiopathies congénitales graves</td></tr><tr><td style="white-space:nowrap">6<a name="medication-lti-exemption-6"> </a></td><td>Maladies chroniques actives du foie et cirrhoses</td></tr><tr><td style="white-space:nowrap">7<a name="medication-lti-exemption-7"> </a></td><td>Déficit immunitaire primitif grave nécessitant un traitement prolongé, infection par le virus de l’immuno-déficience humaine</td></tr><tr><td style="white-space:nowrap">8<a name="medication-lti-exemption-8"> </a></td><td>Diabète de type 1 et diabète de type 2</td></tr><tr><td style="white-space:nowrap">9<a name="medication-lti-exemption-9"> </a></td><td>Forme grave des affections neurologiques et musculaires (dont myopathie), épilepsie grave</td></tr><tr><td style="white-space:nowrap">10<a name="medication-lti-exemption-10"> </a></td><td>Hémoglobinopathies, hémolyses, chroniques constitutionnelles et acquises sévères</td></tr><tr><td style="white-space:nowrap">11<a name="medication-lti-exemption-11"> </a></td><td>Hémophilies et affections constitutionnelles de l’hémostase graves</td></tr><tr><td style="white-space:nowrap">12<a name="medication-lti-exemption-12"> </a></td><td>Hypertension artérielle sévère</td></tr><tr><td style="white-space:nowrap">13<a name="medication-lti-exemption-13"> </a></td><td>Maladie coronaire</td></tr><tr><td style="white-space:nowrap">14<a name="medication-lti-exemption-14"> </a></td><td>Insuffisance respiratoire chronique grave</td></tr><tr><td style="white-space:nowrap">15<a name="medication-lti-exemption-15"> </a></td><td>Lèpre</td></tr><tr><td style="white-space:nowrap">16<a name="medication-lti-exemption-16"> </a></td><td>Maladie de Parkinson</td></tr><tr><td style="white-space:nowrap">17<a name="medication-lti-exemption-17"> </a></td><td>Maladies métaboliques héréditaires nécessitant un traitement prolongé spécialisé</td></tr><tr><td style="white-space:nowrap">18<a name="medication-lti-exemption-18"> </a></td><td>Mucoviscidose</td></tr><tr><td style="white-space:nowrap">19<a name="medication-lti-exemption-19"> </a></td><td>Néphropathie chronique grave et syndrome néphrotique primitif</td></tr><tr><td style="white-space:nowrap">20<a name="medication-lti-exemption-20"> </a></td><td>Paraplégie</td></tr><tr><td style="white-space:nowrap">21<a name="medication-lti-exemption-21"> </a></td><td>Péri-artérite noueuse, lupus érythémateux aigu disséminé, sclérodermie généralisée évolutive</td></tr><tr><td style="white-space:nowrap">22<a name="medication-lti-exemption-22"> </a></td><td>Polyarthrite rhumatoïde évolutive grave</td></tr><tr><td style="white-space:nowrap">23<a name="medication-lti-exemption-23"> </a></td><td>Psychose, trouble grave de la personnalité, arriération mentale</td></tr><tr><td style="white-space:nowrap">24<a name="medication-lti-exemption-24"> </a></td><td>Rectocolite hémorragique et maladie de Crohn évolutives</td></tr><tr><td style="white-space:nowrap">25<a name="medication-lti-exemption-25"> </a></td><td>Sclérose en plaques</td></tr><tr><td style="white-space:nowrap">26<a name="medication-lti-exemption-26"> </a></td><td>Scoliose structurale évolutive (dont l’angle est égal ou supérieur à 25 degrés) jusqu’à maturation rachidienne</td></tr><tr><td style="white-space:nowrap">27<a name="medication-lti-exemption-27"> </a></td><td>Spondylarthrite ankylosante grave</td></tr><tr><td style="white-space:nowrap">28<a name="medication-lti-exemption-28"> </a></td><td>Suites de transplantation d’organe</td></tr><tr><td style="white-space:nowrap">29<a name="medication-lti-exemption-29"> </a></td><td>Tuberculose active</td></tr><tr><td style="white-space:nowrap">30<a name="medication-lti-exemption-30"> </a></td><td>Tumeur maligne, affection maligne du tissu lymphatique ou hématopoïétique</td></tr><tr><td style="white-space:nowrap">31<a name="medication-lti-exemption-31"> </a></td><td>Affections dites « hors liste »</td></tr><tr><td style="white-space:nowrap">32<a name="medication-lti-exemption-32"> </a></td><td>Plusieurs affections entraînant un état pathologique invalidant</td></tr></table></div></text><url value="http://ltsi.univ-rennes.fr/CodeSystem/medication-lti-exemption"/><version value="0.1.0"/><name value="CSMedicationLTIExemption"/><title value="LTI Detailed Descriptions"/><status value="draft"/><date value="2024-12-31T13:02:34+00:00"/><publisher value="DOMASIA team of the Signal and Image Processing Laboratory (LTSI) and KEREVAL"/><contact><name value="DOMASIA team of the Signal and Image Processing Laboratory (LTSI) and KEREVAL"/><telecom><system value="url"/><value value="https://ltsi.univ-rennes.fr"/></telecom></contact><description value="Detailed list of long-term illness (LTI)."/><content value="complete"/><count value="32"/><concept><code value="1"/><display value="Accident vasculaire cérébral invalidant"/></concept><concept><code value="2"/><display value="Insuffisances médullaires et autres cytopénies chroniques"/></concept><concept><code value="3"/><display value="Artériopathies chroniques avec manifestations ischémiques"/></concept><concept><code value="4"/><display value="Bilharziose compliquée"/></concept><concept><code value="5"/><display value="Insuffisance cardiaque grave, troubles du rythme graves, cardiopathies valvulaires graves ; cardiopathies congénitales graves"/></concept><concept><code value="6"/><display value="Maladies chroniques actives du foie et cirrhoses"/></concept><concept><code value="7"/><display value="Déficit immunitaire primitif grave nécessitant un traitement prolongé, infection par le virus de l’immuno-déficience humaine"/></concept><concept><code value="8"/><display value="Diabète de type 1 et diabète de type 2"/></concept><concept><code value="9"/><display value="Forme grave des affections neurologiques et musculaires (dont myopathie), épilepsie grave"/></concept><concept><code value="10"/><display value="Hémoglobinopathies, hémolyses, chroniques constitutionnelles et acquises sévères"/></concept><concept><code value="11"/><display value="Hémophilies et affections constitutionnelles de l’hémostase graves"/></concept><concept><code value="12"/><display value="Hypertension artérielle sévère"/></concept><concept><code value="13"/><display value="Maladie coronaire"/></concept><concept><code value="14"/><display value="Insuffisance respiratoire chronique grave"/></concept><concept><code value="15"/><display value="Lèpre"/></concept><concept><code value="16"/><display value="Maladie de Parkinson"/></concept><concept><code value="17"/><display value="Maladies métaboliques héréditaires nécessitant un traitement prolongé spécialisé"/></concept><concept><code value="18"/><display value="Mucoviscidose"/></concept><concept><code value="19"/><display value="Néphropathie chronique grave et syndrome néphrotique primitif"/></concept><concept><code value="20"/><display value="Paraplégie"/></concept><concept><code value="21"/><display value="Péri-artérite noueuse, lupus érythémateux aigu disséminé, sclérodermie généralisée évolutive"/></concept><concept><code value="22"/><display value="Polyarthrite rhumatoïde évolutive grave"/></concept><concept><code value="23"/><display value="Psychose, trouble grave de la personnalité, arriération mentale"/></concept><concept><code value="24"/><display value="Rectocolite hémorragique et maladie de Crohn évolutives"/></concept><concept><code value="25"/><display value="Sclérose en plaques"/></concept><concept><code value="26"/><display value="Scoliose structurale évolutive (dont l’angle est égal ou supérieur à 25 degrés) jusqu’à maturation rachidienne"/></concept><concept><code value="27"/><display value="Spondylarthrite ankylosante grave"/></concept><concept><code value="28"/><display value="Suites de transplantation d’organe"/></concept><concept><code value="29"/><display value="Tuberculose active"/></concept><concept><code value="30"/><display value="Tumeur maligne, affection maligne du tissu lymphatique ou hématopoïétique"/></concept><concept><code value="31"/><display value="Affections dites « hors liste »"/></concept><concept><code value="32"/><display value="Plusieurs affections entraînant un état pathologique invalidant"/></concept></CodeSystem>