{
  "resourceType" : "MedicationRequest",
  "id" : "OncoFAIRMedicationRequestComponent-Folfox-vehicule",
  "meta" : {
    "profile" : ["http://ltsi.univ-rennes.fr/StructureDefinition/oncofair-medicationrequest-component"]
  },
  "text" : {
    "status" : "extensions",
    "div" : "<div xmlns=\"http://www.w3.org/1999/xhtml\"><p class=\"res-header-id\"><b>Generated Narrative: MedicationRequest OncoFAIRMedicationRequestComponent-Folfox-vehicule</b></p><a name=\"OncoFAIRMedicationRequestComponent-Folfox-vehicule\"> </a><a name=\"hcOncoFAIRMedicationRequestComponent-Folfox-vehicule\"> </a><a name=\"OncoFAIRMedicationRequestComponent-Folfox-vehicule-en-US\"> </a><div style=\"display: inline-block; background-color: #d9e0e7; padding: 6px; margin: 4px; border: 1px solid #8da1b4; border-radius: 5px; line-height: 60%\"><p style=\"margin-bottom: 0px\"/><p style=\"margin-bottom: 0px\">Profile: <a href=\"StructureDefinition-oncofair-medicationrequest-component.html\">OncoFAIR MedicationRequest Component</a></p></div><p><b>OncoFAIRMRComponentSolute</b>: false</p><p><b>OncoFAIRMRIsDosageReferent</b>: true</p><p><b>identifier</b>: prescription-component-folfox-vehicle</p><p><b>basedOn</b>: <a href=\"MedicationRequest-Element-folfox.html\">MedicationRequest: identifier = prescription-element-folfox-hospital; groupIdentifier = folfox-example; status = active; intent = proposal; note = 5-fluoro-uracile,protocol folfox; effectiveDosePeriod = 2024-11-01 08:00:00+0000 --&gt; 2024-11-30 09:00:00+0000</a></p><p><b>groupIdentifier</b>: folfox-example</p><p><b>status</b>: Active</p><p><b>intent</b>: Order</p><h3>Medications</h3><table class=\"grid\"><tr><td style=\"display: none\">-</td><td><b>Concept</b></td><td><b>Reference</b></td></tr><tr><td style=\"display: none\">*</td><td><span title=\"Codes:{http://ltsi.univ-rennes.fr/CodeSystem/concept-medication-oncofair-codesystem component}\">component</span></td><td><a href=\"Medication-OncoFAIRMedication-vehicule.html\">Medication Sodium chloride</a></td></tr></table><p><b>subject</b>: <a href=\"Patient-ExampleOncoFAIRPatient.html\">Anonymous Patient (no stated gender), DoB Unknown ( 123456789)</a></p><p><b>performer</b>: <a href=\"Practitioner-ExampleOncoFAIRPractitioner.html\">Practitioner: identifier = 12345</a></p><h3>Devices</h3><table class=\"grid\"><tr><td style=\"display: none\">-</td><td><b>Reference</b></td></tr><tr><td style=\"display: none\">*</td><td><a href=\"DeviceDefinition-ExampleOncoFAIRDeviceDefinition-perfusion.html\">DeviceDefinition: identifier = Perfusion</a></td></tr></table><p><b>note</b>: Prescribed component wording, Comments associated with the prescribed component, Specifies the reasons for prescribing this component</p><blockquote><p><b>dosageInstruction</b></p><p><b>site</b>: <span title=\"Codes:\">6894000</span></p><p><b>route</b>: <span title=\"Codes:\">Intravenous route</span></p><p><b>method</b>: <span title=\"Codes:\">Administer (administration method)</span></p><h3>DoseAndRates</h3><table class=\"grid\"><tr><td style=\"display: none\">-</td><td><b>Dose[x]</b></td></tr><tr><td style=\"display: none\">*</td><td>100 ml</td></tr></table></blockquote><h3>Substitutions</h3><table class=\"grid\"><tr><td style=\"display: none\">-</td><td><b>Allowed[x]</b></td></tr><tr><td style=\"display: none\">*</td><td>false</td></tr></table></div>"
  },
  "extension" : [{
    "url" : "http://ltsi.univ-rennes.fr/StructureDefinition/oncofair-mr-component-solute",
    "valueBoolean" : false
  },
  {
    "url" : "http://ltsi.univ-rennes.fr/StructureDefinition/oncofair-mr-is-dosage-referent",
    "valueBoolean" : true
  }],
  "identifier" : [{
    "value" : "prescription-component-folfox-vehicle"
  }],
  "basedOn" : [{
    "reference" : "MedicationRequest/Element-folfox"
  }],
  "groupIdentifier" : {
    "value" : "folfox-example"
  },
  "status" : "active",
  "intent" : "order",
  "medication" : {
    "concept" : {
      "coding" : [{
        "system" : "http://ltsi.univ-rennes.fr/CodeSystem/concept-medication-oncofair-codesystem",
        "code" : "component",
        "display" : "component"
      }]
    },
    "reference" : {
      "reference" : "Medication/OncoFAIRMedication-vehicule"
    }
  },
  "subject" : {
    "reference" : "Patient/ExampleOncoFAIRPatient"
  },
  "performer" : [{
    "reference" : "Practitioner/ExampleOncoFAIRPractitioner"
  }],
  "device" : [{
    "reference" : {
      "reference" : "DeviceDefinition/ExampleOncoFAIRDeviceDefinition-perfusion"
    }
  }],
  "note" : [{
    "id" : "wording",
    "text" : "Prescribed component wording"
  },
  {
    "id" : "comments",
    "text" : "Comments associated with the prescribed component"
  },
  {
    "id" : "indication",
    "text" : "Specifies the reasons for prescribing this component"
  }],
  "dosageInstruction" : [{
    "site" : {
      "coding" : [{
        "code" : "6894000"
      }]
    },
    "route" : {
      "coding" : [{
        "code" : "47625008",
        "display" : "Intravenous route"
      }]
    },
    "method" : {
      "coding" : [{
        "code" : "738990001",
        "display" : "Administer (administration method)"
      }]
    },
    "doseAndRate" : [{
      "doseQuantity" : {
        "value" : 100,
        "unit" : "ml",
        "system" : "http://unitsofmeasure.org"
      }
    }]
  }],
  "substitution" : {
    "allowedBoolean" : false
  }
}