<?xml version="1.0" encoding="UTF-8"?>

<CodeSystem xmlns="http://hl7.org/fhir">
  <id value="CSCommunicationModes"/>
  <text>
    <status value="generated"/><div xmlns="http://www.w3.org/1999/xhtml"><p>This case-sensitive code system <code>http://ltsi.univ-rennes.fr/CodeSystem/CSCommunicationModes</code> defines the following codes:</p><table class="codes"><tr><td style="white-space:nowrap"><b>Code</b></td><td><b>Display</b></td></tr><tr><td style="white-space:nowrap">I<a name="CSCommunicationModes-I"> </a></td><td>Incremental</td></tr><tr><td style="white-space:nowrap">S<a name="CSCommunicationModes-S"> </a></td><td>Summary</td></tr></table></div>
  </text>
  <url value="http://ltsi.univ-rennes.fr/CodeSystem/CSCommunicationModes"/>
  <version value="0.1.0"/>
  <name value="CSCommunicationModes"/>
  <title value="Communication modes"/>
  <status value="draft"/>
  <experimental value="true"/>
  <date value="2024-03-27T14:24:55+00:00"/>
  <publisher value="DOMASIA team of the Signal and Image Processing Laboratory (LTSI)"/>
  <contact>
    <name value="DOMASIA team of the Signal and Image Processing Laboratory (LTSI)"/>
    <telecom>
      <system value="url"/>
      <value value="https://ltsi.univ-rennes.fr"/>
    </telecom>
  </contact>
  <description value="CodeSystem for french communication modes (incremental, summary)."/>
  <caseSensitive value="true"/>
  <content value="complete"/>
  <count value="2"/>
  <concept>
    <code value="I"/>
    <display value="Incremental"/>
  </concept>
  <concept>
    <code value="S"/>
    <display value="Summary"/>
  </concept>
</CodeSystem>