{
  "resourceType" : "DeviceDefinition",
  "id" : "ExampleOncoFAIRDeviceDefinition",
  "text" : {
    "status" : "generated",
    "div" : "<div xmlns=\"http://www.w3.org/1999/xhtml\"><p class=\"res-header-id\"><b>Generated Narrative: DeviceDefinition ExampleOncoFAIRDeviceDefinition</b></p><a name=\"ExampleOncoFAIRDeviceDefinition\"> </a><a name=\"hcExampleOncoFAIRDeviceDefinition\"> </a><a name=\"ExampleOncoFAIRDeviceDefinition-en-US\"> </a><p><b>identifier</b>: D05</p></div>"
  },
  "identifier" : [{
    "value" : "D05"
  }]
}