"Id","Path","Slice Name","Alias(s)","Label","Min","Max","Must Support?","Is Modifier?","Is Summary?","Type(s)","Short","Definition","Comments","Requirements","Default Value","Meaning When Missing","Fixed Value","Pattern","Example","Minimum Value","Maximum Value","Maximum Length","Binding Strength","Binding Description","Binding Value Set","Code","Slicing Discriminator","Slicing Description","Slicing Ordered","Slicing Rules","Base Path","Base Min","Base Max","Condition(s)","Constraint(s)","Mapping: RIM Mapping"
"SejourPN13","SejourPN13","","","",0,*,"","","","null {[]} {[]}
","Sejour PN13","Sejour provenant de la norme PN13, Stay as defined in the PN13","","","","","","","","","",,,,,"",,,,"Base",0,*,"","","n/a"
"SejourPN13.lienPatient","SejourPN13.lienPatient","","","",1,1,"","","","Reference {[]} {[]}
","DESCRIPTION A AJOUTER","DESCRIPTION A AJOUTER","","","","","","","","","",,,,,"",,,,"SejourPN13.lienPatient",1,1,"",""
"SejourPN13.idSejour","SejourPN13.idSejour","","","",1,1,"","","","Identifier {[]} {[]}
","Identifiant du séjour du patient/Identifier of the patient's stay","Identifiant du séjour du patient/Identifier of the patient's stay","","","","","","","","","",,,,,"",,,,"SejourPN13.idSejour",1,1,"",""
