<?xml version="1.0" encoding="UTF-8"?>

<CapabilityStatement xmlns="http://hl7.org/fhir">
  <id value="oncofair-producer-chemotherapy-data"/>
  <text>
    <status value="extensions"/><div xmlns="http://www.w3.org/1999/xhtml"><p class="res-header-id"><b>Generated Narrative: CapabilityStatement oncofair-producer-chemotherapy-data</b></p><a name="oncofair-producer-chemotherapy-data"> </a><a name="hconcofair-producer-chemotherapy-data"> </a><a name="oncofair-producer-chemotherapy-data-en-US"> </a><h2 id="title">OncoFAIR Producer Chemotherapy Data</h2><ul><li>Implementation Guide Version: 0.1.0 </li><li>FHIR Version: 5.0.0 </li><li>Supported Formats: <code>xml</code>, <code>json</code></li><li>Supported Patch Formats: </li><li>Published on: 2024-06-19 15:15:00+0100 </li><li>Published by: DOMASIA team of the Signal and Image Processing Laboratory (LTSI) and KEREVAL </li></ul><blockquote class="impl-note"><p><strong>Note to Implementers: FHIR Capabilities</strong></p><p>Any FHIR capability may be 'allowed' by the system unless explicitly marked as 'SHALL NOT'. A few items are marked as MAY in the Implementation Guide to highlight their potential relevance to the use case.</p></blockquote><h2 id="rest">FHIR RESTful Capabilities</h2><div class="panel panel-default"><div class="panel-heading"><h3 id="mode1" class="panel-title">Mode: <code>server</code></h3></div><div class="panel-body"><div><p>Software for tracking chemotherapy information relating to a patient</p>
</div><div class="lead"><em>Security</em></div><div class="row"><div class="col-lg-6">Enable CORS: no</div><div class="col-lg-6">Security services supported: <code>OAuth</code></div></div><div class="lead"><em>Summary of System-wide Interactions</em></div></div></div><h3 id="resourcesCap1">Capabilities by Resource/Profile</h3><h4 id="resourcesSummary1">Summary</h4><p>The summary table lists the resources that are part of this configuration, and for each resource it lists:</p><ul><li>The relevant profiles (if any)</li><li>The interactions supported by each resource (<b><span class="bg-info">R</span></b>ead, <b><span class="bg-info">S</span></b>earch, <b><span class="bg-info">U</span></b>pdate, and <b><span class="bg-info">C</span></b>reate, are always shown, while <b><span class="bg-info">VR</span></b>ead, <b><span class="bg-info">P</span></b>atch, <b><span class="bg-info">D</span></b>elete, <b><span class="bg-info">H</span></b>istory on <b><span class="bg-info">I</span></b>nstance, or <b><span class="bg-info">H</span></b>istory on <b><span class="bg-info">T</span></b>ype are only present if at least one of the resources has support for them.</li><li><span>The required, recommended, and some optional search parameters (if any). </span></li><li>The linked resources enabled for <code>_include</code></li><li>The other resources enabled for <code>_revinclude</code></li><li>The operations on the resource (if any)</li></ul><div class="table-responsive"><table class="table table-condensed table-hover"><thead><tr><th><b>Resource Type</b></th><th><b>Profile</b></th><th class="text-center"><b title="GET a resource (read interaction)">R</b></th><th class="text-center"><b title="GET all set of resources of the type (search interaction)">S</b></th><th class="text-center"><b title="PUT a new resource version (update interaction)">U</b></th><th class="text-center"><b title="POST a new resource (create interaction)">C</b></th><th><b title="Required and recommended search parameters">Searches</b></th><th><code><b>_include</b></code></th><th><code><b>_revinclude</b></code></th><th><b>Operations</b></th></tr></thead><tbody><tr><td><a href="#Patient1-1">Patient</a></td><td><a href="StructureDefinition-oncofair-patient.html">http://ltsi.univ-rennes.fr/StructureDefinition/oncofair-patient</a></td><td class="text-center">y</td><td class="text-center">y</td><td class="text-center"></td><td class="text-center"></td><td>_lastUpdated</td><td/><td><code>Encounter:subject</code></td><td/></tr><tr><td><a href="#Encounter1-2">Encounter</a></td><td><a href="StructureDefinition-oncofair-encounter.html">http://ltsi.univ-rennes.fr/StructureDefinition/oncofair-encounter</a></td><td class="text-center">y</td><td class="text-center">y</td><td class="text-center"></td><td class="text-center"></td><td>_lastUpdated</td><td><code>Encounter:subject</code></td><td><code>MedicationAdministration:encounter</code>, <code>MedicationRequest:encounter</code></td><td/></tr><tr><td><a href="#Observation1-3">Observation</a></td><td><a href="StructureDefinition-oncofair-observation.html">http://ltsi.univ-rennes.fr/StructureDefinition/oncofair-observation</a></td><td class="text-center">y</td><td class="text-center">y</td><td class="text-center"></td><td class="text-center"></td><td>_lastUpdated</td><td/><td><code>MedicationRequest:reason</code></td><td/></tr><tr><td><a href="#Medication1-4">Medication</a></td><td><a href="StructureDefinition-oncofair-medication.html">http://ltsi.univ-rennes.fr/StructureDefinition/oncofair-medication</a></td><td class="text-center">y</td><td class="text-center">y</td><td class="text-center"></td><td class="text-center"></td><td>_lastUpdated</td><td/><td><code>MedicationRequest:medication</code>, <code>MedicationAdministration:medication</code></td><td/></tr><tr><td><a href="#MedicationRequest1-5">MedicationRequest</a></td><td><a href="StructureDefinition-oncofair-medicationrequest-prescription.html">http://ltsi.univ-rennes.fr/StructureDefinition/oncofair-medicationrequest-prescription</a><br/><em>Additional supported profiles:</em><br/>  <a href="StructureDefinition-oncofair-medicationrequest-element.html">OncoFAIR MedicationRequest Element</a><br/>  <a href="StructureDefinition-oncofair-medicationrequest-component.html">OncoFAIR MedicationRequest Component</a></td><td class="text-center">y</td><td class="text-center">y</td><td class="text-center"></td><td class="text-center"></td><td>_lastUpdated</td><td><code>MedicationRequest:encounter</code>, <code>MedicationRequest:reason</code>, <code>MedicationRequest:basedOn</code>, <code>MedicationRequest:medication</code></td><td><code>MedicationRequest:basedOn</code></td><td/></tr><tr><td><a href="#CarePlan1-6">CarePlan</a></td><td><a href="StructureDefinition-oncofair-careplan.html">http://ltsi.univ-rennes.fr/StructureDefinition/oncofair-careplan</a></td><td class="text-center">y</td><td class="text-center">y</td><td class="text-center"></td><td class="text-center"></td><td>_lastUpdated</td><td><code>MedicationRequest:basedOn</code></td><td/><td/></tr><tr><td><a href="#MedicationAdministration1-7">MedicationAdministration</a></td><td><a href="StructureDefinition-oncofair-medicationadministration-element.html">http://ltsi.univ-rennes.fr/StructureDefinition/oncofair-medicationadministration-element</a><br/><em>Additional supported profiles:</em><br/>  <a href="StructureDefinition-oncofair-medicationadministration-component.html">OncoFAIR MedicationAdministration Component</a><br/>  <a href="StructureDefinition-oncofair-medicationadministration-report.html">OncoFAIR MedicationAdministration Report</a></td><td class="text-center">y</td><td class="text-center">y</td><td class="text-center"></td><td class="text-center"></td><td>_lastUpdated</td><td><code>MedicationAdministration:encounter</code>, <code>MedicationAdministration:partOf</code>, <code>MedicationAdministration:medication</code></td><td><code>MedicationAdministration:partOf</code></td><td/></tr></tbody></table></div><hr/><div class="panel panel-default"><div class="panel-heading"><h4 id="Patient1-1" class="panel-title"><span style="float: right;">Resource Conformance: supported </span>Patient</h4></div><div class="panel-body"><div class="container"><div class="row"><div class="col-lg-6"><span class="lead">Base System Profile</span><br/><a href="StructureDefinition-oncofair-patient.html">OncoFAIR Patient</a></div><div class="col-lg-3"><span class="lead">Profile Conformance</span><br/><b>SHALL</b></div><div class="col-lg-3"><span class="lead">Reference Policy</span><br/></div></div><p/><div class="row"><div class="col-lg-6"><span class="lead">Interaction summary</span><br/><ul><li>Supports <code>search-type</code>, <code>read</code>.</li></ul></div></div><p/><div class="row"><div class="col-lg-7"><span class="lead">Search Parameters</span><table class="table table-condensed table-hover"><thead><tr><th>Conformance</th><th>Parameter</th><th>Type</th><th>Documentation</th></tr></thead><tbody><tr><td><b>SHALL</b></td><td><a href="http://hl7.org/fhir/resource.html#search">_lastUpdated</a></td><td><code>date</code></td><td><div><p>When the resource version last changed</p>
</div></td></tr></tbody></table></div><div class="col-lg-5"> </div></div></div></div></div><div class="panel panel-default"><div class="panel-heading"><h4 id="Encounter1-2" class="panel-title"><span style="float: right;">Resource Conformance: supported </span>Encounter</h4></div><div class="panel-body"><div class="container"><div class="row"><div class="col-lg-6"><span class="lead">Base System Profile</span><br/><a href="StructureDefinition-oncofair-encounter.html">OncoFAIR Encounter</a></div><div class="col-lg-3"><span class="lead">Profile Conformance</span><br/><b>SHALL</b></div><div class="col-lg-3"><span class="lead">Reference Policy</span><br/></div></div><p/><div class="row"><div class="col-lg-6"><span class="lead">Interaction summary</span><br/><ul><li>Supports <code>search-type</code>, <code>read</code>.</li></ul></div></div><p/><div class="row"><div class="col-lg-7"><span class="lead">Search Parameters</span><table class="table table-condensed table-hover"><thead><tr><th>Conformance</th><th>Parameter</th><th>Type</th><th>Documentation</th></tr></thead><tbody><tr><td><b>SHALL</b></td><td><a href="http://hl7.org/fhir/resource.html#search">_lastUpdated</a></td><td><code>date</code></td><td><div><p>When the resource version last changed</p>
</div></td></tr></tbody></table></div><div class="col-lg-5"> </div></div></div></div></div><div class="panel panel-default"><div class="panel-heading"><h4 id="Observation1-3" class="panel-title"><span style="float: right;">Resource Conformance: supported </span>Observation</h4></div><div class="panel-body"><div class="container"><div class="row"><div class="col-lg-6"><span class="lead">Base System Profile</span><br/><a href="StructureDefinition-oncofair-observation.html">OncoFAIR Observation</a></div><div class="col-lg-3"><span class="lead">Profile Conformance</span><br/><b>SHALL</b></div><div class="col-lg-3"><span class="lead">Reference Policy</span><br/></div></div><p/><div class="row"><div class="col-lg-6"><span class="lead">Interaction summary</span><br/><ul><li>Supports <code>search-type</code>, <code>read</code>.</li></ul></div></div><p/><div class="row"><div class="col-lg-7"><span class="lead">Search Parameters</span><table class="table table-condensed table-hover"><thead><tr><th>Conformance</th><th>Parameter</th><th>Type</th><th>Documentation</th></tr></thead><tbody><tr><td><b>SHALL</b></td><td><a href="http://hl7.org/fhir/resource.html#search">_lastUpdated</a></td><td><code>date</code></td><td><div><p>When the resource version last changed</p>
</div></td></tr></tbody></table></div><div class="col-lg-5"> </div></div></div></div></div><div class="panel panel-default"><div class="panel-heading"><h4 id="Medication1-4" class="panel-title"><span style="float: right;">Resource Conformance: supported </span>Medication</h4></div><div class="panel-body"><div class="container"><div class="row"><div class="col-lg-6"><span class="lead">Base System Profile</span><br/><a href="StructureDefinition-oncofair-medication.html">OncoFAIR Medication</a></div><div class="col-lg-3"><span class="lead">Profile Conformance</span><br/><b>SHALL</b></div><div class="col-lg-3"><span class="lead">Reference Policy</span><br/></div></div><p/><div class="row"><div class="col-lg-6"><span class="lead">Interaction summary</span><br/><ul><li>Supports <code>search-type</code>, <code>read</code>.</li></ul></div></div><p/><div class="row"><div class="col-lg-7"><span class="lead">Search Parameters</span><table class="table table-condensed table-hover"><thead><tr><th>Conformance</th><th>Parameter</th><th>Type</th><th>Documentation</th></tr></thead><tbody><tr><td><b>SHALL</b></td><td><a href="http://hl7.org/fhir/resource.html#search">_lastUpdated</a></td><td><code>date</code></td><td><div><p>When the resource version last changed</p>
</div></td></tr></tbody></table></div><div class="col-lg-5"> </div></div></div></div></div><div class="panel panel-default"><div class="panel-heading"><h4 id="MedicationRequest1-5" class="panel-title"><span style="float: right;">Resource Conformance: supported </span>MedicationRequest</h4></div><div class="panel-body"><div class="container"><div class="row"><div class="col-lg-6"><span class="lead">Base System Profile</span><br/><a href="StructureDefinition-oncofair-medicationrequest-prescription.html">OncoFAIR MedicationRequest Prescription</a></div><div class="col-lg-3"><span class="lead">Profile Conformance</span><br/><b>SHALL</b></div><div class="col-lg-3"><span class="lead">Reference Policy</span><br/></div></div><p/><div class="row"><div class="col-6"><span class="lead">Supported Profiles</span><p><a href="StructureDefinition-oncofair-medicationrequest-element.html">OncoFAIR MedicationRequest Element</a><br/><a href="StructureDefinition-oncofair-medicationrequest-component.html">OncoFAIR MedicationRequest Component</a></p></div><div class="col-lg-6"><span class="lead">Interaction summary</span><br/><ul><li>Supports <code>search-type</code>, <code>read</code>.</li></ul></div></div><p/><div class="row"><div class="col-lg-7"><span class="lead">Search Parameters</span><table class="table table-condensed table-hover"><thead><tr><th>Conformance</th><th>Parameter</th><th>Type</th><th>Documentation</th></tr></thead><tbody><tr><td><b>SHALL</b></td><td><a href="http://hl7.org/fhir/resource.html#search">_lastUpdated</a></td><td><code>date</code></td><td><div><p>When the resource version last changed</p>
</div></td></tr></tbody></table></div><div class="col-lg-5"> </div></div></div></div></div><div class="panel panel-default"><div class="panel-heading"><h4 id="CarePlan1-6" class="panel-title"><span style="float: right;">Resource Conformance: supported </span>CarePlan</h4></div><div class="panel-body"><div class="container"><div class="row"><div class="col-lg-6"><span class="lead">Base System Profile</span><br/><a href="StructureDefinition-oncofair-careplan.html">OncoFAIR CarePlan</a></div><div class="col-lg-3"><span class="lead">Profile Conformance</span><br/><b>SHALL</b></div><div class="col-lg-3"><span class="lead">Reference Policy</span><br/></div></div><p/><div class="row"><div class="col-lg-6"><span class="lead">Interaction summary</span><br/><ul><li>Supports <code>search-type</code>, <code>read</code>.</li></ul></div></div><p/><div class="row"><div class="col-lg-7"><span class="lead">Search Parameters</span><table class="table table-condensed table-hover"><thead><tr><th>Conformance</th><th>Parameter</th><th>Type</th><th>Documentation</th></tr></thead><tbody><tr><td><b>SHALL</b></td><td><a href="http://hl7.org/fhir/resource.html#search">_lastUpdated</a></td><td><code>date</code></td><td><div><p>When the resource version last changed</p>
</div></td></tr></tbody></table></div><div class="col-lg-5"> </div></div></div></div></div><div class="panel panel-default"><div class="panel-heading"><h4 id="MedicationAdministration1-7" class="panel-title"><span style="float: right;">Resource Conformance: supported </span>MedicationAdministration</h4></div><div class="panel-body"><div class="container"><div class="row"><div class="col-lg-6"><span class="lead">Base System Profile</span><br/><a href="StructureDefinition-oncofair-medicationadministration-element.html">OncoFAIR MedicationAdministration Element</a></div><div class="col-lg-3"><span class="lead">Profile Conformance</span><br/><b>SHALL</b></div><div class="col-lg-3"><span class="lead">Reference Policy</span><br/></div></div><p/><div class="row"><div class="col-6"><span class="lead">Supported Profiles</span><p><a href="StructureDefinition-oncofair-medicationadministration-component.html">OncoFAIR MedicationAdministration Component</a><br/><a href="StructureDefinition-oncofair-medicationadministration-report.html">OncoFAIR MedicationAdministration Report</a></p></div><div class="col-lg-6"><span class="lead">Interaction summary</span><br/><ul><li>Supports <code>search-type</code>, <code>read</code>.</li></ul></div></div><p/><div class="row"><div class="col-lg-7"><span class="lead">Search Parameters</span><table class="table table-condensed table-hover"><thead><tr><th>Conformance</th><th>Parameter</th><th>Type</th><th>Documentation</th></tr></thead><tbody><tr><td><b>SHALL</b></td><td><a href="http://hl7.org/fhir/resource.html#search">_lastUpdated</a></td><td><code>date</code></td><td><div><p>When the resource version last changed</p>
</div></td></tr></tbody></table></div><div class="col-lg-5"> </div></div></div></div></div></div>
  </text>
  <url value="http://ltsi.univ-rennes.fr/CapabilityStatement/oncofair-producer-chemotherapy-data"/>
  <version value="0.1.0"/>
  <name value="OncoFAIRProducerChemotherapyData"/>
  <title value="OncoFAIR Producer Chemotherapy Data"/>
  <status value="draft"/>
  <experimental value="true"/>
  <date value="2024-06-19T15:15:00+01:00"/>
  <publisher value="DOMASIA team of the Signal and Image Processing Laboratory (LTSI) and KEREVAL"/>
  <contact>
    <name value="DOMASIA team of the Signal and Image Processing Laboratory (LTSI) and KEREVAL"/>
    <telecom>
      <system value="url"/>
      <value value="https://ltsi.univ-rennes.fr"/>
    </telecom>
  </contact>
  <description value="Software for tracking chemotherapy information relating to a patient. The software generates chemotherapy data by means of data updates by medical staff."/>
  <kind value="requirements"/>
  <fhirVersion value="5.0.0"/>
  <format value="xml"/>
  <format value="json"/>
  <rest>
    <mode value="server"/>
    <documentation value="Software for tracking chemotherapy information relating to a patient"/>
    <security>
      <cors value="false"/>
      <service>
        <coding>
          <system value="http://terminology.hl7.org/CodeSystem/restful-security-service"/>
          <code value="OAuth"/>
        </coding>
      </service>
    </security>
    <resource>
      <type value="Patient"/>
      <profile value="http://ltsi.univ-rennes.fr/StructureDefinition/oncofair-patient"/>
      <interaction>
        <code value="search-type"/>
      </interaction>
      <interaction>
        <code value="read"/>
      </interaction>
      <searchRevInclude value="Encounter:subject"/>
      <searchParam>
        <name value="_lastUpdated"/>
        <definition value="http://hl7.org/fhir/SearchParameter/Resource-lastUpdated"/>
        <type value="date"/>
        <documentation value="When the resource version last changed"/>
      </searchParam>
    </resource>
    <resource>
      <type value="Encounter"/>
      <profile value="http://ltsi.univ-rennes.fr/StructureDefinition/oncofair-encounter"/>
      <interaction>
        <code value="search-type"/>
      </interaction>
      <interaction>
        <code value="read"/>
      </interaction>
      <searchInclude value="Encounter:subject"/>
      <searchRevInclude value="MedicationAdministration:encounter"/>
      <searchRevInclude value="MedicationRequest:encounter"/>
      <searchParam>
        <name value="_lastUpdated"/>
        <definition value="http://hl7.org/fhir/SearchParameter/Resource-lastUpdated"/>
        <type value="date"/>
        <documentation value="When the resource version last changed"/>
      </searchParam>
    </resource>
    <resource>
      <type value="Observation"/>
      <profile value="http://ltsi.univ-rennes.fr/StructureDefinition/oncofair-observation"/>
      <interaction>
        <code value="search-type"/>
      </interaction>
      <interaction>
        <code value="read"/>
      </interaction>
      <searchRevInclude value="MedicationRequest:reason"/>
      <searchParam>
        <name value="_lastUpdated"/>
        <definition value="http://hl7.org/fhir/SearchParameter/Resource-lastUpdated"/>
        <type value="date"/>
        <documentation value="When the resource version last changed"/>
      </searchParam>
    </resource>
    <resource>
      <type value="Medication"/>
      <profile value="http://ltsi.univ-rennes.fr/StructureDefinition/oncofair-medication"/>
      <interaction>
        <code value="search-type"/>
      </interaction>
      <interaction>
        <code value="read"/>
      </interaction>
      <searchRevInclude value="MedicationRequest:medication"/>
      <searchRevInclude value="MedicationAdministration:medication"/>
      <searchParam>
        <name value="_lastUpdated"/>
        <definition value="http://hl7.org/fhir/SearchParameter/Resource-lastUpdated"/>
        <type value="date"/>
        <documentation value="When the resource version last changed"/>
      </searchParam>
    </resource>
    <resource>
      <type value="MedicationRequest"/>
      <profile value="http://ltsi.univ-rennes.fr/StructureDefinition/oncofair-medicationrequest-prescription"/>
      <supportedProfile value="http://ltsi.univ-rennes.fr/StructureDefinition/oncofair-medicationrequest-element"/>
      <supportedProfile value="http://ltsi.univ-rennes.fr/StructureDefinition/oncofair-medicationrequest-component"/>
      <interaction>
        <code value="search-type"/>
      </interaction>
      <interaction>
        <code value="read"/>
      </interaction>
      <searchInclude value="MedicationRequest:encounter"/>
      <searchInclude value="MedicationRequest:reason"/>
      <searchInclude value="MedicationRequest:basedOn"/>
      <searchInclude value="MedicationRequest:medication"/>
      <searchRevInclude value="MedicationRequest:basedOn"/>
      <searchParam>
        <name value="_lastUpdated"/>
        <definition value="http://hl7.org/fhir/SearchParameter/Resource-lastUpdated"/>
        <type value="date"/>
        <documentation value="When the resource version last changed"/>
      </searchParam>
    </resource>
    <resource>
      <type value="CarePlan"/>
      <profile value="http://ltsi.univ-rennes.fr/StructureDefinition/oncofair-careplan"/>
      <interaction>
        <code value="search-type"/>
      </interaction>
      <interaction>
        <code value="read"/>
      </interaction>
      <searchInclude value="MedicationRequest:basedOn"/>
      <searchParam>
        <name value="_lastUpdated"/>
        <definition value="http://hl7.org/fhir/SearchParameter/Resource-lastUpdated"/>
        <type value="date"/>
        <documentation value="When the resource version last changed"/>
      </searchParam>
    </resource>
    <resource>
      <type value="MedicationAdministration"/>
      <profile value="http://ltsi.univ-rennes.fr/StructureDefinition/oncofair-medicationadministration-element"/>
      <supportedProfile value="http://ltsi.univ-rennes.fr/StructureDefinition/oncofair-medicationadministration-component"/>
      <supportedProfile value="http://ltsi.univ-rennes.fr/StructureDefinition/oncofair-medicationadministration-report"/>
      <interaction>
        <code value="search-type"/>
      </interaction>
      <interaction>
        <code value="read"/>
      </interaction>
      <searchInclude value="MedicationAdministration:encounter"/>
      <searchInclude value="MedicationAdministration:partOf"/>
      <searchInclude value="MedicationAdministration:medication"/>
      <searchRevInclude value="MedicationAdministration:partOf"/>
      <searchParam>
        <name value="_lastUpdated"/>
        <definition value="http://hl7.org/fhir/SearchParameter/Resource-lastUpdated"/>
        <type value="date"/>
        <documentation value="When the resource version last changed"/>
      </searchParam>
    </resource>
  </rest>
</CapabilityStatement>