{
  "codeSystems" : [
    {
      "url" : "http://hl7.org/fhir/CodeSystem/administration-subpotent-reason",
      "version" : "5.0.0",
      "status" : "active",
      "name" : "AdministrationSubPotentReason",
      "title" : "Administration SubPotent Reason",
      "description" : "This value set is provided as an example. The value set to instantiate this attribute should be drawn from a robust terminology code system that consists of or contains concepts to support the medication administration process.",
      "oids" : ["2.16.840.1.113883.4.642.4.2001"],
      "uses" : {
      },
      "http://hl7.org/fhir/R5/valueset-administration-subpotent-reason.html" : "MedicationAdministration Subpotent Reason"
    },
    {
      "url" : "http://hl7.org/fhir/CodeSystem/medication-admin-status",
      "version" : "5.0.0",
      "status" : "active",
      "name" : "MedicationAdministrationStatusCodes",
      "title" : "MedicationAdministration Status Codes",
      "description" : "MedicationAdministration Status Codes",
      "oids" : ["2.16.840.1.113883.4.642.4.2000"],
      "uses" : {
      },
      "http://hl7.org/fhir/R5/valueset-medication-admin-status.html" : "MedicationAdministration Status Codes"
    },
    {
      "url" : "http://hl7.org/fhir/CodeSystem/medication-dose-aid",
      "version" : "5.0.0",
      "status" : "active",
      "name" : "MedicationDoseAid",
      "title" : "Medication dose aid",
      "description" : "Medication dose aid",
      "oids" : ["2.16.840.1.113883.4.642.4.2075"],
      "uses" : {
      },
      "http://hl7.org/fhir/R5/valueset-medication-dose-aid.html" : "Medication Dose Aids"
    },
    {
      "url" : "http://hl7.org/fhir/CodeSystem/medication-ingredientstrength",
      "version" : "5.0.0",
      "status" : "active",
      "name" : "MedicationIngredientStrengthCodes",
      "title" : "Medication Ingredient Strength Codes",
      "description" : "Medication Ingredient Strength Codes",
      "oids" : ["2.16.840.1.113883.4.642.4.2062"],
      "uses" : {
      },
      "http://hl7.org/fhir/R5/valueset-medication-ingredientstrength.html" : "Medication Ingredient Strength Codes"
    },
    {
      "url" : "http://hl7.org/fhir/CodeSystem/medication-intended-performer-role",
      "version" : "5.0.0",
      "status" : "active",
      "name" : "MedicationIntendedPerformerRole",
      "title" : "Medication Intended Performer Role",
      "description" : "Medication Intended Performer Role",
      "oids" : ["2.16.840.1.113883.4.642.4.2074"],
      "uses" : {
      },
      "http://hl7.org/fhir/R5/valueset-medication-intended-performer-role.html" : "Medication Intended Performer Role"
    },
    {
      "url" : "http://hl7.org/fhir/CodeSystem/medication-status",
      "version" : "5.0.0",
      "status" : "active",
      "name" : "MedicationStatusCodes",
      "title" : "Medication Status Codes",
      "description" : "Medication Status Codes",
      "oids" : ["2.16.840.1.113883.4.642.4.1380"],
      "uses" : {
      },
      "http://hl7.org/fhir/R5/valueset-medication-status.html" : "Medication Status Codes"
    },
    {
      "url" : "http://hl7.org/fhir/CodeSystem/medicationrequest-intent",
      "version" : "5.0.0",
      "status" : "active",
      "name" : "MedicationRequestIntentCodes",
      "title" : "MedicationRequest Intent Codes",
      "description" : "MedicationRequest Intent Codes",
      "oids" : ["2.16.840.1.113883.4.642.4.1378"],
      "uses" : {
      },
      "http://hl7.org/fhir/R5/valueset-medicationrequest-intent.html" : "medicationRequest Intent"
    },
    {
      "url" : "http://hl7.org/fhir/CodeSystem/medicationrequest-status",
      "version" : "5.0.0",
      "status" : "active",
      "name" : "MedicationRequestStatusCodes",
      "title" : "MedicationRequest Status Codes",
      "description" : "MedicationRequest Status Codes",
      "oids" : ["2.16.840.1.113883.4.642.4.1377"],
      "uses" : {
      },
      "http://hl7.org/fhir/R5/valueset-medicationrequest-status.html" : "medicationrequest Status"
    },
    {
      "url" : "http://hl7.org/fhir/administrative-gender",
      "version" : "5.0.0",
      "status" : "active",
      "name" : "AdministrativeGender",
      "title" : "AdministrativeGender",
      "description" : "The gender of a person used for administrative purposes.",
      "oids" : ["2.16.840.1.113883.4.642.4.2"],
      "uses" : {
      },
      "http://hl7.org/fhir/R5/valueset-administrative-gender.html" : "AdministrativeGender"
    },
    {
      "url" : "http://hl7.org/fhir/days-of-week",
      "version" : "5.0.0",
      "status" : "active",
      "name" : "DaysOfWeek",
      "title" : "Days Of Week",
      "description" : "The days of the week.",
      "oids" : [
        "2.16.840.1.113883.4.642.4.513",
        "2.16.840.1.113883.4.642.2.302",
        "2.16.840.1.113883.4.642.1.507"
      ],
      "uses" : {
      },
      "http://hl7.org/fhir/R5/valueset-days-of-week.html" : "Days Of Week"
    },
    {
      "url" : "http://hl7.org/fhir/encounter-diagnosis-use",
      "version" : "5.0.0",
      "status" : "active",
      "name" : "EncounterDiagnosisUse",
      "title" : "Encounter Diagnosis Use",
      "description" : "Encounter Condition Use",
      "oids" : ["2.16.840.1.113883.4.642.4.2115"],
      "uses" : {
      },
      "http://hl7.org/fhir/R5/valueset-encounter-diagnosis-use.html" : "Encounter Diagnosis Use"
    },
    {
      "url" : "http://hl7.org/fhir/encounter-location-status",
      "version" : "5.0.0",
      "status" : "active",
      "name" : "EncounterLocationStatus",
      "title" : "Encounter Location Status",
      "description" : "The status of the location.",
      "oids" : [
        "2.16.840.1.113883.4.642.1.258",
        "2.16.840.1.113883.4.642.2.147",
        "2.16.840.1.113883.4.642.4.263"
      ],
      "uses" : {
      },
      "http://hl7.org/fhir/R5/valueset-encounter-location-status.html" : "Encounter Location Status"
    },
    {
      "url" : "http://hl7.org/fhir/encounter-reason-use",
      "version" : "5.0.0",
      "status" : "active",
      "name" : "EncounterReasonUse",
      "title" : "Encounter Reason Use",
      "description" : "Encounter Reason Use",
      "oids" : ["2.16.840.1.113883.4.642.4.2114"],
      "uses" : {
      },
      "http://hl7.org/fhir/R5/valueset-encounter-reason-use.html" : "Encounter Reason Use"
    },
    {
      "url" : "http://hl7.org/fhir/encounter-status",
      "version" : "5.0.0",
      "status" : "active",
      "name" : "EncounterStatus",
      "title" : "Encounter Status",
      "description" : "Current state of the encounter.",
      "oids" : [
        "2.16.840.1.113883.4.642.4.247",
        "2.16.840.1.113883.4.642.1.242"
      ],
      "uses" : {
      },
      "http://hl7.org/fhir/R5/valueset-encounter-status.html" : "Encounter Status"
    },
    {
      "url" : "http://hl7.org/fhir/event-timing",
      "version" : "5.0.0",
      "status" : "active",
      "name" : "EventTiming",
      "title" : "EventTiming",
      "description" : "Real-world event relating to the schedule.",
      "oids" : ["2.16.840.1.113883.4.642.1.76"],
      "uses" : {
      },
      "http://hl7.org/fhir/R5/valueset-event-timing.html" : "EventTiming"
    },
    {
      "url" : "http://hl7.org/fhir/fhir-types",
      "version" : "5.0.0",
      "status" : "active",
      "name" : "FHIRTypes",
      "title" : "All FHIR Types",
      "description" : "One of the types defined as part of this version of FHIR.",
      "oids" : ["2.16.840.1.113883.4.642.4.1802"],
      "uses" : {
      },
      "http://hl7.org/fhir/R5/valueset-resource-types.html" : "Resource Types"
    },
    {
      "url" : "http://hl7.org/fhir/identifier-use",
      "version" : "5.0.0",
      "status" : "active",
      "name" : "IdentifierUse",
      "title" : "IdentifierUse",
      "description" : "Identifies the purpose for this identifier, if known .",
      "oids" : ["2.16.840.1.113883.4.642.1.58"],
      "uses" : {
      },
      "http://hl7.org/fhir/R5/valueset-identifier-use.html" : "IdentifierUse"
    },
    {
      "url" : "http://hl7.org/fhir/link-type",
      "version" : "5.0.0",
      "status" : "active",
      "name" : "LinkType",
      "title" : "Link Type",
      "description" : "The type of link between this Patient resource and other Patient/RelatedPerson resource(s).",
      "oids" : [
        "2.16.840.1.113883.4.642.1.413",
        "2.16.840.1.113883.4.642.2.234",
        "2.16.840.1.113883.4.642.4.424"
      ],
      "uses" : {
      },
      "http://hl7.org/fhir/R5/valueset-link-type.html" : "Link Type"
    },
    {
      "url" : "http://hl7.org/fhir/observation-referencerange-normalvalue",
      "version" : "5.0.0",
      "status" : "active",
      "name" : "ObservationReferenceRangeNormalValue",
      "title" : "ObservationreferenceRangeNormalValue",
      "description" : "Codes that describe the normal value in the reference range.",
      "oids" : ["2.16.840.1.113883.4.642.4.2099"],
      "uses" : {
      },
      "http://hl7.org/fhir/R5/valueset-observation-referencerange-normalvalue.html" : "Observation Reference Range Normal Value Codes"
    },
    {
      "url" : "http://hl7.org/fhir/observation-status",
      "version" : "5.0.0",
      "status" : "active",
      "name" : "ObservationStatus",
      "title" : "Observation Status",
      "description" : "Codes providing the status of an observation.",
      "oids" : [
        "2.16.840.1.113883.4.642.4.401",
        "2.16.840.1.113883.4.642.1.388",
        "2.16.840.1.113883.4.642.2.219"
      ],
      "uses" : {
      },
      "http://hl7.org/fhir/R5/valueset-observation-status.html" : "Observation Status"
    },
    {
      "url" : "http://hl7.org/fhir/observation-triggeredbytype",
      "version" : "5.0.0",
      "status" : "active",
      "name" : "TriggeredBytype",
      "title" : "triggered Bytype",
      "description" : "Codes providing the triggeredBy type of observation.",
      "oids" : ["2.16.840.1.113883.4.642.4.2098"],
      "uses" : {
      },
      "http://hl7.org/fhir/R5/valueset-observation-triggeredbytype.html" : "triggered Bytype"
    },
    {
      "url" : "http://hl7.org/fhir/publication-status",
      "version" : "5.0.0",
      "status" : "active",
      "name" : "PublicationStatus",
      "title" : "PublicationStatus",
      "description" : "The lifecycle status of an artifact.",
      "oids" : ["2.16.840.1.113883.4.642.4.4"],
      "uses" : {
      },
      "http://hl7.org/fhir/R5/valueset-publication-status.html" : "PublicationStatus"
    },
    {
      "url" : "http://hl7.org/fhir/request-intent",
      "version" : "5.0.0",
      "status" : "draft",
      "name" : "RequestIntent",
      "title" : "RequestIntent",
      "description" : "Codes indicating the degree of authority/intentionality associated with a request.",
      "oids" : ["2.16.840.1.113883.4.642.4.114"],
      "uses" : {
      },
      "http://hl7.org/fhir/R5/valueset-care-plan-intent.html" : "Care Plan Intent"
    },
    {
      "url" : "http://hl7.org/fhir/request-priority",
      "version" : "5.0.0",
      "status" : "draft",
      "name" : "RequestPriority",
      "title" : "RequestPriority",
      "description" : "Identifies the level of importance to be assigned to actioning the request.",
      "oids" : ["2.16.840.1.113883.4.642.4.116"],
      "uses" : {
      },
      "http://hl7.org/fhir/R5/valueset-request-priority.html" : "RequestPriority"
    },
    {
      "url" : "http://hl7.org/fhir/request-status",
      "version" : "5.0.0",
      "status" : "draft",
      "name" : "RequestStatus",
      "title" : "RequestStatus",
      "description" : "Codes identifying the lifecycle stage of a request.",
      "oids" : ["2.16.840.1.113883.4.642.4.112"],
      "uses" : {
      },
      "http://hl7.org/fhir/R5/valueset-request-status.html" : "RequestStatus"
    },
    {
      "url" : "http://hl7.org/fhir/research-study-arm-type",
      "version" : "5.0.0",
      "status" : "active",
      "name" : "ResearchStudyArmType",
      "title" : "ResearchStudy Arm Type Code System",
      "description" : "Codes for the main intent of the study.",
      "uses" : {
      },
      "http://hl7.org/fhir/R5/valueset-research-study-arm-type.html" : "Research Study Arm Type"
    },
    {
      "url" : "http://hl7.org/fhir/research-study-classifiers",
      "version" : "5.0.0",
      "status" : "active",
      "name" : "ResearchStudyClassifiers",
      "title" : "ResearchStudy Classifiers Code System",
      "description" : "Codes for use in ResearchStudy Resource. This resource (this entire set of content) is being used for active development of a ResearchStudyClassifiers CodeSystem for use for supporting multiple value sets in the FHIR ResearchStudy StructureDefinition.",
      "oids" : ["2.16.840.1.113883.4.642.4.1967"],
      "uses" : {
      },
      "http://hl7.org/fhir/R5/valueset-research-study-classifiers.html" : "Research Study Classifiers"
    },
    {
      "url" : "http://hl7.org/fhir/research-study-focus-type",
      "version" : "5.0.0",
      "status" : "active",
      "name" : "ResearchStudyFocusType",
      "title" : "ResearchStudy Focus Type Code System",
      "description" : "Codes for the main intent of the study.",
      "uses" : {
      },
      "http://hl7.org/fhir/R5/valueset-research-study-focus-type.html" : "Research Study Focus Type"
    },
    {
      "url" : "http://hl7.org/fhir/research-study-objective-type",
      "version" : "5.0.0",
      "status" : "active",
      "name" : "ResearchStudyObjectiveType",
      "title" : "ResearchStudy Objective Type Code System",
      "description" : "Codes for the kind of study objective.",
      "uses" : {
      },
      "http://hl7.org/fhir/R5/valueset-research-study-objective-type.html" : "Research Study Objective Type"
    },
    {
      "url" : "http://hl7.org/fhir/research-study-party-organization-type",
      "version" : "5.0.0",
      "status" : "active",
      "name" : "ResearchStudyPartyOrganizationType",
      "title" : "ResearchStudy Party Organization Type Code System",
      "description" : "This is a ResearchStudy's party organization type.",
      "uses" : {
      },
      "http://hl7.org/fhir/R5/valueset-research-study-party-organization-type.html" : "Research Study Party Organization Type"
    },
    {
      "url" : "http://hl7.org/fhir/research-study-party-role",
      "version" : "5.0.0",
      "status" : "active",
      "name" : "ResearchStudyPartyRole",
      "title" : "Research Study Party Role",
      "description" : "This is a ResearchStudy's party role.",
      "oids" : ["2.16.840.1.113883.4.642.4.1968"],
      "uses" : {
      },
      "http://hl7.org/fhir/R5/valueset-research-study-party-role.html" : "Research Study Party Role"
    },
    {
      "url" : "http://hl7.org/fhir/research-study-phase",
      "version" : "5.0.0",
      "status" : "active",
      "name" : "ResearchStudyPhase",
      "title" : "ResearchStudy Phase Code System",
      "description" : "Codes for the stage in the progression of a therapy from initial experimental use in humans in clinical trials to post-market evaluation.",
      "uses" : {
      },
      "http://hl7.org/fhir/R5/valueset-research-study-phase.html" : "Research Study Phase"
    },
    {
      "url" : "http://hl7.org/fhir/research-study-prim-purp-type",
      "version" : "5.0.0",
      "status" : "active",
      "name" : "ResearchStudyPrimaryPurposeType",
      "title" : "ResearchStudy Primary Purpose Type Code System",
      "description" : "Codes for the main intent of a research study.",
      "uses" : {
      },
      "http://hl7.org/fhir/R5/valueset-research-study-prim-purp-type.html" : "Research Study Primary Purpose Type"
    },
    {
      "url" : "http://hl7.org/fhir/research-study-reason-stopped",
      "version" : "5.0.0",
      "status" : "active",
      "name" : "ResearchStudyReasonStopped",
      "title" : "ResearchStudy Reason Stopped Code System",
      "description" : "Codes for why the study ended prematurely.",
      "uses" : {
      },
      "http://hl7.org/fhir/R5/valueset-research-study-reason-stopped.html" : "Research Study Reason Stopped"
    },
    {
      "url" : "http://hl7.org/fhir/research-study-status",
      "version" : "5.0.0",
      "status" : "active",
      "name" : "ResearchStudyStatus",
      "title" : "Research Study Status",
      "description" : "Codes that convey the current status of the research study.",
      "oids" : [
        "2.16.840.1.113883.4.642.4.820",
        "2.16.840.1.113883.4.642.1.803"
      ],
      "uses" : {
      },
      "http://hl7.org/fhir/R5/valueset-research-study-status.html" : "Research Study Status"
    },
    {
      "url" : "http://hl7.org/fhir/service-mode",
      "version" : "5.0.0",
      "status" : "active",
      "name" : "ServiceMode",
      "title" : "Service Mode",
      "description" : "An example set of Service Modes that could be applicable to use to characterize HealthcareServices or PractitionerRoles while searching",
      "oids" : ["2.16.840.1.113883.4.642.4.2116"],
      "uses" : {
      },
      "http://hl7.org/fhir/R5/valueset-service-mode.html" : "Service Mode"
    },
    {
      "url" : "http://hl7.org/fhir/study-design",
      "version" : "5.0.0",
      "status" : "active",
      "name" : "StudyDesign",
      "title" : "Study Design",
      "description" : "This is a set of terms for study design characteristics.",
      "uses" : {
      },
      "http://hl7.org/fhir/R5/valueset-study-design.html" : "Study Design"
    },
    {
      "url" : "http://hl7.org/fhir/title-type",
      "version" : "5.0.0",
      "status" : "active",
      "name" : "TitleType",
      "title" : "Title Type",
      "description" : "Used to express the reason and specific aspect for the variant title, such as language and specific language.",
      "oids" : ["2.16.840.1.113883.4.642.4.1875"],
      "uses" : {
      },
      "http://hl7.org/fhir/R5/valueset-title-type.html" : "Title Type"
    },
    {
      "url" : "http://loinc.org",
      "version" : "3.1.0",
      "status" : "active",
      "name" : "LOINC",
      "title" : "Logical Observation Identifiers, Names and Codes (LOINC)",
      "description" : "LOINC provides a set of universal names and ID codes for identifying laboratory and clinical test results.1,2 LOINC facilitates the exchange and pooling of results, such as blood hemoglobin, serum potassium, or vital signs, for clinical care, outcomes management, and research. LOINC's universal identifiers (names and codes) can be used in the context of order and observation exchanges between information systems that use syntax standards such as HL73, CEN TC251, ISO TC215, ASTM4, and DICOM. Specifically, the identifier can be used as the coded value for an observation in any other standard that uses the observation/observation value paradigm, whether messages, documents, application programming interface (API), etc. For example, LOINC codes are used widely in the OBX segment Observation Identifier field (OBX-3) of an ORU HL7 (HL7 version 2.x or ASTM 1238-9410) message that may be sent between a Clinical Laboratory Information Management Systems (LIMS) and Electronic Health Record Systems (EHR).5, 6 In this way, LOINC codes provide universal identifiers that allow the exchange of clinical data between heterogeneous computing environments.",
      "oids" : ["2.16.840.1.113883.6.1"],
      "uses" : {
      },
      "http://hl7.org/fhir/R5/valueset-observation-codes.html" : "LOINC Codes"
    },
    {
      "url" : "http://ltsi.univ-rennes.fr/CodeSystem/CSEventTypeData",
      "version" : "0.1.0",
      "status" : "draft",
      "name" : "CSEventTypeData",
      "title" : "Event Types",
      "description" : "CodeSystem for various event types used in French healthcare systems, identified by number, abbreviation, and full name.",
      "uses" : {
      },
      "ValueSet-VSEventTypeData.html" : "Event Types Data"
    },
    {
      "url" : "http://ltsi.univ-rennes.fr/CodeSystem/CSMedicationItemProvenance",
      "version" : "0.1.0",
      "status" : "draft",
      "name" : "CSMedicationItemProvenance",
      "title" : "Medication item provenance",
      "description" : "CodeSystem for french medication item provenance.",
      "uses" : {
      },
      "ValueSet-vsMedicationItemProvenance.html" : "Medication item provenance"
    },
    {
      "url" : "http://ltsi.univ-rennes.fr/CodeSystem/CSMedicationStatus",
      "version" : "0.1.0",
      "status" : "draft",
      "name" : "CSMedicationStatus",
      "title" : "Medication status",
      "description" : "CodeSystem for french medication status.",
      "uses" : {
      },
      "ValueSet-vsMedicationStatus.html" : "Medication status"
    },
    {
      "url" : "http://ltsi.univ-rennes.fr/CodeSystem/CSMedicationTypes",
      "version" : "0.1.0",
      "status" : "draft",
      "name" : "CSMedicationTypes",
      "title" : "Medication types",
      "description" : "CodeSystem for french medication types.",
      "uses" : {
      },
      "ValueSet-vsMedicationTypes.html" : "Medication types"
    },
    {
      "url" : "http://ltsi.univ-rennes.fr/CodeSystem/concept-medication-oncofair-codesystem",
      "version" : "0.1.0",
      "status" : "draft",
      "name" : "ConceptMedicationOncoFAIRCodeSystem",
      "title" : "Concepts Medication Code System",
      "description" : "Code system pour différiencier les niveaux de MR/MA",
      "uses" : {
      },
      "ValueSet-concept-medication-oncofair-valueset.html" : "Concepts Medication Value Set"
    },
    {
      "url" : "http://ltsi.univ-rennes.fr/CodeSystem/medical-units-oncofair-codesystem",
      "version" : "0.1.0",
      "status" : "draft",
      "name" : "MedicalUnitsOncoFAIRCodeSystem",
      "title" : "Medical units",
      "description" : "CodeSystem for french medical units (accommodation, medical liability unit).",
      "uses" : {
      },
      "ValueSet-medical-units-oncofair-valueset.html" : "Medical units Value Set"
    },
    {
      "url" : "http://ltsi.univ-rennes.fr/CodeSystem/medication-lti-exemption",
      "version" : "0.1.0",
      "status" : "draft",
      "name" : "CSMedicationLTIExemption",
      "title" : "LTI Detailed Descriptions",
      "description" : "Detailed list of long-term illness (LTI).",
      "uses" : {
      },
      "ValueSet-vsMedicationLTIExemption.html" : "Medication LTI Exemption"
    },
    {
      "url" : "http://ltsi.univ-rennes.fr/CodeSystem/medications-oncofair-codesystem",
      "version" : "0.1.0",
      "status" : "draft",
      "name" : "MedicationsOncoFAIRCodeSystem",
      "title" : "Medications",
      "description" : "CodeSystem for french medications.",
      "uses" : {
      },
      "ValueSet-medications-oncofair-valueset.html" : "Medications Value Set"
    },
    {
      "url" : "http://ltsi.univ-rennes.fr/CodeSystem/siph-gonogo-oncofair-codesystem",
      "version" : "0.1.0",
      "status" : "draft",
      "name" : "SIPhgoNogoOncoFAIRCodeSystem",
      "title" : "goNogo Code System",
      "description" : "Code system pour l'attribut goNogo",
      "uses" : {
      },
      "ValueSet-siph-gonogo-oncofair-valueset.html" : "goNogo Value Set"
    },
    {
      "url" : "http://ltsi.univ-rennes.fr/CodeSystem/siph-listeald-oncofair-codesystem",
      "version" : "0.1.0",
      "status" : "draft",
      "name" : "SIPhListeALDOncoFAIRCodeSystem",
      "title" : "Liste ALD Code System",
      "description" : "Code system pour l'attribut ListeALD",
      "uses" : {
      },
      "ValueSet-siph-listeald-oncofair-valueset.html" : "Liste Affectation Longue Durée Value Set"
    },
    {
      "url" : "http://ltsi.univ-rennes.fr/CodeSystem/siph-natureproppharm-oncofair-codesystem",
      "version" : "0.1.0",
      "status" : "draft",
      "name" : "SIPhNaturePropPharmOncoFAIRCodeSystem",
      "title" : "Nature proposition pharmaceutique Code System",
      "description" : "Code system pour l'attribut NaturePropPharm",
      "uses" : {
      },
      "ValueSet-siph-natureproppharm-oncofair-valueset.html" : "Nature proposition pharmaceutique Value Set"
    },
    {
      "url" : "http://ltsi.univ-rennes.fr/CodeSystem/siph-paramposoconditionnelle-oncofair-codesystem",
      "version" : "0.1.0",
      "status" : "draft",
      "name" : "SIPhParamPosoConditionnelleOncoFAIRCodeSystem",
      "title" : "Paremètres posologie conditionnelle Code System",
      "description" : "Code system pour l'attribut ParamPosoConditionnelle",
      "uses" : {
      },
      "ValueSet-siph-paramposoconditionnelle-oncofair-valueset.html" : "Paramètres posologie conditionnelle"
    },
    {
      "url" : "http://ltsi.univ-rennes.fr/CodeSystem/siph-renscomplement-oncofair-codesystem",
      "version" : "0.1.0",
      "status" : "draft",
      "name" : "SIPhRensComplementOncoFAIRCodeSystem",
      "title" : "Renseignement complémentaire Code System",
      "description" : "Code system pour l'attribut RensComplement",
      "uses" : {
      },
      "ValueSet-siph-renscomplement-oncofair-valueset.html" : "Renseignement complémentaire Value Set"
    },
    {
      "url" : "http://ltsi.univ-rennes.fr/CodeSystem/siph-statutcomposantadm-oncofair-codesystem",
      "version" : "0.1.0",
      "status" : "draft",
      "name" : "SIPhStatutComposantAdmOncoFAIRCodeSystem",
      "title" : "Statut composant administré Code System",
      "description" : "Code system pour l'attribut StatutComposantAdm",
      "uses" : {
      },
      "ValueSet-siph-statutcomposantadm-oncofair-valueset.html" : "Statut composant administré Value Set"
    },
    {
      "url" : "http://ltsi.univ-rennes.fr/CodeSystem/siph-statutvalidpharm-oncofair-codesystem",
      "version" : "0.1.0",
      "status" : "draft",
      "name" : "SIPhStatutValidPharmOncoFAIRCodeSystem",
      "title" : "Statut validation pharmaceutique Code System",
      "description" : "Code system pour l'attribut StatutValidPharm",
      "uses" : {
      },
      "ValueSet-siph-statutvalidpharm-oncofair-valueset.html" : "Statut validation pharmaceutique Value Set"
    },
    {
      "url" : "http://ltsi.univ-rennes.fr/CodeSystem/siph-type-liaison-oncofair-codesystem",
      "version" : "0.1.0",
      "status" : "draft",
      "name" : "SIPhTypeLiaisonOncoFAIRCodeSystem",
      "title" : "Type de liaison Code System",
      "description" : "Code system pour l'attribut TypeLiaison",
      "uses" : {
      },
      "ValueSet-siph-type-liasion-oncofair-valueset.html" : "Type de liaison Value Set"
    },
    {
      "url" : "http://ltsi.univ-rennes.fr/CodeSystem/siph-typecomposant-oncofair-codesystem",
      "version" : "0.1.0",
      "status" : "draft",
      "name" : "SIPhTypeComposantOncoFAIRCodeSystem",
      "title" : "Type de composant Code System",
      "description" : "Code system pour l'attribut TypeComposant",
      "uses" : {
      },
      "ValueSet-siph-typecomposant-oncofair-valueset.html" : "Type de composant Value Set"
    },
    {
      "url" : "http://ltsi.univ-rennes.fr/CodeSystem/siph-typeeltpla-oncofair-codesystem",
      "version" : "0.1.0",
      "status" : "draft",
      "name" : "SIPhTypeEltPLAOncoFAIRCodeSystem",
      "title" : "Type de l'élément d'administration Code System",
      "description" : "Code system pour l'attribut TypeEltPLA",
      "uses" : {
      },
      "ValueSet-siph-typeeltpla-oncofair-valueset.html" : "Type de l'élément d'administration Value Set"
    },
    {
      "url" : "http://ltsi.univ-rennes.fr/CodeSystem/siph-typeevenement-oncofair-codesystem",
      "version" : "0.1.0",
      "status" : "draft",
      "name" : "SIPhTypeEvenementOncoFAIRCodeSystem",
      "title" : "Type évènement Code System",
      "description" : "Code system pour l'attribut TypeEvenement",
      "uses" : {
      },
      "ValueSet-siph-typeevenement-oncofair-valueset.html" : "Type de l'évènement Value Set"
    },
    {
      "url" : "http://terminology.hl7.org/CodeSystem/admit-source",
      "version" : "1.0.1",
      "status" : "active",
      "name" : "AdmitSource",
      "title" : "Admit source",
      "description" : "This value set defines a set of codes that can be used to indicate from where the patient came in.",
      "oids" : ["2.16.840.1.113883.4.642.1.1092"],
      "uses" : {
      },
      "http://hl7.org/fhir/R5/valueset-encounter-admit-source.html" : "Admit Source"
    },
    {
      "url" : "http://terminology.hl7.org/CodeSystem/condition-category",
      "version" : "1.0.1",
      "status" : "active",
      "name" : "ConditionCategoryCodes",
      "title" : "Condition Category Codes",
      "description" : "Preferred value set for Condition Categories.",
      "oids" : ["2.16.840.1.113883.4.642.1.1073"],
      "uses" : {
      },
      "http://hl7.org/fhir/R5/valueset-condition-category.html" : "Condition Category Codes"
    },
    {
      "url" : "http://terminology.hl7.org/CodeSystem/condition-clinical",
      "version" : "3.0.0",
      "status" : "active",
      "name" : "ConditionClinicalStatusCodes",
      "title" : "Condition Clinical Status Codes",
      "description" : "Preferred value set for Condition Clinical Status.",
      "oids" : ["2.16.840.1.113883.4.642.1.1074"],
      "uses" : {
      },
      "http://hl7.org/fhir/R5/valueset-condition-clinical.html" : "Condition Clinical Status Codes"
    },
    {
      "url" : "http://terminology.hl7.org/CodeSystem/condition-ver-status",
      "version" : "2.0.1",
      "status" : "active",
      "name" : "ConditionVerificationStatus",
      "title" : "ConditionVerificationStatus",
      "description" : "The verification status to support or decline the clinical status of the condition or diagnosis.",
      "oids" : ["2.16.840.1.113883.4.642.1.1075"],
      "uses" : {
      },
      "http://hl7.org/fhir/R5/valueset-condition-ver-status.html" : "Condition Verification Status"
    },
    {
      "url" : "http://terminology.hl7.org/CodeSystem/data-absent-reason",
      "version" : "1.0.0",
      "status" : "active",
      "name" : "DataAbsentReason",
      "title" : "DataAbsentReason",
      "description" : "Used to specify why the normally expected content of the data element is missing.",
      "oids" : ["2.16.840.1.113883.4.642.4.1048"],
      "uses" : {
      },
      "http://hl7.org/fhir/R5/valueset-data-absent-reason.html" : "Data Absent Reason"
    },
    {
      "url" : "http://terminology.hl7.org/CodeSystem/diet",
      "version" : "1.0.1",
      "status" : "active",
      "name" : "Diet",
      "title" : "Diet",
      "description" : "This value set defines a set of codes that can be used to indicate dietary preferences or restrictions a patient may have.",
      "oids" : ["2.16.840.1.113883.4.642.1.1091"],
      "uses" : {
      },
      "http://hl7.org/fhir/R5/valueset-encounter-diet.html" : "Diet"
    },
    {
      "url" : "http://terminology.hl7.org/CodeSystem/discharge-disposition",
      "version" : "1.0.1",
      "status" : "active",
      "name" : "DischargeDisposition",
      "title" : "Discharge disposition",
      "description" : "This value set defines a set of codes that can be used to where the patient left the hospital.",
      "oids" : ["2.16.840.1.113883.4.642.1.1093"],
      "uses" : {
      },
      "http://hl7.org/fhir/R5/valueset-encounter-discharge-disposition.html" : "Discharge Disposition"
    },
    {
      "url" : "http://terminology.hl7.org/CodeSystem/dose-rate-type",
      "version" : "1.0.0",
      "status" : "draft",
      "name" : "DoseAndRateType",
      "title" : "DoseAndRateType",
      "description" : "The kind of dose or rate specified.",
      "oids" : ["2.16.840.1.113883.4.642.1.1069"],
      "uses" : {
      },
      "http://terminology.hl7.org/6.1.0/ValueSet-dose-rate-type.html" : "DoseAndRateType"
    },
    {
      "url" : "http://terminology.hl7.org/CodeSystem/encounter-special-arrangements",
      "version" : "1.0.1",
      "status" : "active",
      "name" : "SpecialArrangements",
      "title" : "Special arrangements",
      "description" : "This value set defines a set of codes that can be used to indicate the kinds of special arrangements in place for a patients visit.",
      "oids" : ["2.16.840.1.113883.4.642.1.1090"],
      "uses" : {
      },
      "http://hl7.org/fhir/R5/valueset-encounter-special-arrangements.html" : "Special Arrangements"
    },
    {
      "url" : "http://terminology.hl7.org/CodeSystem/encounter-subject-status",
      "version" : "2.0.1",
      "status" : "active",
      "name" : "EncounterSubjectStatus",
      "title" : "Encounter subject status",
      "description" : "This example value set defines a set of codes that can be used to indicate the status of the subject within the encounter",
      "oids" : ["2.16.840.1.113883.4.642.1.1420"],
      "uses" : {
      },
      "http://hl7.org/fhir/R5/valueset-encounter-subject-status.html" : "Encounter Subject Status"
    },
    {
      "url" : "http://terminology.hl7.org/CodeSystem/encounter-type",
      "version" : "1.0.1",
      "status" : "active",
      "name" : "EncounterType",
      "title" : "Encounter type",
      "description" : "This example value set defines a set of codes that can be used to indicate the type of encounter: a specific code indicating type of service provided.",
      "oids" : ["2.16.840.1.113883.4.642.1.1088"],
      "uses" : {
      },
      "http://hl7.org/fhir/R5/valueset-encounter-type.html" : "Encounter Type"
    },
    {
      "url" : "http://terminology.hl7.org/CodeSystem/extra-security-role-type",
      "version" : "1.0.1",
      "status" : "active",
      "name" : "SecurityRoleType",
      "title" : "Security Role Type",
      "description" : "This CodeSystem contains Additional FHIR-defined Security Role types not defined elsewhere",
      "uses" : {
      },
      "http://hl7.org/fhir/R5/valueset-participation-role-type.html" : "Participation Role Type"
    },
    {
      "url" : "http://terminology.hl7.org/CodeSystem/icd-o-3",
      "version" : "2.0.1",
      "status" : "active",
      "name" : "IcdO3",
      "title" : "International Classification of Diseases for Oncology, version 3.",
      "description" : "International Classification of Diseases for Oncology, version 3. For more information see http://www.who.int/classifications/icd/adaptations/oncology/en/.",
      "oids" : ["2.16.840.1.113883.6.43.1"],
      "uses" : {
      },
      "ValueSet-Topography.html" : "Topography Value Set",
      "ValueSet-Morphology.html" : "Morphology Value Set"
    },
    {
      "url" : "http://terminology.hl7.org/CodeSystem/location-physical-type",
      "version" : "2.0.1",
      "status" : "active",
      "name" : "LocationType",
      "title" : "Location type",
      "description" : "This example value set defines a set of codes that can be used to indicate the physical form of the Location.\r\rThis includes several 'non physical' codes which are still considered a location.",
      "oids" : ["2.16.840.1.113883.4.642.1.1108"],
      "uses" : {
      },
      "http://hl7.org/fhir/R5/valueset-location-form.html" : "Location Form"
    },
    {
      "url" : "http://terminology.hl7.org/CodeSystem/med-admin-perform-function",
      "version" : "1.0.1",
      "status" : "active",
      "name" : "MedicationAdministrationPerformerFunctionCodes",
      "title" : "MedicationAdministration Performer Function Codes",
      "description" : "MedicationAdministration Performer Function Codes",
      "oids" : ["2.16.840.1.113883.4.642.1.1112"],
      "uses" : {
      },
      "http://hl7.org/fhir/R5/valueset-med-admin-perform-function.html" : "MedicationAdministration Performer Function Codes"
    },
    {
      "url" : "http://terminology.hl7.org/CodeSystem/medication-admin-location",
      "version" : "1.0.1",
      "status" : "active",
      "name" : "MedicationAdministrationLocationCodes",
      "title" : "MedicationAdministration Location Codes",
      "description" : "MedicationAdministration Location Codes",
      "oids" : ["2.16.840.1.113883.4.642.1.0"],
      "uses" : {
      },
      "http://hl7.org/fhir/R5/valueset-medication-admin-location.html" : "MedicationAdministration Location Codes"
    },
    {
      "url" : "http://terminology.hl7.org/CodeSystem/medicationrequest-admin-location",
      "version" : "1.0.1",
      "status" : "active",
      "name" : "MedicationRequest_Administration_Location_Codes",
      "title" : "Medication request  administration  location  codes",
      "description" : "MedicationRequest Administration Location Codes",
      "oids" : ["2.16.840.1.113883.4.642.1.0"],
      "uses" : {
      },
      "http://hl7.org/fhir/R5/valueset-medicationrequest-admin-location.html" : "medicationRequest Administration Location Codes"
    },
    {
      "url" : "http://terminology.hl7.org/CodeSystem/medicationrequest-course-of-therapy",
      "version" : "1.0.1",
      "status" : "active",
      "name" : "MedicationRequestCourseOfTherapyCodes",
      "title" : "MedicationRequest Course of Therapy Codes",
      "description" : "MedicationRequest Course of Therapy Codes",
      "oids" : ["2.16.840.1.113883.4.642.1.1327"],
      "uses" : {
      },
      "http://hl7.org/fhir/R5/valueset-medicationrequest-course-of-therapy.html" : "medicationRequest Course of Therapy Codes"
    },
    {
      "url" : "http://terminology.hl7.org/CodeSystem/medicationrequest-status-reason",
      "version" : "1.0.1",
      "status" : "active",
      "name" : "MedicationRequestStatusReasonCodes",
      "title" : "MedicationRequest Status Reason Codes",
      "description" : "MedicationRequest Status Reason Codes",
      "oids" : ["2.16.840.1.113883.4.642.1.1325"],
      "uses" : {
      },
      "http://hl7.org/fhir/R5/valueset-medicationrequest-status-reason.html" : "medicationRequest Status Reason Codes"
    },
    {
      "url" : "http://terminology.hl7.org/CodeSystem/observation-category",
      "version" : "1.0.1",
      "status" : "active",
      "name" : "ObservationCategoryCodes",
      "title" : "Observation Category Codes",
      "description" : "Observation Category codes.",
      "oids" : ["2.16.840.1.113883.4.642.1.1125"],
      "uses" : {
      },
      "http://hl7.org/fhir/R5/valueset-observation-category.html" : "Observation Category Codes"
    },
    {
      "url" : "http://terminology.hl7.org/CodeSystem/participant-type",
      "version" : "1.0.1",
      "status" : "active",
      "name" : "ParticipantType",
      "title" : "Participant type",
      "description" : "This value set defines a set of codes that can be used to indicate how an individual participates in an encounter.",
      "oids" : ["2.16.840.1.113883.4.642.1.1089"],
      "uses" : {
      },
      "http://hl7.org/fhir/R5/valueset-encounter-participant-type.html" : "Participant Type"
    },
    {
      "url" : "http://terminology.hl7.org/CodeSystem/program",
      "version" : "1.0.1",
      "status" : "active",
      "name" : "Program",
      "title" : "Program",
      "description" : "This value set defines an example set of codes that could be can be used to classify groupings of service-types/specialties.",
      "oids" : ["2.16.840.1.113883.4.642.1.1384"],
      "uses" : {
      },
      "http://hl7.org/fhir/R5/valueset-program.html" : "Program"
    },
    {
      "url" : "http://terminology.hl7.org/CodeSystem/reason-medication-given",
      "version" : "1.0.1",
      "status" : "active",
      "name" : "ReasonMedicationGivenCodes",
      "title" : "Reason Medication Given Codes",
      "description" : "This value set is provided as an example. The value set to instantiate this attribute should be drawn from a robust terminology code system that consists of or contains concepts to support the medication process.",
      "oids" : ["2.16.840.1.113883.4.642.1.1110"],
      "uses" : {
      },
      "http://hl7.org/fhir/R5/valueset-reason-medication-given-codes.html" : "Reason Medication Given Codes"
    },
    {
      "url" : "http://terminology.hl7.org/CodeSystem/referencerange-meaning",
      "version" : "1.0.1",
      "status" : "active",
      "name" : "ObservationReferenceRangeMeaningCodes",
      "title" : "Observation Reference Range Meaning Codes",
      "description" : "This value set defines a set of codes that can be used to indicate the meaning/use of a reference range for a particular target population.",
      "oids" : ["2.16.840.1.113883.4.642.1.1124"],
      "uses" : {
      },
      "http://hl7.org/fhir/R5/valueset-referencerange-meaning.html" : "Observation Reference Range Meaning Codes"
    },
    {
      "url" : "http://terminology.hl7.org/CodeSystem/service-category",
      "version" : "1.1.1",
      "status" : "active",
      "name" : "ServiceCategory",
      "title" : "Service category",
      "description" : "This value set defines an example set of codes that can be used to classify groupings of service-types/specialties.",
      "oids" : ["2.16.840.1.113883.4.642.1.1144"],
      "uses" : {
      },
      "http://hl7.org/fhir/R5/valueset-service-category.html" : "Service Category"
    },
    {
      "url" : "http://terminology.hl7.org/CodeSystem/service-provision-conditions",
      "version" : "1.0.1",
      "status" : "active",
      "name" : "ServiceProvisionConditions",
      "title" : "ServiceProvisionConditions",
      "description" : "The code(s) that detail the conditions under which the healthcare service is available/offered.",
      "oids" : ["2.16.840.1.113883.4.642.1.1143"],
      "uses" : {
      },
      "http://hl7.org/fhir/R5/valueset-service-provision-conditions.html" : "Service Provision Conditions"
    },
    {
      "url" : "http://terminology.hl7.org/CodeSystem/service-referral-method",
      "version" : "1.0.1",
      "status" : "active",
      "name" : "ReferralMethod",
      "title" : "ReferralMethod",
      "description" : "The methods of referral can be used when referring to a specific HealthCareService resource.",
      "oids" : ["2.16.840.1.113883.4.642.1.1142"],
      "uses" : {
      },
      "http://hl7.org/fhir/R5/valueset-service-referral-method.html" : "Referral Method"
    },
    {
      "url" : "http://terminology.hl7.org/CodeSystem/service-type",
      "version" : "1.1.1",
      "status" : "active",
      "name" : "ServiceType",
      "title" : "Service type",
      "description" : "This value set defines an example set of codes of service-types.",
      "oids" : ["2.16.840.1.113883.4.642.1.1145"],
      "uses" : {
      },
      "http://hl7.org/fhir/R5/valueset-service-type.html" : "Service Type"
    },
    {
      "url" : "http://terminology.hl7.org/CodeSystem/timing-abbreviation",
      "version" : "5.0.0",
      "status" : "draft",
      "name" : "TimingAbbreviation",
      "title" : "TimingAbbreviation",
      "description" : "Code for a known / defined timing pattern.",
      "uses" : {
      },
      "http://hl7.org/fhir/R5/valueset-timing-abbreviation.html" : "TimingAbbreviation"
    },
    {
      "url" : "http://terminology.hl7.org/CodeSystem/umls",
      "version" : "2.0.1",
      "status" : "retired",
      "name" : "Umls",
      "title" : "Unified Medical Language System",
      "description" : "UMLS codes as CUIs making up the values in a coding system. More information may be found at http://www.nlm.nih.gov/research/umls/",
      "oids" : ["2.16.840.1.113883.6.86"],
      "uses" : {
      },
      "ValueSet-Laterality.html" : "Tumor Laterality Value Set",
      "ValueSet-TumorPathologyEventType.html" : "Tumor Pathology Event Type Value Set",
      "ValueSet-TreatmentType.html" : "Treatment Type Value Set"
    },
    {
      "url" : "http://terminology.hl7.org/CodeSystem/v2-0092",
      "version" : "2.0.0",
      "status" : "active",
      "name" : "ReAdmissionIndicator",
      "title" : "re-admissionIndicator",
      "description" : "Code system of concepts which are used to specify that a patient is being re admitted to a healthcare facilityin from which they were discharged, and indicates the circumstances around such re-admission.  Used in HL7 Version 2.x messagine in the PV1 segment.",
      "oids" : ["2.16.840.1.113883.18.36"],
      "uses" : {
      },
      "http://terminology.hl7.org/6.1.0/ValueSet-v2-0092.html" : "hl7VS-re-admissionIndicator"
    },
    {
      "url" : "http://terminology.hl7.org/CodeSystem/v2-0131",
      "version" : "2.0.0",
      "status" : "active",
      "name" : "ContactRole2",
      "title" : "contactRole2",
      "description" : "Code system of concepts which specify a relationship role that the next of kin/associated parties plays with regard to the patient. Also used in referrals, for example, it may be necessary to identify the contact representative at the clinic that sent a referral. Used in HL7 Version 2 messaging in the NK1 and CTD segments after 2.5, when it replace 2.16.840.1.113883.18.57.",
      "oids" : ["2.16.840.1.113883.18.58"],
      "uses" : {
      },
      "http://hl7.org/fhir/R5/valueset-patient-contactrelationship.html" : "Patient Contact Relationship "
    },
    {
      "url" : "http://terminology.hl7.org/CodeSystem/v2-0203",
      "version" : "4.0.0",
      "status" : "active",
      "name" : "IdentifierType",
      "title" : "identifierType",
      "description" : "HL7-defined code system of concepts specifying type of identifier. Used in HL7 Version 2.x messaging data types CX, PLN, PPN, XCN and XON.",
      "oids" : ["2.16.840.1.113883.18.108"],
      "uses" : {
      },
      "http://hl7.org/fhir/R5/valueset-identifier-type.html" : "Identifier Type Codes"
    },
    {
      "url" : "http://terminology.hl7.org/CodeSystem/v3-ActCode",
      "version" : "9.0.0",
      "status" : "active",
      "name" : "ActCode",
      "title" : "ActCode",
      "description" : "A code specifying the particular kind of Act that the Act-instance represents within its class.\r\n\r\n*Constraints:* The kind of Act (e.g. physical examination, serum potassium, inpatient encounter, charge financial transaction, etc.) is specified with a code from one of several, typically external, coding systems. The coding system will depend on the class of Act, such as LOINC for observations, etc.\r\n\r\nConceptually, the Act.code must be a specialization of the Act.classCode. This is why the structure of ActClass domain should be reflected in the superstructure of the ActCode domain and then individual codes or externally referenced vocabularies subordinated under these domains that reflect the ActClass structure.\r\n\r\nAct.classCode and Act.code are not modifiers of each other but the Act.code concept should really imply the Act.classCode concept. For a negative example, it is not appropriate to use an Act.code \"potassium\" together with and Act.classCode for \"laboratory observation\" to somehow mean \"potassium laboratory observation\" and then use the same Act.code for \"potassium\" together with Act.classCode for \"medication\" to mean \"substitution of potassium\". This mutually modifying use of Act.code and Act.classCode is not permitted.",
      "oids" : ["2.16.840.1.113883.5.4"],
      "uses" : {
      },
      "http://terminology.hl7.org/6.1.0/ValueSet-encounter-class.html" : "Encounter class"
    },
    {
      "url" : "http://terminology.hl7.org/CodeSystem/v3-ActPriority",
      "version" : "3.0.0",
      "status" : "active",
      "name" : "ActPriority",
      "title" : "ActPriority",
      "description" : "A set of codes (e.g., for routine, emergency), specifying the urgency under which the Act happened, can happen, is happening, is intended to happen, or is requested/demanded to happen.",
      "oids" : ["2.16.840.1.113883.5.7"],
      "uses" : {
      },
      "http://terminology.hl7.org/6.1.0/ValueSet-v3-ActPriority.html" : "ActPriority"
    },
    {
      "url" : "http://terminology.hl7.org/CodeSystem/v3-ActReason",
      "version" : "3.1.0",
      "status" : "active",
      "name" : "ActReason",
      "title" : "ActReason",
      "description" : "A set of codes specifying the motivation, cause, or rationale of an Act, when such rationale is not reasonably represented as an ActRelationship of type \"has reason\" linking to another Act.\r\n\r\n*Examples:* Example reasons that might qualify for being coded in this field might be: \"routine requirement\", \"infectious disease reporting requirement\", \"on patient request\", \"required by law\".",
      "oids" : ["2.16.840.1.113883.5.8"],
      "uses" : {
      },
      "http://terminology.hl7.org/6.1.0/ValueSet-v3-SubstanceAdminSubstitutionReason.html" : "SubstanceAdminSubstitutionReason"
    },
    {
      "url" : "http://terminology.hl7.org/CodeSystem/v3-EncounterSpecialCourtesy",
      "version" : "3.0.0",
      "status" : "active",
      "name" : "EncounterSpecialCourtesy",
      "title" : "EncounterSpecialCourtesy",
      "description" : "**** MISSING DESCRIPTION ****",
      "oids" : ["2.16.840.1.113883.5.40"],
      "uses" : {
      },
      "http://hl7.org/fhir/R5/valueset-encounter-special-courtesy.html" : "Special Courtesy"
    },
    {
      "url" : "http://terminology.hl7.org/CodeSystem/v3-GTSAbbreviation",
      "version" : "3.0.0",
      "status" : "active",
      "name" : "GTSAbbreviation",
      "title" : "GTSAbbreviation",
      "description" : "*Open Issue:* It appears that the printnames are suboptimal and should be improved for many of the existing codes.",
      "oids" : ["2.16.840.1.113883.5.1022"],
      "uses" : {
      },
      "http://hl7.org/fhir/R5/valueset-timing-abbreviation.html" : "TimingAbbreviation"
    },
    {
      "url" : "http://terminology.hl7.org/CodeSystem/v3-MaritalStatus",
      "version" : "3.0.0",
      "status" : "active",
      "name" : "MaritalStatus",
      "title" : "MaritalStatus",
      "description" : "\\* \\* \\* No description supplied \\* \\* \\*\r\n\r\n*Open Issue:* The specific meanings of these codes can vary somewhat by jurisdiction and implementation so caution should be used when determining equivalency.\r\n\r\n*Open Issue:* fixing and completion of the hierarchy and proper good definitions of all the concepts is badly needed.",
      "oids" : ["2.16.840.1.113883.5.2"],
      "uses" : {
      },
      "http://hl7.org/fhir/R5/valueset-marital-status.html" : "Marital Status Codes"
    },
    {
      "url" : "http://terminology.hl7.org/CodeSystem/v3-NullFlavor",
      "version" : "3.0.0",
      "status" : "active",
      "name" : "NullFlavor",
      "title" : "NullFlavor",
      "description" : "A collection of codes specifying why a valid value is not present.",
      "oids" : ["2.16.840.1.113883.5.1008"],
      "uses" : {
      },
      "http://hl7.org/fhir/R5/valueset-marital-status.html" : "Marital Status Codes",
      "http://hl7.org/fhir/R5/valueset-encounter-special-courtesy.html" : "Special Courtesy"
    },
    {
      "url" : "http://terminology.hl7.org/CodeSystem/v3-ObservationInterpretation",
      "version" : "3.0.0",
      "status" : "active",
      "name" : "ObservationInterpretation",
      "title" : "ObservationInterpretation",
      "description" : "One or more codes providing a rough qualitative interpretation of the observation, such as \"normal\" / \"abnormal\", \"low\" / \"high\", \"better\" / \"worse\", \"resistant\" / \"susceptible\", \"expected\" / \"not expected\". The value set is intended to be for ANY use where coded representation of an interpretation is needed.",
      "oids" : ["2.16.840.1.113883.5.83"],
      "uses" : {
      },
      "http://hl7.org/fhir/R5/valueset-observation-interpretation.html" : "Observation Interpretation Codes"
    },
    {
      "url" : "http://terminology.hl7.org/CodeSystem/v3-ParticipationType",
      "version" : "5.0.0",
      "status" : "active",
      "name" : "ParticipationType",
      "title" : "ParticipationType",
      "description" : "A code specifying the meaning and purpose of every Participation instance. Each of its values implies specific constraints on the Roles undertaking the participation.",
      "oids" : ["2.16.840.1.113883.5.90"],
      "uses" : {
      },
      "http://hl7.org/fhir/R5/valueset-encounter-participant-type.html" : "Participant Type"
    },
    {
      "url" : "http://terminology.hl7.org/CodeSystem/v3-TimingEvent",
      "version" : "3.0.0",
      "status" : "active",
      "name" : "TimingEvent",
      "title" : "TimingEvent",
      "description" : "**** MISSING DESCRIPTION ****",
      "oids" : ["2.16.840.1.113883.5.139"],
      "uses" : {
      },
      "http://hl7.org/fhir/R5/valueset-event-timing.html" : "EventTiming"
    },
    {
      "url" : "http://terminology.hl7.org/CodeSystem/v3-substanceAdminSubstitution",
      "version" : "3.0.0",
      "status" : "active",
      "name" : "SubstanceAdminSubstitution",
      "title" : "Substance Admin Substitution",
      "description" : "Identifies what sort of change is permitted or has occurred between the therapy that was ordered and the therapy that was/will be provided.",
      "oids" : ["2.16.840.1.113883.5.1070"],
      "uses" : {
      },
      "http://terminology.hl7.org/6.1.0/ValueSet-v3-ActSubstanceAdminSubstitutionCode.html" : "ActSubstanceAdminSubstitutionCode"
    },
    {
      "url" : "http://unitsofmeasure.org",
      "version" : "3.0.1",
      "status" : "active",
      "name" : "UCUM",
      "title" : "Unified Code for Units of Measure (UCUM)",
      "description" : "The Unified Code for Units of Measure (UCUM) is a code system intended to include all units of measures being contemporarily used in international science, engineering, and business. The purpose is to facilitate unambiguous electronic communication of quantities together with their units. The focus is on electronic communication, as opposed to communication between humans. A typical application of The Unified Code for Units of Measure are electronic data interchange (EDI) protocols, but there is nothing that prevents it from being used in other types of machine communication.",
      "oids" : ["2.16.840.1.113883.6.8"],
      "uses" : {
      },
      "http://hl7.org/fhir/R5/valueset-units-of-time.html" : "UnitsOfTime"
    },
    {
      "url" : "urn:ietf:bcp:47",
      "version" : "2.0.1",
      "status" : "active",
      "name" : "Ietf3066",
      "title" : "Tags for the Identification of Languages",
      "description" : "Older value from OID registry.  Superceded; see recommendations in BCP-47.",
      "oids" : ["2.16.840.1.113883.6.121"],
      "uses" : {
      },
      "http://hl7.org/fhir/R5/valueset-all-languages.html" : "All Languages",
      "http://hl7.org/fhir/R5/valueset-languages.html" : "Common Languages"
    },
    {
      "url" : "urn:iso:std:iso:3166",
      "version" : "1.0.1",
      "status" : "active",
      "name" : "ISO3166Part1",
      "title" : "ISO 3166-1 Codes for the representation of names of countries and their subdivisions — Part 1: Country code",
      "description" : "ISO 3166-1 establishes codes that represent the current names of countries, dependencies, and other areas of particular geopolitical interest, on the basis of country names obtained from the United Nations.",
      "oids" : ["1.0.3166.1"],
      "uses" : {
      },
      "http://hl7.org/fhir/R5/valueset-jurisdiction.html" : "Jurisdiction ValueSet"
    },
    {
      "url" : "urn:iso:std:iso:3166:-2",
      "version" : "2013-11",
      "status" : "retired",
      "name" : "Iso3166_2",
      "title" : "ISO 3166 Part 2 Country Subdivision Codes",
      "description" : "Identifies the coding system published in the ISO 3166-2 Standard for Country Subdivision codes. This standard is released periodically, and a new OID will be assigned by ISO for new editions.",
      "oids" : ["1.0.3166.2"],
      "uses" : {
      },
      "http://hl7.org/fhir/R5/valueset-jurisdiction.html" : "Jurisdiction ValueSet"
    }
  ]
}
