{
  "resourceType" : "CodeSystem",
  "id" : "medical-units-oncofair-codesystem",
  "text" : {
    "status" : "generated",
    "div" : "<div xmlns=\"http://www.w3.org/1999/xhtml\"><p class=\"res-header-id\"><b>Generated Narrative: CodeSystem medical-units-oncofair-codesystem</b></p><a name=\"medical-units-oncofair-codesystem\"> </a><a name=\"hcmedical-units-oncofair-codesystem\"> </a><a name=\"medical-units-oncofair-codesystem-en-US\"> </a><p>This case-sensitive code system <code>http://ltsi.univ-rennes.fr/CodeSystem/medical-units-oncofair-codesystem</code> defines the following codes:</p><table class=\"codes\"><tr><td style=\"white-space:nowrap\"><b>Code</b></td><td><b>Display</b></td></tr><tr><td style=\"white-space:nowrap\">SAB<a name=\"medical-units-oncofair-codesystem-SAB\"> </a></td><td>SAB</td></tr><tr><td style=\"white-space:nowrap\">HCMED<a name=\"medical-units-oncofair-codesystem-HCMED\"> </a></td><td>HCMED</td></tr><tr><td style=\"white-space:nowrap\">um110001<a name=\"medical-units-oncofair-codesystem-um110001\"> </a></td><td>UF sans UM du secteur SMAD - SMF</td></tr><tr><td style=\"white-space:nowrap\">um4021<a name=\"medical-units-oncofair-codesystem-um4021\"> </a></td><td>HEPATO DIGESTIFS-SI</td></tr><tr><td style=\"white-space:nowrap\">um4023<a name=\"medical-units-oncofair-codesystem-um4023\"> </a></td><td>SMAD-SMF HS</td></tr><tr><td style=\"white-space:nowrap\">um4024<a name=\"medical-units-oncofair-codesystem-um4024\"> </a></td><td>SMAD-SMF HDJ</td></tr><tr><td style=\"white-space:nowrap\">um110003<a name=\"medical-units-oncofair-codesystem-um110003\"> </a></td><td>UF sans UM du secteur SMAD</td></tr><tr><td style=\"white-space:nowrap\">um4014<a name=\"medical-units-oncofair-codesystem-um4014\"> </a></td><td>SMAD HDJ</td></tr><tr><td style=\"white-space:nowrap\">um4017<a name=\"medical-units-oncofair-codesystem-um4017\"> </a></td><td>SMAD AMBULATOIRE</td></tr><tr><td style=\"white-space:nowrap\">um4027<a name=\"medical-units-oncofair-codesystem-um4027\"> </a></td><td>SMAD - HDJ</td></tr><tr><td style=\"white-space:nowrap\">um4040<a name=\"medical-units-oncofair-codesystem-um4040\"> </a></td><td>SMAD- HC</td></tr><tr><td style=\"white-space:nowrap\">um110004<a name=\"medical-units-oncofair-codesystem-um110004\"> </a></td><td>UF sans UM du secteur SMF</td></tr><tr><td style=\"white-space:nowrap\">um4000<a name=\"medical-units-oncofair-codesystem-um4000\"> </a></td><td>SMF - HC</td></tr><tr><td style=\"white-space:nowrap\">um4008<a name=\"medical-units-oncofair-codesystem-um4008\"> </a></td><td>SMF - HDJ</td></tr><tr><td style=\"white-space:nowrap\">um4010<a name=\"medical-units-oncofair-codesystem-um4010\"> </a></td><td>ADDICTOLOGIE</td></tr><tr><td style=\"white-space:nowrap\">um4049<a name=\"medical-units-oncofair-codesystem-um4049\"> </a></td><td>SMAD SMF CS</td></tr><tr><td style=\"white-space:nowrap\">um110002<a name=\"medical-units-oncofair-codesystem-um110002\"> </a></td><td>UF sans UM du secteur SERV CHIR HEPATO BILIAIRE DIGESTIVE</td></tr><tr><td style=\"white-space:nowrap\">um5000<a name=\"medical-units-oncofair-codesystem-um5000\"> </a></td><td>SCHBD - HC</td></tr><tr><td style=\"white-space:nowrap\">um5009<a name=\"medical-units-oncofair-codesystem-um5009\"> </a></td><td>SCHBD - CS</td></tr><tr><td style=\"white-space:nowrap\">um5020<a name=\"medical-units-oncofair-codesystem-um5020\"> </a></td><td>CHIR VISCERALE  USC</td></tr><tr><td style=\"white-space:nowrap\">um5024<a name=\"medical-units-oncofair-codesystem-um5024\"> </a></td><td>SCHBD - HDJ</td></tr><tr><td style=\"white-space:nowrap\">um110005<a name=\"medical-units-oncofair-codesystem-um110005\"> </a></td><td>UF sans UM du secteur UROLOGIE</td></tr><tr><td style=\"white-space:nowrap\">um5300<a name=\"medical-units-oncofair-codesystem-um5300\"> </a></td><td>UROLOGIE HC</td></tr><tr><td style=\"white-space:nowrap\">um5308<a name=\"medical-units-oncofair-codesystem-um5308\"> </a></td><td>UROLOGIE HDJ</td></tr><tr><td style=\"white-space:nowrap\">um5309<a name=\"medical-units-oncofair-codesystem-um5309\"> </a></td><td>UROLOGIE CS</td></tr><tr><td style=\"white-space:nowrap\">um1014<a name=\"medical-units-oncofair-codesystem-um1014\"> </a></td><td>NUTRITRION CS</td></tr><tr><td style=\"white-space:nowrap\">um110006<a name=\"medical-units-oncofair-codesystem-um110006\"> </a></td><td>UF sans UM du secteur ENDOCRINO DIABETO NUTRITION</td></tr><tr><td style=\"white-space:nowrap\">um4700<a name=\"medical-units-oncofair-codesystem-um4700\"> </a></td><td>ENDOCRINO DIABETO HC</td></tr><tr><td style=\"white-space:nowrap\">um4705<a name=\"medical-units-oncofair-codesystem-um4705\"> </a></td><td>NUTRITION HOSP COMPLETE</td></tr><tr><td style=\"white-space:nowrap\">um4707<a name=\"medical-units-oncofair-codesystem-um4707\"> </a></td><td>ENDOCRIN DIABETO HDJ</td></tr><tr><td style=\"white-space:nowrap\">um4708<a name=\"medical-units-oncofair-codesystem-um4708\"> </a></td><td>NUTRITION HDJ</td></tr><tr><td style=\"white-space:nowrap\">um4719<a name=\"medical-units-oncofair-codesystem-um4719\"> </a></td><td>ENDOCRINO-DIABETO. CS</td></tr><tr><td style=\"white-space:nowrap\">um110007<a name=\"medical-units-oncofair-codesystem-um110007\"> </a></td><td>UF sans UM du secteur SERVICE DIETETIQUE</td></tr><tr><td style=\"white-space:nowrap\">um112000<a name=\"medical-units-oncofair-codesystem-um112000\"> </a></td><td>UF sans UM du secteur MOYENS COMMUNS POLE 1120</td></tr><tr><td style=\"white-space:nowrap\">um112010<a name=\"medical-units-oncofair-codesystem-um112010\"> </a></td><td>UF sans UM du secteur MOYENS COMMUNS DEPT ANESTHESIE REA</td></tr><tr><td style=\"white-space:nowrap\">um112011<a name=\"medical-units-oncofair-codesystem-um112011\"> </a></td><td>UF sans UM du secteur SAR 1 REA USC CHIR ET TRAUMA CENTER</td></tr><tr><td style=\"white-space:nowrap\">um6510<a name=\"medical-units-oncofair-codesystem-um6510\"> </a></td><td>REANIMATION CHIRURGI</td></tr><tr><td style=\"white-space:nowrap\">um6512<a name=\"medical-units-oncofair-codesystem-um6512\"> </a></td><td>USC REA CHIR</td></tr><tr><td style=\"white-space:nowrap\">um112012<a name=\"medical-units-oncofair-codesystem-um112012\"> </a></td><td>UF sans UM du secteur SAR 2 ET CTRE EVAL ET TRAITEMENT DOULEUR</td></tr><tr><td style=\"white-space:nowrap\">um5031<a name=\"medical-units-oncofair-codesystem-um5031\"> </a></td><td>UHTCD CHIRURGICALE</td></tr><tr><td style=\"white-space:nowrap\">um6569<a name=\"medical-units-oncofair-codesystem-um6569\"> </a></td><td>CE DOULEUR HD</td></tr><tr><td style=\"white-space:nowrap\">um6581<a name=\"medical-units-oncofair-codesystem-um6581\"> </a></td><td>UACA PL</td></tr><tr><td style=\"white-space:nowrap\">um6585<a name=\"medical-units-oncofair-codesystem-um6585\"> </a></td><td>DOULEUR CHRONIQUE HDJ</td></tr><tr><td style=\"white-space:nowrap\">um6589<a name=\"medical-units-oncofair-codesystem-um6589\"> </a></td><td>FAR CS</td></tr><tr><td style=\"white-space:nowrap\">um6591<a name=\"medical-units-oncofair-codesystem-um6591\"> </a></td><td>HC REA SSPI BLOC HOPITAL</td></tr><tr><td style=\"white-space:nowrap\">um6592<a name=\"medical-units-oncofair-codesystem-um6592\"> </a></td><td>HC REA SSPI DCV PL</td></tr><tr><td style=\"white-space:nowrap\">um112013<a name=\"medical-units-oncofair-codesystem-um112013\"> </a></td><td>UF sans UM du secteur SAR 3 ET REANIMATION CTCV</td></tr><tr><td style=\"white-space:nowrap\">um6590<a name=\"medical-units-oncofair-codesystem-um6590\"> </a></td><td>HC REA SSPI CTCV PL</td></tr><tr><td style=\"white-space:nowrap\">um112014<a name=\"medical-units-oncofair-codesystem-um112014\"> </a></td><td>UF sans UM du secteur SAR 4 ET REANIMATION USC PEDIATRIQUE</td></tr><tr><td style=\"white-space:nowrap\">um6540<a name=\"medical-units-oncofair-codesystem-um6540\"> </a></td><td>S.C.P.O.</td></tr><tr><td style=\"white-space:nowrap\">um6542<a name=\"medical-units-oncofair-codesystem-um6542\"> </a></td><td>REANIMATION PEDIATRIQUE HS</td></tr><tr><td style=\"white-space:nowrap\">um6543<a name=\"medical-units-oncofair-codesystem-um6543\"> </a></td><td>SC SURV CONT PEDIA HS</td></tr><tr><td style=\"white-space:nowrap\">um6582<a name=\"medical-units-oncofair-codesystem-um6582\"> </a></td><td>UACA HS</td></tr><tr><td style=\"white-space:nowrap\">um6588<a name=\"medical-units-oncofair-codesystem-um6588\"> </a></td><td>SAR 4</td></tr><tr><td style=\"white-space:nowrap\">um6593<a name=\"medical-units-oncofair-codesystem-um6593\"> </a></td><td>HC REA SSPI HS</td></tr><tr><td style=\"white-space:nowrap\">um112015<a name=\"medical-units-oncofair-codesystem-um112015\"> </a></td><td>UF sans UM du secteur Plan NOVI</td></tr><tr><td style=\"white-space:nowrap\">um112021<a name=\"medical-units-oncofair-codesystem-um112021\"> </a></td><td>UF sans UM du secteur URGENCES ADULTES</td></tr><tr><td style=\"white-space:nowrap\">um4060<a name=\"medical-units-oncofair-codesystem-um4060\"> </a></td><td>ACCUEIL MEDICAL</td></tr><tr><td style=\"white-space:nowrap\">um4070<a name=\"medical-units-oncofair-codesystem-um4070\"> </a></td><td>URGENCE CHIRURGICALE</td></tr><tr><td style=\"white-space:nowrap\">um4080<a name=\"medical-units-oncofair-codesystem-um4080\"> </a></td><td>SAU HOSPITALISATION (clos en 2009)</td></tr><tr><td style=\"white-space:nowrap\">um4082<a name=\"medical-units-oncofair-codesystem-um4082\"> </a></td><td>SAU PL</td></tr><tr><td style=\"white-space:nowrap\">um4083<a name=\"medical-units-oncofair-codesystem-um4083\"> </a></td><td>SAU - DUHAMEL</td></tr><tr><td style=\"white-space:nowrap\">um4085<a name=\"medical-units-oncofair-codesystem-um4085\"> </a></td><td>UHTCD ADULTE PL</td></tr><tr><td style=\"white-space:nowrap\">um112022<a name=\"medical-units-oncofair-codesystem-um112022\"> </a></td><td>UF sans UM du secteur SAMU SMUR</td></tr><tr><td style=\"white-space:nowrap\">um112031<a name=\"medical-units-oncofair-codesystem-um112031\"> </a></td><td>UF sans UM du secteur GERIATRIE AIGUE</td></tr><tr><td style=\"white-space:nowrap\">um4734<a name=\"medical-units-oncofair-codesystem-um4734\"> </a></td><td>HC MEDECINE LT</td></tr><tr><td style=\"white-space:nowrap\">um4810<a name=\"medical-units-oncofair-codesystem-um4810\"> </a></td><td>GERIATRIE AIGUE HC</td></tr><tr><td style=\"white-space:nowrap\">um4812<a name=\"medical-units-oncofair-codesystem-um4812\"> </a></td><td>GERIATRIE AIGUE HC PL</td></tr><tr><td style=\"white-space:nowrap\">um4817<a name=\"medical-units-oncofair-codesystem-um4817\"> </a></td><td>GERIATRIE AIGUE HDJ</td></tr><tr><td style=\"white-space:nowrap\">um7531<a name=\"medical-units-oncofair-codesystem-um7531\"> </a></td><td>U.O.P.A.</td></tr><tr><td style=\"white-space:nowrap\">um7600<a name=\"medical-units-oncofair-codesystem-um7600\"> </a></td><td>MOYEN Stay LM</td></tr><tr><td style=\"white-space:nowrap\">um112032<a name=\"medical-units-oncofair-codesystem-um112032\"> </a></td><td>UF sans UM du secteur GERIATRIE SSR</td></tr><tr><td style=\"white-space:nowrap\">um4800<a name=\"medical-units-oncofair-codesystem-um4800\"> </a></td><td>CONVALESCENTS</td></tr><tr><td style=\"white-space:nowrap\">um7500<a name=\"medical-units-oncofair-codesystem-um7500\"> </a></td><td>GERIATRIE SSR LA TAUVRAIS</td></tr><tr><td style=\"white-space:nowrap\">um7601<a name=\"medical-units-oncofair-codesystem-um7601\"> </a></td><td>GERIATRIE SSR HC AB</td></tr><tr><td style=\"white-space:nowrap\">um7603<a name=\"medical-units-oncofair-codesystem-um7603\"> </a></td><td>GERIATRIE SSR HC CD</td></tr><tr><td style=\"white-space:nowrap\">um7604<a name=\"medical-units-oncofair-codesystem-um7604\"> </a></td><td>GERIATRIE SSR HC UCC</td></tr><tr><td style=\"white-space:nowrap\">um7620<a name=\"medical-units-oncofair-codesystem-um7620\"> </a></td><td>GERIATRIE SSR HOTEL DIEU</td></tr><tr><td style=\"white-space:nowrap\">um112033<a name=\"medical-units-oncofair-codesystem-um112033\"> </a></td><td>UF sans UM du secteur GERIATRIE SLD</td></tr><tr><td style=\"white-space:nowrap\">um7510<a name=\"medical-units-oncofair-codesystem-um7510\"> </a></td><td>SOINS LONGUE DUREE</td></tr><tr><td style=\"white-space:nowrap\">um112034<a name=\"medical-units-oncofair-codesystem-um112034\"> </a></td><td>UF sans UM du secteur GERIATRIE EHPAD</td></tr><tr><td style=\"white-space:nowrap\">um7800<a name=\"medical-units-oncofair-codesystem-um7800\"> </a></td><td>ETABT HEBERGMNT PERS. AGEES DEPEND.</td></tr><tr><td style=\"white-space:nowrap\">um112035<a name=\"medical-units-oncofair-codesystem-um112035\"> </a></td><td>UF sans UM du secteur INNOVATION</td></tr><tr><td style=\"white-space:nowrap\">um112041<a name=\"medical-units-oncofair-codesystem-um112041\"> </a></td><td>UF sans UM du secteur M INTERNE ET IMMUNO CLI</td></tr><tr><td style=\"white-space:nowrap\">um4089<a name=\"medical-units-oncofair-codesystem-um4089\"> </a></td><td>HC UNIT MED POLYV PL</td></tr><tr><td style=\"white-space:nowrap\">um4709<a name=\"medical-units-oncofair-codesystem-um4709\"> </a></td><td>MEDECINE INTERNE CS</td></tr><tr><td style=\"white-space:nowrap\">um4710<a name=\"medical-units-oncofair-codesystem-um4710\"> </a></td><td>MEDECINE INT. HC</td></tr><tr><td style=\"white-space:nowrap\">um4714<a name=\"medical-units-oncofair-codesystem-um4714\"> </a></td><td>MED.INT.GUEHENNO</td></tr><tr><td style=\"white-space:nowrap\">um4717<a name=\"medical-units-oncofair-codesystem-um4717\"> </a></td><td>MEDECINE INT. HDJ</td></tr><tr><td style=\"white-space:nowrap\">um4733<a name=\"medical-units-oncofair-codesystem-um4733\"> </a></td><td>MEDECINE POST URGENCES SL</td></tr><tr><td style=\"white-space:nowrap\">um4084<a name=\"medical-units-oncofair-codesystem-um4084\"> </a></td><td>UPAP H.SUD</td></tr><tr><td style=\"white-space:nowrap\">um4087<a name=\"medical-units-oncofair-codesystem-um4087\"> </a></td><td>UPAP PL</td></tr><tr><td style=\"white-space:nowrap\">um112051<a name=\"medical-units-oncofair-codesystem-um112051\"> </a></td><td>UF sans UM du secteur SOINS PALLIATIFS</td></tr><tr><td style=\"white-space:nowrap\">um4303<a name=\"medical-units-oncofair-codesystem-um4303\"> </a></td><td>HC SOINS PALLIAT LT</td></tr><tr><td style=\"white-space:nowrap\">um112061<a name=\"medical-units-oncofair-codesystem-um112061\"> </a></td><td>UF sans UM du secteur SERVICE SOCIAL HOSPITALIER</td></tr><tr><td style=\"white-space:nowrap\">um112071<a name=\"medical-units-oncofair-codesystem-um112071\"> </a></td><td>UF sans UM du secteur PERMANENCE ACCES SOINS DE SANTE</td></tr><tr><td style=\"white-space:nowrap\">um115000<a name=\"medical-units-oncofair-codesystem-um115000\"> </a></td><td>UF sans UM du secteur MC REA MED ET REA CHIR</td></tr><tr><td style=\"white-space:nowrap\">um115001<a name=\"medical-units-oncofair-codesystem-um115001\"> </a></td><td>UF sans UM du secteur DERMATOLOGIE</td></tr><tr><td style=\"white-space:nowrap\">um4610<a name=\"medical-units-oncofair-codesystem-um4610\"> </a></td><td>DERMATOLOGIE HC</td></tr><tr><td style=\"white-space:nowrap\">um4618<a name=\"medical-units-oncofair-codesystem-um4618\"> </a></td><td>DERMATOLOGIE HDJ</td></tr><tr><td style=\"white-space:nowrap\">um4619<a name=\"medical-units-oncofair-codesystem-um4619\"> </a></td><td>DERMATOLOGIE CS</td></tr><tr><td style=\"white-space:nowrap\">um115002<a name=\"medical-units-oncofair-codesystem-um115002\"> </a></td><td>UF sans UM du secteur DIALYSE</td></tr><tr><td style=\"white-space:nowrap\">um4221<a name=\"medical-units-oncofair-codesystem-um4221\"> </a></td><td>DIALYSE</td></tr><tr><td style=\"white-space:nowrap\">um115003<a name=\"medical-units-oncofair-codesystem-um115003\"> </a></td><td>UF sans UM du secteur NEPHROLOGIE</td></tr><tr><td style=\"white-space:nowrap\">um4210<a name=\"medical-units-oncofair-codesystem-um4210\"> </a></td><td>NEPHROLOGIE HC</td></tr><tr><td style=\"white-space:nowrap\">um4213<a name=\"medical-units-oncofair-codesystem-um4213\"> </a></td><td>HC SI NEPHROLOGIE PL</td></tr><tr><td style=\"white-space:nowrap\">um4217<a name=\"medical-units-oncofair-codesystem-um4217\"> </a></td><td>NEPHROLOGIE HDJ</td></tr><tr><td style=\"white-space:nowrap\">um4219<a name=\"medical-units-oncofair-codesystem-um4219\"> </a></td><td>NEPHROLOGIE CS</td></tr><tr><td style=\"white-space:nowrap\">um115004<a name=\"medical-units-oncofair-codesystem-um115004\"> </a></td><td>UF sans UM du secteur HEMATOLOGIE</td></tr><tr><td style=\"white-space:nowrap\">um4130<a name=\"medical-units-oncofair-codesystem-um4130\"> </a></td><td>HEMATO. CLIN. HC</td></tr><tr><td style=\"white-space:nowrap\">um4132<a name=\"medical-units-oncofair-codesystem-um4132\"> </a></td><td>HEMATOLOGIE  LITS PROTEGES</td></tr><tr><td style=\"white-space:nowrap\">um4136<a name=\"medical-units-oncofair-codesystem-um4136\"> </a></td><td>HEMATO SI</td></tr><tr><td style=\"white-space:nowrap\">um4137<a name=\"medical-units-oncofair-codesystem-um4137\"> </a></td><td>HEMATOLOGIE HDJ</td></tr><tr><td style=\"white-space:nowrap\">um4139<a name=\"medical-units-oncofair-codesystem-um4139\"> </a></td><td>HEMATOLOGIE CLINIQUE  PL CS</td></tr><tr><td style=\"white-space:nowrap\">um115005<a name=\"medical-units-oncofair-codesystem-um115005\"> </a></td><td>UF sans UM du secteur MALADIES INFECTIEUSES</td></tr><tr><td style=\"white-space:nowrap\">um4200<a name=\"medical-units-oncofair-codesystem-um4200\"> </a></td><td>MAL. INFECT. HC</td></tr><tr><td style=\"white-space:nowrap\">um4204<a name=\"medical-units-oncofair-codesystem-um4204\"> </a></td><td>MAL. INFECT. HDJ</td></tr><tr><td style=\"white-space:nowrap\">um4207<a name=\"medical-units-oncofair-codesystem-um4207\"> </a></td><td>MAL INF USC</td></tr><tr><td style=\"white-space:nowrap\">um4235<a name=\"medical-units-oncofair-codesystem-um4235\"> </a></td><td>HC MIE CLEMENCEAU PL</td></tr><tr><td style=\"white-space:nowrap\">um4236<a name=\"medical-units-oncofair-codesystem-um4236\"> </a></td><td>HJ AMBU MIE CLEM PL</td></tr><tr><td style=\"white-space:nowrap\">um115006<a name=\"medical-units-oncofair-codesystem-um115006\"> </a></td><td>UF sans UM du secteur REANIMATION MEDICALE</td></tr><tr><td style=\"white-space:nowrap\">um6400<a name=\"medical-units-oncofair-codesystem-um6400\"> </a></td><td>REANIMATION MEDICALE</td></tr><tr><td style=\"white-space:nowrap\">um6403<a name=\"medical-units-oncofair-codesystem-um6403\"> </a></td><td>USC REA MED</td></tr><tr><td style=\"white-space:nowrap\">um115007<a name=\"medical-units-oncofair-codesystem-um115007\"> </a></td><td>UF sans UM du secteur COREVIH</td></tr><tr><td style=\"white-space:nowrap\">um116000<a name=\"medical-units-oncofair-codesystem-um116000\"> </a></td><td>UF sans UM du secteur MOYENS COMMUNS POLE 1160</td></tr><tr><td style=\"white-space:nowrap\">um116001<a name=\"medical-units-oncofair-codesystem-um116001\"> </a></td><td>UF sans UM du secteur UNITE DE SOINS PSYCHIATRIQUES</td></tr><tr><td style=\"white-space:nowrap\">um4420<a name=\"medical-units-oncofair-codesystem-um4420\"> </a></td><td>PSYCHIATRIE CS</td></tr><tr><td style=\"white-space:nowrap\">um116002<a name=\"medical-units-oncofair-codesystem-um116002\"> </a></td><td>UF sans UM du secteur NEUROCHIRURGIE</td></tr><tr><td style=\"white-space:nowrap\">um6300<a name=\"medical-units-oncofair-codesystem-um6300\"> </a></td><td>NEUROCHIRURGIE-HC</td></tr><tr><td style=\"white-space:nowrap\">um6306<a name=\"medical-units-oncofair-codesystem-um6306\"> </a></td><td>NCH ORL USC</td></tr><tr><td style=\"white-space:nowrap\">um6308<a name=\"medical-units-oncofair-codesystem-um6308\"> </a></td><td>NEUROCHIRURGIE SI</td></tr><tr><td style=\"white-space:nowrap\">um6309<a name=\"medical-units-oncofair-codesystem-um6309\"> </a></td><td>NEUROCHIRURGIE CS</td></tr><tr><td style=\"white-space:nowrap\">um116003<a name=\"medical-units-oncofair-codesystem-um116003\"> </a></td><td>UF sans UM du secteur NEUROLOGIE</td></tr><tr><td style=\"white-space:nowrap\">um4400<a name=\"medical-units-oncofair-codesystem-um4400\"> </a></td><td>NEUROLOGIE - HC</td></tr><tr><td style=\"white-space:nowrap\">um4408<a name=\"medical-units-oncofair-codesystem-um4408\"> </a></td><td>NEUROLOGIE - HDJ</td></tr><tr><td style=\"white-space:nowrap\">um4409<a name=\"medical-units-oncofair-codesystem-um4409\"> </a></td><td>NEUROLOGIE CS</td></tr><tr><td style=\"white-space:nowrap\">um4410<a name=\"medical-units-oncofair-codesystem-um4410\"> </a></td><td>NEUROLOGIE HC</td></tr><tr><td style=\"white-space:nowrap\">um4411<a name=\"medical-units-oncofair-codesystem-um4411\"> </a></td><td>UNV SUBAIGU</td></tr><tr><td style=\"white-space:nowrap\">um4412<a name=\"medical-units-oncofair-codesystem-um4412\"> </a></td><td>UNV SI</td></tr><tr><td style=\"white-space:nowrap\">um116004<a name=\"medical-units-oncofair-codesystem-um116004\"> </a></td><td>UF sans UM du secteur OPH</td></tr><tr><td style=\"white-space:nowrap\">um5500<a name=\"medical-units-oncofair-codesystem-um5500\"> </a></td><td>OPHTALMOLOGIE HC</td></tr><tr><td style=\"white-space:nowrap\">um5509<a name=\"medical-units-oncofair-codesystem-um5509\"> </a></td><td>OPHTALMOLOGIE CS</td></tr><tr><td style=\"white-space:nowrap\">um5510<a name=\"medical-units-oncofair-codesystem-um5510\"> </a></td><td>CE Urgences Ophtalmologiques PL</td></tr><tr><td style=\"white-space:nowrap\">um5511<a name=\"medical-units-oncofair-codesystem-um5511\"> </a></td><td>OPHTALMOLOGIE HDJ</td></tr><tr><td style=\"white-space:nowrap\">um116005<a name=\"medical-units-oncofair-codesystem-um116005\"> </a></td><td>UF sans UM du secteur ORL</td></tr><tr><td style=\"white-space:nowrap\">um5400<a name=\"medical-units-oncofair-codesystem-um5400\"> </a></td><td>OTO-RHINO-LARYNGO.</td></tr><tr><td style=\"white-space:nowrap\">um5409<a name=\"medical-units-oncofair-codesystem-um5409\"> </a></td><td>ORL CS</td></tr><tr><td style=\"white-space:nowrap\">um116006<a name=\"medical-units-oncofair-codesystem-um116006\"> </a></td><td>UF sans UM du secteur MED PHYSIQUE ET READAPTATION</td></tr><tr><td style=\"white-space:nowrap\">um6101<a name=\"medical-units-oncofair-codesystem-um6101\"> </a></td><td>SMPRA - HC</td></tr><tr><td style=\"white-space:nowrap\">um6102<a name=\"medical-units-oncofair-codesystem-um6102\"> </a></td><td>SMPRE - HC</td></tr><tr><td style=\"white-space:nowrap\">um6106<a name=\"medical-units-oncofair-codesystem-um6106\"> </a></td><td>SMPRA - HDJ</td></tr><tr><td style=\"white-space:nowrap\">um6107<a name=\"medical-units-oncofair-codesystem-um6107\"> </a></td><td>SMPRE - HDJ</td></tr><tr><td style=\"white-space:nowrap\">um6110<a name=\"medical-units-oncofair-codesystem-um6110\"> </a></td><td>HJ SSR PEDIATRIQ SL</td></tr><tr><td style=\"white-space:nowrap\">um6111<a name=\"medical-units-oncofair-codesystem-um6111\"> </a></td><td>HC SSR PEDIATRIQUE SL</td></tr><tr><td style=\"white-space:nowrap\">um6113<a name=\"medical-units-oncofair-codesystem-um6113\"> </a></td><td>HS MPRA PL</td></tr><tr><td style=\"white-space:nowrap\">um6114<a name=\"medical-units-oncofair-codesystem-um6114\"> </a></td><td>HJ ECOLE DU DOS AB</td></tr><tr><td style=\"white-space:nowrap\">um6124<a name=\"medical-units-oncofair-codesystem-um6124\"> </a></td><td>PA COVID LONG PL</td></tr><tr><td style=\"white-space:nowrap\">um116007<a name=\"medical-units-oncofair-codesystem-um116007\"> </a></td><td>UF sans UM du secteur CENTRE DU LANGAGE</td></tr><tr><td style=\"white-space:nowrap\">um116008<a name=\"medical-units-oncofair-codesystem-um116008\"> </a></td><td>UF sans UM du secteur SERVICE DES PSYCHOLOGUES</td></tr><tr><td style=\"white-space:nowrap\">um116009<a name=\"medical-units-oncofair-codesystem-um116009\"> </a></td><td>UF sans UM du secteur UNIT ACC ET SOINS PATIENTS SOURDS</td></tr><tr><td style=\"white-space:nowrap\">um117000<a name=\"medical-units-oncofair-codesystem-um117000\"> </a></td><td>UF sans UM du secteur MOYENS COMMUNS POLE 1170</td></tr><tr><td style=\"white-space:nowrap\">um117001<a name=\"medical-units-oncofair-codesystem-um117001\"> </a></td><td>UF sans UM du secteur ODONTOLOGIE</td></tr><tr><td style=\"white-space:nowrap\">um118000<a name=\"medical-units-oncofair-codesystem-um118000\"> </a></td><td>UF sans UM du secteur MOYENS COMMUNS POLE 1180</td></tr><tr><td style=\"white-space:nowrap\">um118001<a name=\"medical-units-oncofair-codesystem-um118001\"> </a></td><td>UF sans UM du secteur ORTHO TRAUMATO</td></tr><tr><td style=\"white-space:nowrap\">um5010<a name=\"medical-units-oncofair-codesystem-um5010\"> </a></td><td>CHIR.ORTHO.&amp;TRAUMATO</td></tr><tr><td style=\"white-space:nowrap\">um5013<a name=\"medical-units-oncofair-codesystem-um5013\"> </a></td><td>ORTHOPEDIE CHIR  AMBU</td></tr><tr><td style=\"white-space:nowrap\">um5018<a name=\"medical-units-oncofair-codesystem-um5018\"> </a></td><td>ORTHOPEDIE HDJ</td></tr><tr><td style=\"white-space:nowrap\">um5019<a name=\"medical-units-oncofair-codesystem-um5019\"> </a></td><td>ORTHOPEDIE CS</td></tr><tr><td style=\"white-space:nowrap\">um5040<a name=\"medical-units-oncofair-codesystem-um5040\"> </a></td><td>POLYCLINIQUE TRAUMA</td></tr><tr><td style=\"white-space:nowrap\">um5041<a name=\"medical-units-oncofair-codesystem-um5041\"> </a></td><td>TRAUMATOLOGIE</td></tr><tr><td style=\"white-space:nowrap\">um5042<a name=\"medical-units-oncofair-codesystem-um5042\"> </a></td><td>ORTHOPEDIE HC PL</td></tr><tr><td style=\"white-space:nowrap\">um5043<a name=\"medical-units-oncofair-codesystem-um5043\"> </a></td><td>ORTHOPEDIE HC</td></tr><tr><td style=\"white-space:nowrap\">um5080<a name=\"medical-units-oncofair-codesystem-um5080\"> </a></td><td>S.C.O.R. (clos en 2006)</td></tr><tr><td style=\"white-space:nowrap\">um5082<a name=\"medical-units-oncofair-codesystem-um5082\"> </a></td><td>ORTHOPEDIE HC HS</td></tr><tr><td style=\"white-space:nowrap\">um5083<a name=\"medical-units-oncofair-codesystem-um5083\"> </a></td><td>HC ORTHOGERIATRIE PL</td></tr><tr><td style=\"white-space:nowrap\">um1013<a name=\"medical-units-oncofair-codesystem-um1013\"> </a></td><td>RHUMATOLOGIE CS</td></tr><tr><td style=\"white-space:nowrap\">um118002<a name=\"medical-units-oncofair-codesystem-um118002\"> </a></td><td>UF sans UM du secteur RHUMATOLOGIE</td></tr><tr><td style=\"white-space:nowrap\">um4720<a name=\"medical-units-oncofair-codesystem-um4720\"> </a></td><td>RHUMATOLOGIE HC</td></tr><tr><td style=\"white-space:nowrap\">um4728<a name=\"medical-units-oncofair-codesystem-um4728\"> </a></td><td>RHUMATOLOGIE HDJ</td></tr><tr><td style=\"white-space:nowrap\">um118003<a name=\"medical-units-oncofair-codesystem-um118003\"> </a></td><td>UF sans UM du secteur CHIRURGIE PLASTIQUE</td></tr><tr><td style=\"white-space:nowrap\">um5060<a name=\"medical-units-oncofair-codesystem-um5060\"> </a></td><td>CHIR. PLAST. RECONS.</td></tr><tr><td style=\"white-space:nowrap\">um5069<a name=\"medical-units-oncofair-codesystem-um5069\"> </a></td><td>CHIRURGIE PLASTIQUE CS</td></tr><tr><td style=\"white-space:nowrap\">um118004<a name=\"medical-units-oncofair-codesystem-um118004\"> </a></td><td>UF sans UM du secteur CTRE REF INFECTIONS OSTEO ARTICUL</td></tr><tr><td style=\"white-space:nowrap\">um118005<a name=\"medical-units-oncofair-codesystem-um118005\"> </a></td><td>UF sans UM du secteur UNITE DE MEDECINE AMBULATOIRE</td></tr><tr><td style=\"white-space:nowrap\">um4741<a name=\"medical-units-oncofair-codesystem-um4741\"> </a></td><td>UNITE DE MEDECINE AMBULATOIRE</td></tr><tr><td style=\"white-space:nowrap\">um120000<a name=\"medical-units-oncofair-codesystem-um120000\"> </a></td><td>UF sans UM du secteur MOYENS COMMUNS POLE 1200</td></tr><tr><td style=\"white-space:nowrap\">um120001<a name=\"medical-units-oncofair-codesystem-um120001\"> </a></td><td>UF sans UM du secteur CTCV</td></tr><tr><td style=\"white-space:nowrap\">um4821<a name=\"medical-units-oncofair-codesystem-um4821\"> </a></td><td>HC CHAMBRES SECURISEES</td></tr><tr><td style=\"white-space:nowrap\">um5090<a name=\"medical-units-oncofair-codesystem-um5090\"> </a></td><td>CHIR VASC HC</td></tr><tr><td style=\"white-space:nowrap\">um6200<a name=\"medical-units-oncofair-codesystem-um6200\"> </a></td><td>CTCV CCP</td></tr><tr><td style=\"white-space:nowrap\">um6204<a name=\"medical-units-oncofair-codesystem-um6204\"> </a></td><td>CTCV SI</td></tr><tr><td style=\"white-space:nowrap\">um6209<a name=\"medical-units-oncofair-codesystem-um6209\"> </a></td><td>CTCV CS</td></tr><tr><td style=\"white-space:nowrap\">um6210<a name=\"medical-units-oncofair-codesystem-um6210\"> </a></td><td>REANIMATION CTCV</td></tr><tr><td style=\"white-space:nowrap\">um6211<a name=\"medical-units-oncofair-codesystem-um6211\"> </a></td><td>CHIR CARDIAQUE HDJ</td></tr><tr><td style=\"white-space:nowrap\">um6212<a name=\"medical-units-oncofair-codesystem-um6212\"> </a></td><td>CTCV LERICHE</td></tr><tr><td style=\"white-space:nowrap\">um6216<a name=\"medical-units-oncofair-codesystem-um6216\"> </a></td><td>CTCV USC</td></tr><tr><td style=\"white-space:nowrap\">um6217<a name=\"medical-units-oncofair-codesystem-um6217\"> </a></td><td>CHIR VASCULAIRE HDJ</td></tr><tr><td style=\"white-space:nowrap\">um120002<a name=\"medical-units-oncofair-codesystem-um120002\"> </a></td><td>UF sans UM du secteur CARDIOLOGIE ET MALADIES VASCULAIRES</td></tr><tr><td style=\"white-space:nowrap\">um4532<a name=\"medical-units-oncofair-codesystem-um4532\"> </a></td><td>CARDIO CTCV</td></tr><tr><td style=\"white-space:nowrap\">um4550<a name=\"medical-units-oncofair-codesystem-um4550\"> </a></td><td>CARDIOLOGIE HC</td></tr><tr><td style=\"white-space:nowrap\">um4552<a name=\"medical-units-oncofair-codesystem-um4552\"> </a></td><td>CARDIOLOGIE SI</td></tr><tr><td style=\"white-space:nowrap\">um4553<a name=\"medical-units-oncofair-codesystem-um4553\"> </a></td><td>CARDIOLOGIE URGENCE</td></tr><tr><td style=\"white-space:nowrap\">um4555<a name=\"medical-units-oncofair-codesystem-um4555\"> </a></td><td>CARDIOLOGIE UHTCD</td></tr><tr><td style=\"white-space:nowrap\">um4556<a name=\"medical-units-oncofair-codesystem-um4556\"> </a></td><td>CARDIOLOGIE HDJ</td></tr><tr><td style=\"white-space:nowrap\">um4559<a name=\"medical-units-oncofair-codesystem-um4559\"> </a></td><td>CARDIOLOGIE CS</td></tr><tr><td style=\"white-space:nowrap\">um120004<a name=\"medical-units-oncofair-codesystem-um120004\"> </a></td><td>UF sans UM du secteur PNEUMOLOGIE</td></tr><tr><td style=\"white-space:nowrap\">um4301<a name=\"medical-units-oncofair-codesystem-um4301\"> </a></td><td>PNEUMOLOGIE HC</td></tr><tr><td style=\"white-space:nowrap\">um4302<a name=\"medical-units-oncofair-codesystem-um4302\"> </a></td><td>PNEUMOLOGIE HN</td></tr><tr><td style=\"white-space:nowrap\">um4310<a name=\"medical-units-oncofair-codesystem-um4310\"> </a></td><td>PNEUMOLOGIE HC</td></tr><tr><td style=\"white-space:nowrap\">um4315<a name=\"medical-units-oncofair-codesystem-um4315\"> </a></td><td>PNEUMOLOGIE CS</td></tr><tr><td style=\"white-space:nowrap\">um4316<a name=\"medical-units-oncofair-codesystem-um4316\"> </a></td><td>PNEUMOLOGIE HDJ</td></tr><tr><td style=\"white-space:nowrap\">um4319<a name=\"medical-units-oncofair-codesystem-um4319\"> </a></td><td>PNEUMOLOGIE CS (clos en 2006)</td></tr><tr><td style=\"white-space:nowrap\">um4328<a name=\"medical-units-oncofair-codesystem-um4328\"> </a></td><td>PNEUMOLOGIE SC</td></tr><tr><td style=\"white-space:nowrap\">um121000<a name=\"medical-units-oncofair-codesystem-um121000\"> </a></td><td>UF sans UM du secteur MOYENS COMMUNS POLE FEMME ENFANT</td></tr><tr><td style=\"white-space:nowrap\">um121010<a name=\"medical-units-oncofair-codesystem-um121010\"> </a></td><td>UF sans UM du secteur MOYENS COMMUNS DEPT GORH</td></tr><tr><td style=\"white-space:nowrap\">um121011<a name=\"medical-units-oncofair-codesystem-um121011\"> </a></td><td>UF sans UM du secteur OBSTETRIQUE</td></tr><tr><td style=\"white-space:nowrap\">um5100<a name=\"medical-units-oncofair-codesystem-um5100\"> </a></td><td>OBSTETRIQUE HD HC</td></tr><tr><td style=\"white-space:nowrap\">um5102<a name=\"medical-units-oncofair-codesystem-um5102\"> </a></td><td>GROSSESSE HT RISQUE</td></tr><tr><td style=\"white-space:nowrap\">um5108<a name=\"medical-units-oncofair-codesystem-um5108\"> </a></td><td>URGENCES OBSTETRICALES HD</td></tr><tr><td style=\"white-space:nowrap\">um5119<a name=\"medical-units-oncofair-codesystem-um5119\"> </a></td><td>GYNECOLOGIE OBSTETRIQUE CS</td></tr><tr><td style=\"white-space:nowrap\">um5120<a name=\"medical-units-oncofair-codesystem-um5120\"> </a></td><td>OBSTETRIQUE</td></tr><tr><td style=\"white-space:nowrap\">um5129<a name=\"medical-units-oncofair-codesystem-um5129\"> </a></td><td>OBSTETRIQUE SUD HDJ</td></tr><tr><td style=\"white-space:nowrap\">um5137<a name=\"medical-units-oncofair-codesystem-um5137\"> </a></td><td>OBSTETRIQUE HD HDJ</td></tr><tr><td style=\"white-space:nowrap\">um5148<a name=\"medical-units-oncofair-codesystem-um5148\"> </a></td><td>URGENCES MATER</td></tr><tr><td style=\"white-space:nowrap\">um121012<a name=\"medical-units-oncofair-codesystem-um121012\"> </a></td><td>UF sans UM du secteur GYNECOLOGIE</td></tr><tr><td style=\"white-space:nowrap\">um5110<a name=\"medical-units-oncofair-codesystem-um5110\"> </a></td><td>GYNECOLOGIE H D</td></tr><tr><td style=\"white-space:nowrap\">um5113<a name=\"medical-units-oncofair-codesystem-um5113\"> </a></td><td>GYNECOLOGIE</td></tr><tr><td style=\"white-space:nowrap\">um5116<a name=\"medical-units-oncofair-codesystem-um5116\"> </a></td><td>CENTRE ORTHOGENIE HS</td></tr><tr><td style=\"white-space:nowrap\">um5118<a name=\"medical-units-oncofair-codesystem-um5118\"> </a></td><td>ACCUEIL URGENCES GYNECOLOGIE HS</td></tr><tr><td style=\"white-space:nowrap\">um121013<a name=\"medical-units-oncofair-codesystem-um121013\"> </a></td><td>UF sans UM du secteur BIOLOGIE REPRODUCTION</td></tr><tr><td style=\"white-space:nowrap\">um121020<a name=\"medical-units-oncofair-codesystem-um121020\"> </a></td><td>UF sans UM du secteur FILIERE HEMATOLOGIE</td></tr><tr><td style=\"white-space:nowrap\">um4124<a name=\"medical-units-oncofair-codesystem-um4124\"> </a></td><td>ONCOPEDIATRIE - HC</td></tr><tr><td style=\"white-space:nowrap\">um4126<a name=\"medical-units-oncofair-codesystem-um4126\"> </a></td><td>ONCOPEDIATRIE LITS PROTEGES</td></tr><tr><td style=\"white-space:nowrap\">um4127<a name=\"medical-units-oncofair-codesystem-um4127\"> </a></td><td>ONCOPEDIATRIE - HDJ</td></tr><tr><td style=\"white-space:nowrap\">um121021<a name=\"medical-units-oncofair-codesystem-um121021\"> </a></td><td>UF sans UM du secteur FILIERE NEONATOLOGIE</td></tr><tr><td style=\"white-space:nowrap\">um4125<a name=\"medical-units-oncofair-codesystem-um4125\"> </a></td><td>PEDIATRIE NEONAT SUD (clos en 2007)</td></tr><tr><td style=\"white-space:nowrap\">um6000<a name=\"medical-units-oncofair-codesystem-um6000\"> </a></td><td>PEDIATRIE NEONAT PL (clos en 2007)</td></tr><tr><td style=\"white-space:nowrap\">um6001<a name=\"medical-units-oncofair-codesystem-um6001\"> </a></td><td>NEONAT SC HS</td></tr><tr><td style=\"white-space:nowrap\">um6002<a name=\"medical-units-oncofair-codesystem-um6002\"> </a></td><td>NEONAT SI HS</td></tr><tr><td style=\"white-space:nowrap\">um6003<a name=\"medical-units-oncofair-codesystem-um6003\"> </a></td><td>NEONAT SC HS (clos en 2010)</td></tr><tr><td style=\"white-space:nowrap\">um6004<a name=\"medical-units-oncofair-codesystem-um6004\"> </a></td><td>NEONAT SI HS (clos en 2010)</td></tr><tr><td style=\"white-space:nowrap\">um6008<a name=\"medical-units-oncofair-codesystem-um6008\"> </a></td><td>NEONAT REA</td></tr><tr><td style=\"white-space:nowrap\">um9532<a name=\"medical-units-oncofair-codesystem-um9532\"> </a></td><td>HAD 0 36 MOIS HS</td></tr><tr><td style=\"white-space:nowrap\">um1052<a name=\"medical-units-oncofair-codesystem-um1052\"> </a></td><td>PEDIATRIE CS</td></tr><tr><td style=\"white-space:nowrap\">um121022<a name=\"medical-units-oncofair-codesystem-um121022\"> </a></td><td>UF sans UM du secteur PEDIATRIE GENERALE ET DE SPECIALITE</td></tr><tr><td style=\"white-space:nowrap\">um4102<a name=\"medical-units-oncofair-codesystem-um4102\"> </a></td><td>PEDIATRIE USC</td></tr><tr><td style=\"white-space:nowrap\">um4110<a name=\"medical-units-oncofair-codesystem-um4110\"> </a></td><td>PEDIATRIE MUCOVISC.</td></tr><tr><td style=\"white-space:nowrap\">um4113<a name=\"medical-units-oncofair-codesystem-um4113\"> </a></td><td>HJ USAPP NEURO PED HS</td></tr><tr><td style=\"white-space:nowrap\">um4117<a name=\"medical-units-oncofair-codesystem-um4117\"> </a></td><td>PEDIATRIE MUCOVISCIDOSE PL</td></tr><tr><td style=\"white-space:nowrap\">um4120<a name=\"medical-units-oncofair-codesystem-um4120\"> </a></td><td>DEP MEDECINE ENF ADO</td></tr><tr><td style=\"white-space:nowrap\">um4121<a name=\"medical-units-oncofair-codesystem-um4121\"> </a></td><td>PEDIATRIE NOURISSONS</td></tr><tr><td style=\"white-space:nowrap\">um4122<a name=\"medical-units-oncofair-codesystem-um4122\"> </a></td><td>PEDIATRIE ENF.ADO.</td></tr><tr><td style=\"white-space:nowrap\">um4129<a name=\"medical-units-oncofair-codesystem-um4129\"> </a></td><td>PEDIATRIE MUCOVISCIDOSE HS</td></tr><tr><td style=\"white-space:nowrap\">um5700<a name=\"medical-units-oncofair-codesystem-um5700\"> </a></td><td>PEDIATRIE URGENCES (clos 2009)</td></tr><tr><td style=\"white-space:nowrap\">um5701<a name=\"medical-units-oncofair-codesystem-um5701\"> </a></td><td>PEDIATRIE SAU HS</td></tr><tr><td style=\"white-space:nowrap\">um5702<a name=\"medical-units-oncofair-codesystem-um5702\"> </a></td><td>UHTCD ENFANT HS</td></tr><tr><td style=\"white-space:nowrap\">um5704<a name=\"medical-units-oncofair-codesystem-um5704\"> </a></td><td>HOSP PROLONGEE PED HS</td></tr><tr><td style=\"white-space:nowrap\">um6117<a name=\"medical-units-oncofair-codesystem-um6117\"> </a></td><td>CENTRE D LANGAGE HDJ</td></tr><tr><td style=\"white-space:nowrap\">um6600<a name=\"medical-units-oncofair-codesystem-um6600\"> </a></td><td>AUBERGE JOUR</td></tr><tr><td style=\"white-space:nowrap\">um9530<a name=\"medical-units-oncofair-codesystem-um9530\"> </a></td><td>MSIN</td></tr><tr><td style=\"white-space:nowrap\">um121030<a name=\"medical-units-oncofair-codesystem-um121030\"> </a></td><td>UF sans UM du secteur CHIR PEDIATRIQUE ORTHO ET VISCERALE</td></tr><tr><td style=\"white-space:nowrap\">um5200<a name=\"medical-units-oncofair-codesystem-um5200\"> </a></td><td>CHIR PEDIATRIQUE HC</td></tr><tr><td style=\"white-space:nowrap\">um5206<a name=\"medical-units-oncofair-codesystem-um5206\"> </a></td><td>CHIR PEDIATRIQUE HDJ</td></tr><tr><td style=\"white-space:nowrap\">um5208<a name=\"medical-units-oncofair-codesystem-um5208\"> </a></td><td>CHIR PEDIATRIQUE SI</td></tr><tr><td style=\"white-space:nowrap\">um5209<a name=\"medical-units-oncofair-codesystem-um5209\"> </a></td><td>SCP CS</td></tr><tr><td style=\"white-space:nowrap\">um5210<a name=\"medical-units-oncofair-codesystem-um5210\"> </a></td><td>CHIR PEDIATRIQUE USC HS</td></tr><tr><td style=\"white-space:nowrap\">um121040<a name=\"medical-units-oncofair-codesystem-um121040\"> </a></td><td>UF sans UM du secteur GENETIQUE CLINIQUE</td></tr><tr><td style=\"white-space:nowrap\">um4149<a name=\"medical-units-oncofair-codesystem-um4149\"> </a></td><td>GENETIQUE CS</td></tr><tr><td style=\"white-space:nowrap\">um133000<a name=\"medical-units-oncofair-codesystem-um133000\"> </a></td><td>UF sans UM du secteur MOYENS COMMUNS POLE 1330</td></tr><tr><td style=\"white-space:nowrap\">um1330<a name=\"medical-units-oncofair-codesystem-um1330\"> </a></td><td>MC POLE</td></tr><tr><td style=\"white-space:nowrap\">um133001<a name=\"medical-units-oncofair-codesystem-um133001\"> </a></td><td>UF sans UM du secteur DIRECTION POLE IMAGERIE ET MC</td></tr><tr><td style=\"white-space:nowrap\">um133002<a name=\"medical-units-oncofair-codesystem-um133002\"> </a></td><td>UF sans UM du secteur EXPLORATIONS FONCTIONNELLES</td></tr><tr><td style=\"white-space:nowrap\">um1331<a name=\"medical-units-oncofair-codesystem-um1331\"> </a></td><td>EXPLORATIONS FONCTIONNELLES</td></tr><tr><td style=\"white-space:nowrap\">um133003<a name=\"medical-units-oncofair-codesystem-um133003\"> </a></td><td>UF sans UM du secteur IMAGERIE</td></tr><tr><td style=\"white-space:nowrap\">um1333<a name=\"medical-units-oncofair-codesystem-um1333\"> </a></td><td>MC IMAGERIE</td></tr><tr><td style=\"white-space:nowrap\">um1334<a name=\"medical-units-oncofair-codesystem-um1334\"> </a></td><td>RADIO STANDARD</td></tr><tr><td style=\"white-space:nowrap\">um1335<a name=\"medical-units-oncofair-codesystem-um1335\"> </a></td><td>ULTRASONS</td></tr><tr><td style=\"white-space:nowrap\">um1336<a name=\"medical-units-oncofair-codesystem-um1336\"> </a></td><td>SCANNERS</td></tr><tr><td style=\"white-space:nowrap\">um1337<a name=\"medical-units-oncofair-codesystem-um1337\"> </a></td><td>IRM</td></tr><tr><td style=\"white-space:nowrap\">um1338<a name=\"medical-units-oncofair-codesystem-um1338\"> </a></td><td>IMAGERIE VASCULAIRE</td></tr><tr><td style=\"white-space:nowrap\">um3436<a name=\"medical-units-oncofair-codesystem-um3436\"> </a></td><td>RADIOLOGIE INTERVENTIONNELLE</td></tr><tr><td style=\"white-space:nowrap\">um1332<a name=\"medical-units-oncofair-codesystem-um1332\"> </a></td><td>MEDECINE DU SPORT</td></tr><tr><td style=\"white-space:nowrap\">um133011<a name=\"medical-units-oncofair-codesystem-um133011\"> </a></td><td>UF sans UM du secteur EXPLORATIONS FONCTIONNELLES</td></tr><tr><td style=\"white-space:nowrap\">um133020<a name=\"medical-units-oncofair-codesystem-um133020\"> </a></td><td>UF sans UM du secteur MOYENS COMMUN IMAGERIE</td></tr><tr><td style=\"white-space:nowrap\">um133021<a name=\"medical-units-oncofair-codesystem-um133021\"> </a></td><td>UF sans UM du secteur RADIOLOGIE STANDARD</td></tr><tr><td style=\"white-space:nowrap\">um133022<a name=\"medical-units-oncofair-codesystem-um133022\"> </a></td><td>UF sans UM du secteur ULTRASONS</td></tr><tr><td style=\"white-space:nowrap\">um133023<a name=\"medical-units-oncofair-codesystem-um133023\"> </a></td><td>UF sans UM du secteur SCANNERS</td></tr><tr><td style=\"white-space:nowrap\">um133024<a name=\"medical-units-oncofair-codesystem-um133024\"> </a></td><td>UF sans UM du secteur IRM</td></tr><tr><td style=\"white-space:nowrap\">um133025<a name=\"medical-units-oncofair-codesystem-um133025\"> </a></td><td>UF sans UM du secteur RADIOLOGIE INTERVENTIONNELLE</td></tr><tr><td style=\"white-space:nowrap\">um133026<a name=\"medical-units-oncofair-codesystem-um133026\"> </a></td><td>UF sans UM du secteur TEPSCAN</td></tr><tr><td style=\"white-space:nowrap\">um133031<a name=\"medical-units-oncofair-codesystem-um133031\"> </a></td><td>UF sans UM du secteur MEDECINE DU SPORT</td></tr><tr><td style=\"white-space:nowrap\">um134001<a name=\"medical-units-oncofair-codesystem-um134001\"> </a></td><td>UF sans UM du secteur DIRECTION DU POLE PHARMACIE</td></tr><tr><td style=\"white-space:nowrap\">um134002<a name=\"medical-units-oncofair-codesystem-um134002\"> </a></td><td>UF sans UM du secteur GESTION DES PRODUITS PHARMACEUTIQUES</td></tr><tr><td style=\"white-space:nowrap\">um134003<a name=\"medical-units-oncofair-codesystem-um134003\"> </a></td><td>UF sans UM du secteur PHARMACOTECHNIE ONCO PHARMACIE</td></tr><tr><td style=\"white-space:nowrap\">um134004<a name=\"medical-units-oncofair-codesystem-um134004\"> </a></td><td>UF sans UM du secteur PHARMACIE CLINIQUE ET BON USAGE</td></tr><tr><td style=\"white-space:nowrap\">um135001<a name=\"medical-units-oncofair-codesystem-um135001\"> </a></td><td>UF sans UM du secteur PLATEAU TECHNIQUE BLOCS OPERATOIRES</td></tr><tr><td style=\"white-space:nowrap\">um137001<a name=\"medical-units-oncofair-codesystem-um137001\"> </a></td><td>UF sans UM du secteur STRUCTURES TRANSVERSALES BIOLOGIE</td></tr><tr><td style=\"white-space:nowrap\">um137002<a name=\"medical-units-oncofair-codesystem-um137002\"> </a></td><td>UF sans UM du secteur HEMATO CELLULAIRE HEMOSTASE BIOCLIN</td></tr><tr><td style=\"white-space:nowrap\">um3210<a name=\"medical-units-oncofair-codesystem-um3210\"> </a></td><td>LAB HEMOSTASE PL CS</td></tr><tr><td style=\"white-space:nowrap\">um137003<a name=\"medical-units-oncofair-codesystem-um137003\"> </a></td><td>UF sans UM du secteur HEMOSTASE BIO CLINIQUE</td></tr><tr><td style=\"white-space:nowrap\">um137004<a name=\"medical-units-oncofair-codesystem-um137004\"> </a></td><td>UF sans UM du secteur IMMUNO THERAPIE CELL HEMATOPOIESE</td></tr><tr><td style=\"white-space:nowrap\">um137005<a name=\"medical-units-oncofair-codesystem-um137005\"> </a></td><td>UF sans UM du secteur ANATOMIE ET CYTOLOGIE PATHOLOGIQUES</td></tr><tr><td style=\"white-space:nowrap\">um137006<a name=\"medical-units-oncofair-codesystem-um137006\"> </a></td><td>UF sans UM du secteur CYTOGENETIQUE ET BIO CELLULAIRE</td></tr><tr><td style=\"white-space:nowrap\">um137007<a name=\"medical-units-oncofair-codesystem-um137007\"> </a></td><td>UF sans UM du secteur BACTERIO HYGIENE HOSPITALIERE</td></tr><tr><td style=\"white-space:nowrap\">um137008<a name=\"medical-units-oncofair-codesystem-um137008\"> </a></td><td>UF sans UM du secteur PARASITOLOGIE MYCOLOGIE</td></tr><tr><td style=\"white-space:nowrap\">um137009<a name=\"medical-units-oncofair-codesystem-um137009\"> </a></td><td>UF sans UM du secteur VIROLOGIE</td></tr><tr><td style=\"white-space:nowrap\">um137010<a name=\"medical-units-oncofair-codesystem-um137010\"> </a></td><td>UF sans UM du secteur BIOCHIMIE TOXICOLOGIE</td></tr><tr><td style=\"white-space:nowrap\">um137011<a name=\"medical-units-oncofair-codesystem-um137011\"> </a></td><td>UF sans UM du secteur GENETIQUE MOLECULAIRE ET GENOMIQUE</td></tr><tr><td style=\"white-space:nowrap\">um137012<a name=\"medical-units-oncofair-codesystem-um137012\"> </a></td><td>UF sans UM du secteur PHARMACOLOGIE</td></tr><tr><td style=\"white-space:nowrap\">um137013<a name=\"medical-units-oncofair-codesystem-um137013\"> </a></td><td>UF sans UM du secteur DEPT RECHERCHE TRANSLATIONNELLE</td></tr><tr><td style=\"white-space:nowrap\">um152001<a name=\"medical-units-oncofair-codesystem-um152001\"> </a></td><td>UF sans UM du secteur SERVICE EPIDEMIO ET SANTE PUBLIQUE</td></tr><tr><td style=\"white-space:nowrap\">um152002<a name=\"medical-units-oncofair-codesystem-um152002\"> </a></td><td>UF sans UM du secteur SERVICE INFORMATION MEDICALE</td></tr><tr><td style=\"white-space:nowrap\">um9392<a name=\"medical-units-oncofair-codesystem-um9392\"> </a></td><td>SILLAGE PMSI WEB</td></tr><tr><td style=\"white-space:nowrap\">um152004<a name=\"medical-units-oncofair-codesystem-um152004\"> </a></td><td>UF sans UM du secteur MEDECINE LEGALE ET PENITENTIAIRE</td></tr><tr><td style=\"white-space:nowrap\">um9519<a name=\"medical-units-oncofair-codesystem-um9519\"> </a></td><td>UNITE HOSPI SECURISEE INTERREGIONAL</td></tr><tr><td style=\"white-space:nowrap\">um152005<a name=\"medical-units-oncofair-codesystem-um152005\"> </a></td><td>UF sans UM du secteur SANTE AU TRAVAIL ET PATHOLOGIE PROF</td></tr><tr><td style=\"white-space:nowrap\">um152006<a name=\"medical-units-oncofair-codesystem-um152006\"> </a></td><td>UF sans UM du secteur PHARMACOLOGIE CLINIQUE</td></tr><tr><td style=\"white-space:nowrap\">um3532<a name=\"medical-units-oncofair-codesystem-um3532\"> </a></td><td>INVESTIGATION CLINIQUE HC</td></tr><tr><td style=\"white-space:nowrap\">um3537<a name=\"medical-units-oncofair-codesystem-um3537\"> </a></td><td>INVESTIGATION CLINIQUE HDJ</td></tr><tr><td style=\"white-space:nowrap\">um180001<a name=\"medical-units-oncofair-codesystem-um180001\"> </a></td><td>UF sans UM du secteur DIRECTION GENERALE</td></tr><tr><td style=\"white-space:nowrap\">um180002<a name=\"medical-units-oncofair-codesystem-um180002\"> </a></td><td>UF sans UM du secteur STRUCTURES EXTERNES</td></tr><tr><td style=\"white-space:nowrap\">um180101<a name=\"medical-units-oncofair-codesystem-um180101\"> </a></td><td>UF sans UM du secteur D POLE ET PROJET 1 - MC</td></tr><tr><td style=\"white-space:nowrap\">um180107<a name=\"medical-units-oncofair-codesystem-um180107\"> </a></td><td>UF sans UM du secteur D POLE ET PROJET 7 - P. PLASSAIS</td></tr><tr><td style=\"white-space:nowrap\">um180201<a name=\"medical-units-oncofair-codesystem-um180201\"> </a></td><td>UF sans UM du secteur DIRECTION DES SOINS</td></tr><tr><td style=\"white-space:nowrap\">um180301<a name=\"medical-units-oncofair-codesystem-um180301\"> </a></td><td>UF sans UM du secteur D QUALITE ET REL USAGERS</td></tr><tr><td style=\"white-space:nowrap\">um180400<a name=\"medical-units-oncofair-codesystem-um180400\"> </a></td><td>UF sans UM du secteur DIFSI - MC</td></tr><tr><td style=\"white-space:nowrap\">um180401<a name=\"medical-units-oncofair-codesystem-um180401\"> </a></td><td>UF sans UM du secteur DIFSI</td></tr><tr><td style=\"white-space:nowrap\">um180402<a name=\"medical-units-oncofair-codesystem-um180402\"> </a></td><td>UF sans UM du secteur CPIAS OUEST</td></tr><tr><td style=\"white-space:nowrap\">um180501<a name=\"medical-units-oncofair-codesystem-um180501\"> </a></td><td>UF sans UM du secteur DIRECTION DE LA RECHERCHE</td></tr><tr><td style=\"white-space:nowrap\">um180502<a name=\"medical-units-oncofair-codesystem-um180502\"> </a></td><td>UF sans UM du secteur PROJETS RECH ET INNOVATIONS</td></tr><tr><td style=\"white-space:nowrap\">um180503<a name=\"medical-units-oncofair-codesystem-um180503\"> </a></td><td>UF sans UM du secteur RECHERCHE TOUS POLES 444</td></tr><tr><td style=\"white-space:nowrap\">um184001<a name=\"medical-units-oncofair-codesystem-um184001\"> </a></td><td>UF sans UM du secteur PM - MISE A DISPOSITION</td></tr><tr><td style=\"white-space:nowrap\">um184002<a name=\"medical-units-oncofair-codesystem-um184002\"> </a></td><td>UF sans UM du secteur PM - DIRECTION</td></tr><tr><td style=\"white-space:nowrap\">um184003<a name=\"medical-units-oncofair-codesystem-um184003\"> </a></td><td>UF sans UM du secteur ETUDIANTS HOSPITALIERS</td></tr><tr><td style=\"white-space:nowrap\">um185001<a name=\"medical-units-oncofair-codesystem-um185001\"> </a></td><td>UF sans UM du secteur DRH - MEDECINE DU TRAVAIL</td></tr><tr><td style=\"white-space:nowrap\">um185002<a name=\"medical-units-oncofair-codesystem-um185002\"> </a></td><td>UF sans UM du secteur DRH - DIRECTION</td></tr><tr><td style=\"white-space:nowrap\">um185003<a name=\"medical-units-oncofair-codesystem-um185003\"> </a></td><td>UF sans UM du secteur DRH - AUTRES SERV LIES</td></tr><tr><td style=\"white-space:nowrap\">um185004<a name=\"medical-units-oncofair-codesystem-um185004\"> </a></td><td>UF sans UM du secteur DRH - CRECHES</td></tr><tr><td style=\"white-space:nowrap\">um185005<a name=\"medical-units-oncofair-codesystem-um185005\"> </a></td><td>UF sans UM du secteur DRH - SERVICE DE REMPLACEMENT</td></tr><tr><td style=\"white-space:nowrap\">um188000<a name=\"medical-units-oncofair-codesystem-um188000\"> </a></td><td>UF sans UM du secteur MOYENS COMMUNS DIRECTION INGENIERIE</td></tr><tr><td style=\"white-space:nowrap\">um1800<a name=\"medical-units-oncofair-codesystem-um1800\"> </a></td><td>Secteur Ingénierie Biomédicale</td></tr><tr><td style=\"white-space:nowrap\">um1801<a name=\"medical-units-oncofair-codesystem-um1801\"> </a></td><td>ATELIER MECANIQUE</td></tr><tr><td style=\"white-space:nowrap\">um1802<a name=\"medical-units-oncofair-codesystem-um1802\"> </a></td><td>RESTAURATION</td></tr><tr><td style=\"white-space:nowrap\">um1803<a name=\"medical-units-oncofair-codesystem-um1803\"> </a></td><td>Secteur Achat</td></tr><tr><td style=\"white-space:nowrap\">um1804<a name=\"medical-units-oncofair-codesystem-um1804\"> </a></td><td>LOGISTIQUE GENERALE</td></tr><tr><td style=\"white-space:nowrap\">um1805<a name=\"medical-units-oncofair-codesystem-um1805\"> </a></td><td>MAGASINS GENERAUX</td></tr><tr><td style=\"white-space:nowrap\">um1806<a name=\"medical-units-oncofair-codesystem-um1806\"> </a></td><td>Direction DPAL</td></tr><tr><td style=\"white-space:nowrap\">um1810<a name=\"medical-units-oncofair-codesystem-um1810\"> </a></td><td>BLANCHISSERIE</td></tr><tr><td style=\"white-space:nowrap\">um1811<a name=\"medical-units-oncofair-codesystem-um1811\"> </a></td><td>TRANSPORTS SANITAIRES</td></tr><tr><td style=\"white-space:nowrap\">um1812<a name=\"medical-units-oncofair-codesystem-um1812\"> </a></td><td>COURRIER</td></tr><tr><td style=\"white-space:nowrap\">um1814<a name=\"medical-units-oncofair-codesystem-um1814\"> </a></td><td>REPROGRAPHIE</td></tr><tr><td style=\"white-space:nowrap\">um188002<a name=\"medical-units-oncofair-codesystem-um188002\"> </a></td><td>UF sans UM du secteur D POLITIQUE DES ACHATS ET LOGISTIQ</td></tr><tr><td style=\"white-space:nowrap\">um188003<a name=\"medical-units-oncofair-codesystem-um188003\"> </a></td><td>UF sans UM du secteur SERVICE SECURITE</td></tr><tr><td style=\"white-space:nowrap\">um1807<a name=\"medical-units-oncofair-codesystem-um1807\"> </a></td><td>Direction des Travaux</td></tr><tr><td style=\"white-space:nowrap\">um1808<a name=\"medical-units-oncofair-codesystem-um1808\"> </a></td><td>Espaces verts</td></tr><tr><td style=\"white-space:nowrap\">um1809<a name=\"medical-units-oncofair-codesystem-um1809\"> </a></td><td>Ateliers</td></tr><tr><td style=\"white-space:nowrap\">um188004<a name=\"medical-units-oncofair-codesystem-um188004\"> </a></td><td>UF sans UM du secteur D DES PLANS ET TRAVAUX</td></tr><tr><td style=\"white-space:nowrap\">um188101<a name=\"medical-units-oncofair-codesystem-um188101\"> </a></td><td>UF sans UM du secteur DIRECTION DES ACHATS ET LOGISTIQUE</td></tr><tr><td style=\"white-space:nowrap\">um188201<a name=\"medical-units-oncofair-codesystem-um188201\"> </a></td><td>UF sans UM du secteur DIRECTION PATRIMOINE ET SECURITE</td></tr><tr><td style=\"white-space:nowrap\">um188301<a name=\"medical-units-oncofair-codesystem-um188301\"> </a></td><td>UF sans UM du secteur DIRECTION INGENIERIE ET BIOMEDICALE</td></tr><tr><td style=\"white-space:nowrap\">um190001<a name=\"medical-units-oncofair-codesystem-um190001\"> </a></td><td>UF sans UM du secteur DEP NON VENTILABLES</td></tr><tr><td style=\"white-space:nowrap\">um190004<a name=\"medical-units-oncofair-codesystem-um190004\"> </a></td><td>UF sans UM du secteur PFPS - ECOLES</td></tr><tr><td style=\"white-space:nowrap\">um190005<a name=\"medical-units-oncofair-codesystem-um190005\"> </a></td><td>UF sans UM du secteur STRUCTURES EXTERNES</td></tr><tr><td style=\"white-space:nowrap\">um9940<a name=\"medical-units-oncofair-codesystem-um9940\"> </a></td><td>C EXT CTS CRLCC</td></tr><tr><td style=\"white-space:nowrap\">um9990<a name=\"medical-units-oncofair-codesystem-um9990\"> </a></td><td>C EXT HOPITAUX EXT</td></tr><tr><td style=\"white-space:nowrap\">um9998<a name=\"medical-units-oncofair-codesystem-um9998\"> </a></td><td>RETOUR DOMICILE</td></tr><tr><td style=\"white-space:nowrap\">um190006<a name=\"medical-units-oncofair-codesystem-um190006\"> </a></td><td>UF sans UM du secteur GESTION DES APPLICATIFS</td></tr><tr><td style=\"white-space:nowrap\">um190007<a name=\"medical-units-oncofair-codesystem-um190007\"> </a></td><td>UF sans UM du secteur MAISON DE RETRAITE LM MC</td></tr></table></div>"
  },
  "url" : "http://ltsi.univ-rennes.fr/CodeSystem/medical-units-oncofair-codesystem",
  "version" : "0.1.0",
  "name" : "MedicalUnitsOncoFAIRCodeSystem",
  "title" : "Medical units",
  "status" : "draft",
  "experimental" : true,
  "date" : "2025-01-10T15:39:13+00:00",
  "publisher" : "DOMASIA team of the Signal and Image Processing Laboratory (LTSI) and KEREVAL",
  "contact" : [{
    "name" : "DOMASIA team of the Signal and Image Processing Laboratory (LTSI) and KEREVAL",
    "telecom" : [{
      "system" : "url",
      "value" : "https://ltsi.univ-rennes.fr"
    }]
  }],
  "description" : "CodeSystem for french medical units (accommodation, medical liability unit).",
  "caseSensitive" : true,
  "content" : "complete",
  "count" : 368,
  "concept" : [{
    "code" : "SAB",
    "display" : "SAB"
  },
  {
    "code" : "HCMED",
    "display" : "HCMED"
  },
  {
    "code" : "um110001",
    "display" : "UF sans UM du secteur SMAD - SMF"
  },
  {
    "code" : "um4021",
    "display" : "HEPATO DIGESTIFS-SI"
  },
  {
    "code" : "um4023",
    "display" : "SMAD-SMF HS"
  },
  {
    "code" : "um4024",
    "display" : "SMAD-SMF HDJ"
  },
  {
    "code" : "um110003",
    "display" : "UF sans UM du secteur SMAD"
  },
  {
    "code" : "um4014",
    "display" : "SMAD HDJ"
  },
  {
    "code" : "um4017",
    "display" : "SMAD AMBULATOIRE"
  },
  {
    "code" : "um4027",
    "display" : "SMAD - HDJ"
  },
  {
    "code" : "um4040",
    "display" : "SMAD- HC"
  },
  {
    "code" : "um110004",
    "display" : "UF sans UM du secteur SMF"
  },
  {
    "code" : "um4000",
    "display" : "SMF - HC"
  },
  {
    "code" : "um4008",
    "display" : "SMF - HDJ"
  },
  {
    "code" : "um4010",
    "display" : "ADDICTOLOGIE"
  },
  {
    "code" : "um4049",
    "display" : "SMAD SMF CS"
  },
  {
    "code" : "um110002",
    "display" : "UF sans UM du secteur SERV CHIR HEPATO BILIAIRE DIGESTIVE"
  },
  {
    "code" : "um5000",
    "display" : "SCHBD - HC"
  },
  {
    "code" : "um5009",
    "display" : "SCHBD - CS"
  },
  {
    "code" : "um5020",
    "display" : "CHIR VISCERALE  USC"
  },
  {
    "code" : "um5024",
    "display" : "SCHBD - HDJ"
  },
  {
    "code" : "um110005",
    "display" : "UF sans UM du secteur UROLOGIE"
  },
  {
    "code" : "um5300",
    "display" : "UROLOGIE HC"
  },
  {
    "code" : "um5308",
    "display" : "UROLOGIE HDJ"
  },
  {
    "code" : "um5309",
    "display" : "UROLOGIE CS"
  },
  {
    "code" : "um1014",
    "display" : "NUTRITRION CS"
  },
  {
    "code" : "um110006",
    "display" : "UF sans UM du secteur ENDOCRINO DIABETO NUTRITION"
  },
  {
    "code" : "um4700",
    "display" : "ENDOCRINO DIABETO HC"
  },
  {
    "code" : "um4705",
    "display" : "NUTRITION HOSP COMPLETE"
  },
  {
    "code" : "um4707",
    "display" : "ENDOCRIN DIABETO HDJ"
  },
  {
    "code" : "um4708",
    "display" : "NUTRITION HDJ"
  },
  {
    "code" : "um4719",
    "display" : "ENDOCRINO-DIABETO. CS"
  },
  {
    "code" : "um110007",
    "display" : "UF sans UM du secteur SERVICE DIETETIQUE"
  },
  {
    "code" : "um112000",
    "display" : "UF sans UM du secteur MOYENS COMMUNS POLE 1120"
  },
  {
    "code" : "um112010",
    "display" : "UF sans UM du secteur MOYENS COMMUNS DEPT ANESTHESIE REA"
  },
  {
    "code" : "um112011",
    "display" : "UF sans UM du secteur SAR 1 REA USC CHIR ET TRAUMA CENTER"
  },
  {
    "code" : "um6510",
    "display" : "REANIMATION CHIRURGI"
  },
  {
    "code" : "um6512",
    "display" : "USC REA CHIR"
  },
  {
    "code" : "um112012",
    "display" : "UF sans UM du secteur SAR 2 ET CTRE EVAL ET TRAITEMENT DOULEUR"
  },
  {
    "code" : "um5031",
    "display" : "UHTCD CHIRURGICALE"
  },
  {
    "code" : "um6569",
    "display" : "CE DOULEUR HD"
  },
  {
    "code" : "um6581",
    "display" : "UACA PL"
  },
  {
    "code" : "um6585",
    "display" : "DOULEUR CHRONIQUE HDJ"
  },
  {
    "code" : "um6589",
    "display" : "FAR CS"
  },
  {
    "code" : "um6591",
    "display" : "HC REA SSPI BLOC HOPITAL"
  },
  {
    "code" : "um6592",
    "display" : "HC REA SSPI DCV PL"
  },
  {
    "code" : "um112013",
    "display" : "UF sans UM du secteur SAR 3 ET REANIMATION CTCV"
  },
  {
    "code" : "um6590",
    "display" : "HC REA SSPI CTCV PL"
  },
  {
    "code" : "um112014",
    "display" : "UF sans UM du secteur SAR 4 ET REANIMATION USC PEDIATRIQUE"
  },
  {
    "code" : "um6540",
    "display" : "S.C.P.O."
  },
  {
    "code" : "um6542",
    "display" : "REANIMATION PEDIATRIQUE HS"
  },
  {
    "code" : "um6543",
    "display" : "SC SURV CONT PEDIA HS"
  },
  {
    "code" : "um6582",
    "display" : "UACA HS"
  },
  {
    "code" : "um6588",
    "display" : "SAR 4"
  },
  {
    "code" : "um6593",
    "display" : "HC REA SSPI HS"
  },
  {
    "code" : "um112015",
    "display" : "UF sans UM du secteur Plan NOVI"
  },
  {
    "code" : "um112021",
    "display" : "UF sans UM du secteur URGENCES ADULTES"
  },
  {
    "code" : "um4060",
    "display" : "ACCUEIL MEDICAL"
  },
  {
    "code" : "um4070",
    "display" : "URGENCE CHIRURGICALE"
  },
  {
    "code" : "um4080",
    "display" : "SAU HOSPITALISATION (clos en 2009)"
  },
  {
    "code" : "um4082",
    "display" : "SAU PL"
  },
  {
    "code" : "um4083",
    "display" : "SAU - DUHAMEL"
  },
  {
    "code" : "um4085",
    "display" : "UHTCD ADULTE PL"
  },
  {
    "code" : "um112022",
    "display" : "UF sans UM du secteur SAMU SMUR"
  },
  {
    "code" : "um112031",
    "display" : "UF sans UM du secteur GERIATRIE AIGUE"
  },
  {
    "code" : "um4734",
    "display" : "HC MEDECINE LT"
  },
  {
    "code" : "um4810",
    "display" : "GERIATRIE AIGUE HC"
  },
  {
    "code" : "um4812",
    "display" : "GERIATRIE AIGUE HC PL"
  },
  {
    "code" : "um4817",
    "display" : "GERIATRIE AIGUE HDJ"
  },
  {
    "code" : "um7531",
    "display" : "U.O.P.A."
  },
  {
    "code" : "um7600",
    "display" : "MOYEN Stay LM"
  },
  {
    "code" : "um112032",
    "display" : "UF sans UM du secteur GERIATRIE SSR"
  },
  {
    "code" : "um4800",
    "display" : "CONVALESCENTS"
  },
  {
    "code" : "um7500",
    "display" : "GERIATRIE SSR LA TAUVRAIS"
  },
  {
    "code" : "um7601",
    "display" : "GERIATRIE SSR HC AB"
  },
  {
    "code" : "um7603",
    "display" : "GERIATRIE SSR HC CD"
  },
  {
    "code" : "um7604",
    "display" : "GERIATRIE SSR HC UCC"
  },
  {
    "code" : "um7620",
    "display" : "GERIATRIE SSR HOTEL DIEU"
  },
  {
    "code" : "um112033",
    "display" : "UF sans UM du secteur GERIATRIE SLD"
  },
  {
    "code" : "um7510",
    "display" : "SOINS LONGUE DUREE"
  },
  {
    "code" : "um112034",
    "display" : "UF sans UM du secteur GERIATRIE EHPAD"
  },
  {
    "code" : "um7800",
    "display" : "ETABT HEBERGMNT PERS. AGEES DEPEND."
  },
  {
    "code" : "um112035",
    "display" : "UF sans UM du secteur INNOVATION"
  },
  {
    "code" : "um112041",
    "display" : "UF sans UM du secteur M INTERNE ET IMMUNO CLI"
  },
  {
    "code" : "um4089",
    "display" : "HC UNIT MED POLYV PL"
  },
  {
    "code" : "um4709",
    "display" : "MEDECINE INTERNE CS"
  },
  {
    "code" : "um4710",
    "display" : "MEDECINE INT. HC"
  },
  {
    "code" : "um4714",
    "display" : "MED.INT.GUEHENNO"
  },
  {
    "code" : "um4717",
    "display" : "MEDECINE INT. HDJ"
  },
  {
    "code" : "um4733",
    "display" : "MEDECINE POST URGENCES SL"
  },
  {
    "code" : "um4084",
    "display" : "UPAP H.SUD"
  },
  {
    "code" : "um4087",
    "display" : "UPAP PL"
  },
  {
    "code" : "um112051",
    "display" : "UF sans UM du secteur SOINS PALLIATIFS"
  },
  {
    "code" : "um4303",
    "display" : "HC SOINS PALLIAT LT"
  },
  {
    "code" : "um112061",
    "display" : "UF sans UM du secteur SERVICE SOCIAL HOSPITALIER"
  },
  {
    "code" : "um112071",
    "display" : "UF sans UM du secteur PERMANENCE ACCES SOINS DE SANTE"
  },
  {
    "code" : "um115000",
    "display" : "UF sans UM du secteur MC REA MED ET REA CHIR"
  },
  {
    "code" : "um115001",
    "display" : "UF sans UM du secteur DERMATOLOGIE"
  },
  {
    "code" : "um4610",
    "display" : "DERMATOLOGIE HC"
  },
  {
    "code" : "um4618",
    "display" : "DERMATOLOGIE HDJ"
  },
  {
    "code" : "um4619",
    "display" : "DERMATOLOGIE CS"
  },
  {
    "code" : "um115002",
    "display" : "UF sans UM du secteur DIALYSE"
  },
  {
    "code" : "um4221",
    "display" : "DIALYSE"
  },
  {
    "code" : "um115003",
    "display" : "UF sans UM du secteur NEPHROLOGIE"
  },
  {
    "code" : "um4210",
    "display" : "NEPHROLOGIE HC"
  },
  {
    "code" : "um4213",
    "display" : "HC SI NEPHROLOGIE PL"
  },
  {
    "code" : "um4217",
    "display" : "NEPHROLOGIE HDJ"
  },
  {
    "code" : "um4219",
    "display" : "NEPHROLOGIE CS"
  },
  {
    "code" : "um115004",
    "display" : "UF sans UM du secteur HEMATOLOGIE"
  },
  {
    "code" : "um4130",
    "display" : "HEMATO. CLIN. HC"
  },
  {
    "code" : "um4132",
    "display" : "HEMATOLOGIE  LITS PROTEGES"
  },
  {
    "code" : "um4136",
    "display" : "HEMATO SI"
  },
  {
    "code" : "um4137",
    "display" : "HEMATOLOGIE HDJ"
  },
  {
    "code" : "um4139",
    "display" : "HEMATOLOGIE CLINIQUE  PL CS"
  },
  {
    "code" : "um115005",
    "display" : "UF sans UM du secteur MALADIES INFECTIEUSES"
  },
  {
    "code" : "um4200",
    "display" : "MAL. INFECT. HC"
  },
  {
    "code" : "um4204",
    "display" : "MAL. INFECT. HDJ"
  },
  {
    "code" : "um4207",
    "display" : "MAL INF USC"
  },
  {
    "code" : "um4235",
    "display" : "HC MIE CLEMENCEAU PL"
  },
  {
    "code" : "um4236",
    "display" : "HJ AMBU MIE CLEM PL"
  },
  {
    "code" : "um115006",
    "display" : "UF sans UM du secteur REANIMATION MEDICALE"
  },
  {
    "code" : "um6400",
    "display" : "REANIMATION MEDICALE"
  },
  {
    "code" : "um6403",
    "display" : "USC REA MED"
  },
  {
    "code" : "um115007",
    "display" : "UF sans UM du secteur COREVIH"
  },
  {
    "code" : "um116000",
    "display" : "UF sans UM du secteur MOYENS COMMUNS POLE 1160"
  },
  {
    "code" : "um116001",
    "display" : "UF sans UM du secteur UNITE DE SOINS PSYCHIATRIQUES"
  },
  {
    "code" : "um4420",
    "display" : "PSYCHIATRIE CS"
  },
  {
    "code" : "um116002",
    "display" : "UF sans UM du secteur NEUROCHIRURGIE"
  },
  {
    "code" : "um6300",
    "display" : "NEUROCHIRURGIE-HC"
  },
  {
    "code" : "um6306",
    "display" : "NCH ORL USC"
  },
  {
    "code" : "um6308",
    "display" : "NEUROCHIRURGIE SI"
  },
  {
    "code" : "um6309",
    "display" : "NEUROCHIRURGIE CS"
  },
  {
    "code" : "um116003",
    "display" : "UF sans UM du secteur NEUROLOGIE"
  },
  {
    "code" : "um4400",
    "display" : "NEUROLOGIE - HC"
  },
  {
    "code" : "um4408",
    "display" : "NEUROLOGIE - HDJ"
  },
  {
    "code" : "um4409",
    "display" : "NEUROLOGIE CS"
  },
  {
    "code" : "um4410",
    "display" : "NEUROLOGIE HC"
  },
  {
    "code" : "um4411",
    "display" : "UNV SUBAIGU"
  },
  {
    "code" : "um4412",
    "display" : "UNV SI"
  },
  {
    "code" : "um116004",
    "display" : "UF sans UM du secteur OPH"
  },
  {
    "code" : "um5500",
    "display" : "OPHTALMOLOGIE HC"
  },
  {
    "code" : "um5509",
    "display" : "OPHTALMOLOGIE CS"
  },
  {
    "code" : "um5510",
    "display" : "CE Urgences Ophtalmologiques PL"
  },
  {
    "code" : "um5511",
    "display" : "OPHTALMOLOGIE HDJ"
  },
  {
    "code" : "um116005",
    "display" : "UF sans UM du secteur ORL"
  },
  {
    "code" : "um5400",
    "display" : "OTO-RHINO-LARYNGO."
  },
  {
    "code" : "um5409",
    "display" : "ORL CS"
  },
  {
    "code" : "um116006",
    "display" : "UF sans UM du secteur MED PHYSIQUE ET READAPTATION"
  },
  {
    "code" : "um6101",
    "display" : "SMPRA - HC"
  },
  {
    "code" : "um6102",
    "display" : "SMPRE - HC"
  },
  {
    "code" : "um6106",
    "display" : "SMPRA - HDJ"
  },
  {
    "code" : "um6107",
    "display" : "SMPRE - HDJ"
  },
  {
    "code" : "um6110",
    "display" : "HJ SSR PEDIATRIQ SL"
  },
  {
    "code" : "um6111",
    "display" : "HC SSR PEDIATRIQUE SL"
  },
  {
    "code" : "um6113",
    "display" : "HS MPRA PL"
  },
  {
    "code" : "um6114",
    "display" : "HJ ECOLE DU DOS AB"
  },
  {
    "code" : "um6124",
    "display" : "PA COVID LONG PL"
  },
  {
    "code" : "um116007",
    "display" : "UF sans UM du secteur CENTRE DU LANGAGE"
  },
  {
    "code" : "um116008",
    "display" : "UF sans UM du secteur SERVICE DES PSYCHOLOGUES"
  },
  {
    "code" : "um116009",
    "display" : "UF sans UM du secteur UNIT ACC ET SOINS PATIENTS SOURDS"
  },
  {
    "code" : "um117000",
    "display" : "UF sans UM du secteur MOYENS COMMUNS POLE 1170"
  },
  {
    "code" : "um117001",
    "display" : "UF sans UM du secteur ODONTOLOGIE"
  },
  {
    "code" : "um118000",
    "display" : "UF sans UM du secteur MOYENS COMMUNS POLE 1180"
  },
  {
    "code" : "um118001",
    "display" : "UF sans UM du secteur ORTHO TRAUMATO"
  },
  {
    "code" : "um5010",
    "display" : "CHIR.ORTHO.&TRAUMATO"
  },
  {
    "code" : "um5013",
    "display" : "ORTHOPEDIE CHIR  AMBU"
  },
  {
    "code" : "um5018",
    "display" : "ORTHOPEDIE HDJ"
  },
  {
    "code" : "um5019",
    "display" : "ORTHOPEDIE CS"
  },
  {
    "code" : "um5040",
    "display" : "POLYCLINIQUE TRAUMA"
  },
  {
    "code" : "um5041",
    "display" : "TRAUMATOLOGIE"
  },
  {
    "code" : "um5042",
    "display" : "ORTHOPEDIE HC PL"
  },
  {
    "code" : "um5043",
    "display" : "ORTHOPEDIE HC"
  },
  {
    "code" : "um5080",
    "display" : "S.C.O.R. (clos en 2006)"
  },
  {
    "code" : "um5082",
    "display" : "ORTHOPEDIE HC HS"
  },
  {
    "code" : "um5083",
    "display" : "HC ORTHOGERIATRIE PL"
  },
  {
    "code" : "um1013",
    "display" : "RHUMATOLOGIE CS"
  },
  {
    "code" : "um118002",
    "display" : "UF sans UM du secteur RHUMATOLOGIE"
  },
  {
    "code" : "um4720",
    "display" : "RHUMATOLOGIE HC"
  },
  {
    "code" : "um4728",
    "display" : "RHUMATOLOGIE HDJ"
  },
  {
    "code" : "um118003",
    "display" : "UF sans UM du secteur CHIRURGIE PLASTIQUE"
  },
  {
    "code" : "um5060",
    "display" : "CHIR. PLAST. RECONS."
  },
  {
    "code" : "um5069",
    "display" : "CHIRURGIE PLASTIQUE CS"
  },
  {
    "code" : "um118004",
    "display" : "UF sans UM du secteur CTRE REF INFECTIONS OSTEO ARTICUL"
  },
  {
    "code" : "um118005",
    "display" : "UF sans UM du secteur UNITE DE MEDECINE AMBULATOIRE"
  },
  {
    "code" : "um4741",
    "display" : "UNITE DE MEDECINE AMBULATOIRE"
  },
  {
    "code" : "um120000",
    "display" : "UF sans UM du secteur MOYENS COMMUNS POLE 1200"
  },
  {
    "code" : "um120001",
    "display" : "UF sans UM du secteur CTCV"
  },
  {
    "code" : "um4821",
    "display" : "HC CHAMBRES SECURISEES"
  },
  {
    "code" : "um5090",
    "display" : "CHIR VASC HC"
  },
  {
    "code" : "um6200",
    "display" : "CTCV CCP"
  },
  {
    "code" : "um6204",
    "display" : "CTCV SI"
  },
  {
    "code" : "um6209",
    "display" : "CTCV CS"
  },
  {
    "code" : "um6210",
    "display" : "REANIMATION CTCV"
  },
  {
    "code" : "um6211",
    "display" : "CHIR CARDIAQUE HDJ"
  },
  {
    "code" : "um6212",
    "display" : "CTCV LERICHE"
  },
  {
    "code" : "um6216",
    "display" : "CTCV USC"
  },
  {
    "code" : "um6217",
    "display" : "CHIR VASCULAIRE HDJ"
  },
  {
    "code" : "um120002",
    "display" : "UF sans UM du secteur CARDIOLOGIE ET MALADIES VASCULAIRES"
  },
  {
    "code" : "um4532",
    "display" : "CARDIO CTCV"
  },
  {
    "code" : "um4550",
    "display" : "CARDIOLOGIE HC"
  },
  {
    "code" : "um4552",
    "display" : "CARDIOLOGIE SI"
  },
  {
    "code" : "um4553",
    "display" : "CARDIOLOGIE URGENCE"
  },
  {
    "code" : "um4555",
    "display" : "CARDIOLOGIE UHTCD"
  },
  {
    "code" : "um4556",
    "display" : "CARDIOLOGIE HDJ"
  },
  {
    "code" : "um4559",
    "display" : "CARDIOLOGIE CS"
  },
  {
    "code" : "um120004",
    "display" : "UF sans UM du secteur PNEUMOLOGIE"
  },
  {
    "code" : "um4301",
    "display" : "PNEUMOLOGIE HC"
  },
  {
    "code" : "um4302",
    "display" : "PNEUMOLOGIE HN"
  },
  {
    "code" : "um4310",
    "display" : "PNEUMOLOGIE HC"
  },
  {
    "code" : "um4315",
    "display" : "PNEUMOLOGIE CS"
  },
  {
    "code" : "um4316",
    "display" : "PNEUMOLOGIE HDJ"
  },
  {
    "code" : "um4319",
    "display" : "PNEUMOLOGIE CS (clos en 2006)"
  },
  {
    "code" : "um4328",
    "display" : "PNEUMOLOGIE SC"
  },
  {
    "code" : "um121000",
    "display" : "UF sans UM du secteur MOYENS COMMUNS POLE FEMME ENFANT"
  },
  {
    "code" : "um121010",
    "display" : "UF sans UM du secteur MOYENS COMMUNS DEPT GORH"
  },
  {
    "code" : "um121011",
    "display" : "UF sans UM du secteur OBSTETRIQUE"
  },
  {
    "code" : "um5100",
    "display" : "OBSTETRIQUE HD HC"
  },
  {
    "code" : "um5102",
    "display" : "GROSSESSE HT RISQUE"
  },
  {
    "code" : "um5108",
    "display" : "URGENCES OBSTETRICALES HD"
  },
  {
    "code" : "um5119",
    "display" : "GYNECOLOGIE OBSTETRIQUE CS"
  },
  {
    "code" : "um5120",
    "display" : "OBSTETRIQUE"
  },
  {
    "code" : "um5129",
    "display" : "OBSTETRIQUE SUD HDJ"
  },
  {
    "code" : "um5137",
    "display" : "OBSTETRIQUE HD HDJ"
  },
  {
    "code" : "um5148",
    "display" : "URGENCES MATER"
  },
  {
    "code" : "um121012",
    "display" : "UF sans UM du secteur GYNECOLOGIE"
  },
  {
    "code" : "um5110",
    "display" : "GYNECOLOGIE H D"
  },
  {
    "code" : "um5113",
    "display" : "GYNECOLOGIE"
  },
  {
    "code" : "um5116",
    "display" : "CENTRE ORTHOGENIE HS"
  },
  {
    "code" : "um5118",
    "display" : "ACCUEIL URGENCES GYNECOLOGIE HS"
  },
  {
    "code" : "um121013",
    "display" : "UF sans UM du secteur BIOLOGIE REPRODUCTION"
  },
  {
    "code" : "um121020",
    "display" : "UF sans UM du secteur FILIERE HEMATOLOGIE"
  },
  {
    "code" : "um4124",
    "display" : "ONCOPEDIATRIE - HC"
  },
  {
    "code" : "um4126",
    "display" : "ONCOPEDIATRIE LITS PROTEGES"
  },
  {
    "code" : "um4127",
    "display" : "ONCOPEDIATRIE - HDJ"
  },
  {
    "code" : "um121021",
    "display" : "UF sans UM du secteur FILIERE NEONATOLOGIE"
  },
  {
    "code" : "um4125",
    "display" : "PEDIATRIE NEONAT SUD (clos en 2007)"
  },
  {
    "code" : "um6000",
    "display" : "PEDIATRIE NEONAT PL (clos en 2007)"
  },
  {
    "code" : "um6001",
    "display" : "NEONAT SC HS"
  },
  {
    "code" : "um6002",
    "display" : "NEONAT SI HS"
  },
  {
    "code" : "um6003",
    "display" : "NEONAT SC HS (clos en 2010)"
  },
  {
    "code" : "um6004",
    "display" : "NEONAT SI HS (clos en 2010)"
  },
  {
    "code" : "um6008",
    "display" : "NEONAT REA"
  },
  {
    "code" : "um9532",
    "display" : "HAD 0 36 MOIS HS"
  },
  {
    "code" : "um1052",
    "display" : "PEDIATRIE CS"
  },
  {
    "code" : "um121022",
    "display" : "UF sans UM du secteur PEDIATRIE GENERALE ET DE SPECIALITE"
  },
  {
    "code" : "um4102",
    "display" : "PEDIATRIE USC"
  },
  {
    "code" : "um4110",
    "display" : "PEDIATRIE MUCOVISC."
  },
  {
    "code" : "um4113",
    "display" : "HJ USAPP NEURO PED HS"
  },
  {
    "code" : "um4117",
    "display" : "PEDIATRIE MUCOVISCIDOSE PL"
  },
  {
    "code" : "um4120",
    "display" : "DEP MEDECINE ENF ADO"
  },
  {
    "code" : "um4121",
    "display" : "PEDIATRIE NOURISSONS"
  },
  {
    "code" : "um4122",
    "display" : "PEDIATRIE ENF.ADO."
  },
  {
    "code" : "um4129",
    "display" : "PEDIATRIE MUCOVISCIDOSE HS"
  },
  {
    "code" : "um5700",
    "display" : "PEDIATRIE URGENCES (clos 2009)"
  },
  {
    "code" : "um5701",
    "display" : "PEDIATRIE SAU HS"
  },
  {
    "code" : "um5702",
    "display" : "UHTCD ENFANT HS"
  },
  {
    "code" : "um5704",
    "display" : "HOSP PROLONGEE PED HS"
  },
  {
    "code" : "um6117",
    "display" : "CENTRE D LANGAGE HDJ"
  },
  {
    "code" : "um6600",
    "display" : "AUBERGE JOUR"
  },
  {
    "code" : "um9530",
    "display" : "MSIN"
  },
  {
    "code" : "um121030",
    "display" : "UF sans UM du secteur CHIR PEDIATRIQUE ORTHO ET VISCERALE"
  },
  {
    "code" : "um5200",
    "display" : "CHIR PEDIATRIQUE HC"
  },
  {
    "code" : "um5206",
    "display" : "CHIR PEDIATRIQUE HDJ"
  },
  {
    "code" : "um5208",
    "display" : "CHIR PEDIATRIQUE SI"
  },
  {
    "code" : "um5209",
    "display" : "SCP CS"
  },
  {
    "code" : "um5210",
    "display" : "CHIR PEDIATRIQUE USC HS"
  },
  {
    "code" : "um121040",
    "display" : "UF sans UM du secteur GENETIQUE CLINIQUE"
  },
  {
    "code" : "um4149",
    "display" : "GENETIQUE CS"
  },
  {
    "code" : "um133000",
    "display" : "UF sans UM du secteur MOYENS COMMUNS POLE 1330"
  },
  {
    "code" : "um1330",
    "display" : "MC POLE"
  },
  {
    "code" : "um133001",
    "display" : "UF sans UM du secteur DIRECTION POLE IMAGERIE ET MC"
  },
  {
    "code" : "um133002",
    "display" : "UF sans UM du secteur EXPLORATIONS FONCTIONNELLES"
  },
  {
    "code" : "um1331",
    "display" : "EXPLORATIONS FONCTIONNELLES"
  },
  {
    "code" : "um133003",
    "display" : "UF sans UM du secteur IMAGERIE"
  },
  {
    "code" : "um1333",
    "display" : "MC IMAGERIE"
  },
  {
    "code" : "um1334",
    "display" : "RADIO STANDARD"
  },
  {
    "code" : "um1335",
    "display" : "ULTRASONS"
  },
  {
    "code" : "um1336",
    "display" : "SCANNERS"
  },
  {
    "code" : "um1337",
    "display" : "IRM"
  },
  {
    "code" : "um1338",
    "display" : "IMAGERIE VASCULAIRE"
  },
  {
    "code" : "um3436",
    "display" : "RADIOLOGIE INTERVENTIONNELLE"
  },
  {
    "code" : "um1332",
    "display" : "MEDECINE DU SPORT"
  },
  {
    "code" : "um133011",
    "display" : "UF sans UM du secteur EXPLORATIONS FONCTIONNELLES"
  },
  {
    "code" : "um133020",
    "display" : "UF sans UM du secteur MOYENS COMMUN IMAGERIE"
  },
  {
    "code" : "um133021",
    "display" : "UF sans UM du secteur RADIOLOGIE STANDARD"
  },
  {
    "code" : "um133022",
    "display" : "UF sans UM du secteur ULTRASONS"
  },
  {
    "code" : "um133023",
    "display" : "UF sans UM du secteur SCANNERS"
  },
  {
    "code" : "um133024",
    "display" : "UF sans UM du secteur IRM"
  },
  {
    "code" : "um133025",
    "display" : "UF sans UM du secteur RADIOLOGIE INTERVENTIONNELLE"
  },
  {
    "code" : "um133026",
    "display" : "UF sans UM du secteur TEPSCAN"
  },
  {
    "code" : "um133031",
    "display" : "UF sans UM du secteur MEDECINE DU SPORT"
  },
  {
    "code" : "um134001",
    "display" : "UF sans UM du secteur DIRECTION DU POLE PHARMACIE"
  },
  {
    "code" : "um134002",
    "display" : "UF sans UM du secteur GESTION DES PRODUITS PHARMACEUTIQUES"
  },
  {
    "code" : "um134003",
    "display" : "UF sans UM du secteur PHARMACOTECHNIE ONCO PHARMACIE"
  },
  {
    "code" : "um134004",
    "display" : "UF sans UM du secteur PHARMACIE CLINIQUE ET BON USAGE"
  },
  {
    "code" : "um135001",
    "display" : "UF sans UM du secteur PLATEAU TECHNIQUE BLOCS OPERATOIRES"
  },
  {
    "code" : "um137001",
    "display" : "UF sans UM du secteur STRUCTURES TRANSVERSALES BIOLOGIE"
  },
  {
    "code" : "um137002",
    "display" : "UF sans UM du secteur HEMATO CELLULAIRE HEMOSTASE BIOCLIN"
  },
  {
    "code" : "um3210",
    "display" : "LAB HEMOSTASE PL CS"
  },
  {
    "code" : "um137003",
    "display" : "UF sans UM du secteur HEMOSTASE BIO CLINIQUE"
  },
  {
    "code" : "um137004",
    "display" : "UF sans UM du secteur IMMUNO THERAPIE CELL HEMATOPOIESE"
  },
  {
    "code" : "um137005",
    "display" : "UF sans UM du secteur ANATOMIE ET CYTOLOGIE PATHOLOGIQUES"
  },
  {
    "code" : "um137006",
    "display" : "UF sans UM du secteur CYTOGENETIQUE ET BIO CELLULAIRE"
  },
  {
    "code" : "um137007",
    "display" : "UF sans UM du secteur BACTERIO HYGIENE HOSPITALIERE"
  },
  {
    "code" : "um137008",
    "display" : "UF sans UM du secteur PARASITOLOGIE MYCOLOGIE"
  },
  {
    "code" : "um137009",
    "display" : "UF sans UM du secteur VIROLOGIE"
  },
  {
    "code" : "um137010",
    "display" : "UF sans UM du secteur BIOCHIMIE TOXICOLOGIE"
  },
  {
    "code" : "um137011",
    "display" : "UF sans UM du secteur GENETIQUE MOLECULAIRE ET GENOMIQUE"
  },
  {
    "code" : "um137012",
    "display" : "UF sans UM du secteur PHARMACOLOGIE"
  },
  {
    "code" : "um137013",
    "display" : "UF sans UM du secteur DEPT RECHERCHE TRANSLATIONNELLE"
  },
  {
    "code" : "um152001",
    "display" : "UF sans UM du secteur SERVICE EPIDEMIO ET SANTE PUBLIQUE"
  },
  {
    "code" : "um152002",
    "display" : "UF sans UM du secteur SERVICE INFORMATION MEDICALE"
  },
  {
    "code" : "um9392",
    "display" : "SILLAGE PMSI WEB"
  },
  {
    "code" : "um152004",
    "display" : "UF sans UM du secteur MEDECINE LEGALE ET PENITENTIAIRE"
  },
  {
    "code" : "um9519",
    "display" : "UNITE HOSPI SECURISEE INTERREGIONAL"
  },
  {
    "code" : "um152005",
    "display" : "UF sans UM du secteur SANTE AU TRAVAIL ET PATHOLOGIE PROF"
  },
  {
    "code" : "um152006",
    "display" : "UF sans UM du secteur PHARMACOLOGIE CLINIQUE"
  },
  {
    "code" : "um3532",
    "display" : "INVESTIGATION CLINIQUE HC"
  },
  {
    "code" : "um3537",
    "display" : "INVESTIGATION CLINIQUE HDJ"
  },
  {
    "code" : "um180001",
    "display" : "UF sans UM du secteur DIRECTION GENERALE"
  },
  {
    "code" : "um180002",
    "display" : "UF sans UM du secteur STRUCTURES EXTERNES"
  },
  {
    "code" : "um180101",
    "display" : "UF sans UM du secteur D POLE ET PROJET 1 - MC"
  },
  {
    "code" : "um180107",
    "display" : "UF sans UM du secteur D POLE ET PROJET 7 - P. PLASSAIS"
  },
  {
    "code" : "um180201",
    "display" : "UF sans UM du secteur DIRECTION DES SOINS"
  },
  {
    "code" : "um180301",
    "display" : "UF sans UM du secteur D QUALITE ET REL USAGERS"
  },
  {
    "code" : "um180400",
    "display" : "UF sans UM du secteur DIFSI - MC"
  },
  {
    "code" : "um180401",
    "display" : "UF sans UM du secteur DIFSI"
  },
  {
    "code" : "um180402",
    "display" : "UF sans UM du secteur CPIAS OUEST"
  },
  {
    "code" : "um180501",
    "display" : "UF sans UM du secteur DIRECTION DE LA RECHERCHE"
  },
  {
    "code" : "um180502",
    "display" : "UF sans UM du secteur PROJETS RECH ET INNOVATIONS"
  },
  {
    "code" : "um180503",
    "display" : "UF sans UM du secteur RECHERCHE TOUS POLES 444"
  },
  {
    "code" : "um184001",
    "display" : "UF sans UM du secteur PM - MISE A DISPOSITION"
  },
  {
    "code" : "um184002",
    "display" : "UF sans UM du secteur PM - DIRECTION"
  },
  {
    "code" : "um184003",
    "display" : "UF sans UM du secteur ETUDIANTS HOSPITALIERS"
  },
  {
    "code" : "um185001",
    "display" : "UF sans UM du secteur DRH - MEDECINE DU TRAVAIL"
  },
  {
    "code" : "um185002",
    "display" : "UF sans UM du secteur DRH - DIRECTION"
  },
  {
    "code" : "um185003",
    "display" : "UF sans UM du secteur DRH - AUTRES SERV LIES"
  },
  {
    "code" : "um185004",
    "display" : "UF sans UM du secteur DRH - CRECHES"
  },
  {
    "code" : "um185005",
    "display" : "UF sans UM du secteur DRH - SERVICE DE REMPLACEMENT"
  },
  {
    "code" : "um188000",
    "display" : "UF sans UM du secteur MOYENS COMMUNS DIRECTION INGENIERIE"
  },
  {
    "code" : "um1800",
    "display" : "Secteur Ingénierie Biomédicale"
  },
  {
    "code" : "um1801",
    "display" : "ATELIER MECANIQUE"
  },
  {
    "code" : "um1802",
    "display" : "RESTAURATION"
  },
  {
    "code" : "um1803",
    "display" : "Secteur Achat"
  },
  {
    "code" : "um1804",
    "display" : "LOGISTIQUE GENERALE"
  },
  {
    "code" : "um1805",
    "display" : "MAGASINS GENERAUX"
  },
  {
    "code" : "um1806",
    "display" : "Direction DPAL"
  },
  {
    "code" : "um1810",
    "display" : "BLANCHISSERIE"
  },
  {
    "code" : "um1811",
    "display" : "TRANSPORTS SANITAIRES"
  },
  {
    "code" : "um1812",
    "display" : "COURRIER"
  },
  {
    "code" : "um1814",
    "display" : "REPROGRAPHIE"
  },
  {
    "code" : "um188002",
    "display" : "UF sans UM du secteur D POLITIQUE DES ACHATS ET LOGISTIQ"
  },
  {
    "code" : "um188003",
    "display" : "UF sans UM du secteur SERVICE SECURITE"
  },
  {
    "code" : "um1807",
    "display" : "Direction des Travaux"
  },
  {
    "code" : "um1808",
    "display" : "Espaces verts"
  },
  {
    "code" : "um1809",
    "display" : "Ateliers"
  },
  {
    "code" : "um188004",
    "display" : "UF sans UM du secteur D DES PLANS ET TRAVAUX"
  },
  {
    "code" : "um188101",
    "display" : "UF sans UM du secteur DIRECTION DES ACHATS ET LOGISTIQUE"
  },
  {
    "code" : "um188201",
    "display" : "UF sans UM du secteur DIRECTION PATRIMOINE ET SECURITE"
  },
  {
    "code" : "um188301",
    "display" : "UF sans UM du secteur DIRECTION INGENIERIE ET BIOMEDICALE"
  },
  {
    "code" : "um190001",
    "display" : "UF sans UM du secteur DEP NON VENTILABLES"
  },
  {
    "code" : "um190004",
    "display" : "UF sans UM du secteur PFPS - ECOLES"
  },
  {
    "code" : "um190005",
    "display" : "UF sans UM du secteur STRUCTURES EXTERNES"
  },
  {
    "code" : "um9940",
    "display" : "C EXT CTS CRLCC"
  },
  {
    "code" : "um9990",
    "display" : "C EXT HOPITAUX EXT"
  },
  {
    "code" : "um9998",
    "display" : "RETOUR DOMICILE"
  },
  {
    "code" : "um190006",
    "display" : "UF sans UM du secteur GESTION DES APPLICATIFS"
  },
  {
    "code" : "um190007",
    "display" : "UF sans UM du secteur MAISON DE RETRAITE LM MC"
  }]
}