<?xml version="1.0" encoding="UTF-8"?>

<SearchParameter xmlns="http://hl7.org/fhir">
  <id value="oncofair-sp-mr-exempt-ltc"/>
  <text>
    <status value="generated"/><div xmlns="http://www.w3.org/1999/xhtml"><p class="res-header-id"><b>Generated Narrative: SearchParameter oncofair-sp-mr-exempt-ltc</b></p><a name="oncofair-sp-mr-exempt-ltc"> </a><a name="hconcofair-sp-mr-exempt-ltc"> </a><a name="oncofair-sp-mr-exempt-ltc-en-US"> </a><h2>OncoFAIRSPMRExemptLTC</h2><p>Parameter <code>mr-exempt-ltc</code>:<code>token</code></p><div><p>Search for identifier of the ALD for which the component prescribed is prescribed for one of the reasons for which the patient benefits from an exemption under article L324-1 of the CSS.</p>
</div><table class="grid"><tr><td>Resource</td><td><a href="http://hl7.org/fhir/R5/medicationrequest.html">MedicationRequest</a></td></tr><tr><td>Expression</td><td><code>MedicationRequest.extension.where(url='http://ltsi.univ-rennes.fr/StructureDefinition/oncofair-mr-exempt-ltc').value</code></td></tr><tr><td>Processing Mode</td><td>Normal</td></tr><tr><td>Multiples</td><td><ul><li>multipleAnd: It's up to the server whether the parameter may repeat in order to specify multiple values that must all be true</li><li>multipleOr: It's up to the server whether the parameter can have multiple values (separated by comma) where at least one must be true</li></ul></td></tr></table></div>
  </text>
  <url value="http://ltsi.univ-rennes.fr/SearchParameter/oncofair-sp-mr-exempt-ltc"/>
  <version value="0.1.0"/>
  <name value="OncoFAIRSPMRExemptLTC"/>
  <status value="active"/>
  <date value="2025-01-17T10:40:26+00:00"/>
  <publisher value="DOMASIA team of the Signal and Image Processing Laboratory (LTSI) and KEREVAL"/>
  <contact>
    <name value="DOMASIA team of the Signal and Image Processing Laboratory (LTSI) and KEREVAL"/>
    <telecom>
      <system value="url"/>
      <value value="https://ltsi.univ-rennes.fr"/>
    </telecom>
  </contact>
  <description value="Search for identifier of the ALD for which the component prescribed is prescribed for one of the reasons for which the patient benefits from an exemption under article L324-1 of the CSS."/>
  <code value="mr-exempt-ltc"/>
  <base value="MedicationRequest"/>
  <type value="token"/>
  <expression value="MedicationRequest.extension.where(url='http://ltsi.univ-rennes.fr/StructureDefinition/oncofair-mr-exempt-ltc').value"/>
  <processingMode value="normal"/>
</SearchParameter>