<?xml version="1.0" encoding="UTF-8"?>

<MedicationRequest xmlns="http://hl7.org/fhir">
  <id value="Element"/>
  <meta>
    <profile value="http://ltsi.univ-rennes.fr/StructureDefinition/oncofair-medicationrequest-element"/>
  </meta>
  <text>
    <status value="extensions"/><div xmlns="http://www.w3.org/1999/xhtml"><p class="res-header-id"><b>Generated Narrative: MedicationRequest Element</b></p><a name="Element"> </a><a name="hcElement"> </a><a name="Element-en-US"> </a><p><b>OncoFAIRElementForm</b>: <span title="Codes:{http://snomed.info/sct 385055001}">Tablet</span></p><p><b>OncoFAIRMRElementSupply</b>: true</p><p><b>OncoFAIRMRElementRank</b>: 3</p><blockquote><p><b>OncoFAIRMRElementGoNogo</b></p><ul><li>GoNogoStatus: <span title="Codes:{http://ltsi.univ-rennes.fr/CodeSystem/siph-gonogo-oncofair-codesystem ATT}">En attente</span></li><li>GoNogoReasonWaiting: <span title="Codes:">XXX</span></li></ul></blockquote><blockquote><p><b>OncoFAIRPharmacistAdvice</b></p><ul><li>pharmacistValidation: <span title="Codes:{http://ltsi.univ-rennes.fr/CodeSystem/siph-statutvalidpharm-oncofair-codesystem VAL}">validée</span></li><li>pharmacistProposal: <span title="Codes:{http://ltsi.univ-rennes.fr/CodeSystem/siph-natureproppharm-oncofair-codesystem SUG}">Suggestion</span></li></ul></blockquote><p><b>identifier</b>: 123456</p><p><b>basedOn</b>: </p><ul><li><a href="MedicationRequest-Prescription.html">MedicationRequest: extension = 2024-06-01 08:00:00+0000; identifier = 12345; status = active; intent = order; note = This is a default comment on the prescription by the prescribing doctor.</a></li><li><a href="MedicationRequest-Element.html">MedicationRequest: extension = Tablet,true,3,,; identifier = 123456; groupIdentifier = 303030; status = active; intent = proposal; priority = urgent; note = Paracetamol 500mg Tablet,Prescribed for headaches,Administered after meals; effectiveDosePeriod = 2024-06-01 08:00:00+0000 --&gt; 2024-06-01 09:00:00+0000</a></li><li><a href="CarePlan-ExampleOncoFAIRCarePlan.html">CarePlan Example Prescribed Protocol</a></li></ul><p><b>groupIdentifier</b>: 303030</p><p><b>status</b>: Active</p><p><b>intent</b>: Proposal</p><p><b>priority</b>: Urgent</p><h3>Medications</h3><table class="grid"><tr><td style="display: none">-</td><td><b>Concept</b></td><td><b>Reference</b></td></tr><tr><td style="display: none">*</td><td><span title="Codes:{http://ltsi.univ-rennes.fr/CodeSystem/concept-medication-oncofair-codesystem element}">element</span></td><td><a href="Medication-ExampleOncoFAIRMedication.html">Medication Ibuprofen</a></td></tr></table><p><b>subject</b>: <a href="Patient-ExampleOncoFAIRPatient.html">Anonymous Patient (no stated gender), DoB Unknown ( 123456789)</a></p><p><b>requester</b>: <a href="Practitioner-ExampleOncoFAIRPractitioner.html">Practitioner: identifier = 12345</a></p><h3>Devices</h3><table class="grid"><tr><td style="display: none">-</td><td><b>Reference</b></td></tr><tr><td style="display: none">*</td><td><code>ExampleOncoFAIRDeviceDefinition</code></td></tr></table><p><b>note</b>: Paracetamol 500mg Tablet, Prescribed for headaches, Administered after meals</p><p><b>effectiveDosePeriod</b>: 2024-06-01 08:00:00+0000 --&gt; 2024-06-01 09:00:00+0000</p><blockquote><p><b>dosageInstruction</b></p><blockquote><p><b>id</b></p>element</blockquote><p><b>text</b>: Description of the dosage</p><p><b>additionalInstruction</b>: <span title="Codes:{http://snomed.info/sct 311501008}">Half to one hour before food</span></p><p><b>timing</b>: 10min , ?ngen-6?</p><p><b>site</b>: <span title="Codes:{http://snomed.info/sct 49928004}">Throat</span></p><p><b>route</b>: <span title="Codes:{http://snomed.info/sct 26643006}">Oral route</span></p><p><b>method</b>: <span title="Codes:{http://ltsi.univ-rennes.fr/CodeSystem/siph-typeeltpla-oncofair-codesystem MED}">Médicament</span></p></blockquote><blockquote><p><b>dosageInstruction</b></p><blockquote><p><b>id</b></p>posology</blockquote><p><b>timing</b>: Duration 1?ngen-7? , 2</p><h3>DoseAndRates</h3><table class="grid"><tr><td style="display: none">-</td><td><b>Dose[x]</b></td><td><b>Rate[x]</b></td></tr><tr><td style="display: none">*</td><td>250 mg</td><td>50 mg/h</td></tr></table></blockquote></div>
  </text>
  <extension url="http://ltsi.univ-rennes.fr/StructureDefinition/oncofair-element-form">
    <valueCodeableConcept>
      <coding>
        <system value="http://snomed.info/sct"/>
        <code value="385055001"/>
        <display value="Tablet"/>
      </coding>
    </valueCodeableConcept>
  </extension>
  <extension url="http://ltsi.univ-rennes.fr/StructureDefinition/oncofair-mr-element-supply">
    <valueBoolean value="true"/>
  </extension>
  <extension url="http://ltsi.univ-rennes.fr/StructureDefinition/oncofair-mr-element-rank">
    <valueInteger value="3"/>
  </extension>
  <extension url="http://ltsi.univ-rennes.fr/StructureDefinition/oncofair-mr-element-go-nogo">
    <extension url="GoNogoStatus">
      <valueCodeableConcept>
        <coding>
          <system value="http://ltsi.univ-rennes.fr/CodeSystem/siph-gonogo-oncofair-codesystem"/>
          <code value="ATT"/>
          <display value="En attente"/>
        </coding>
      </valueCodeableConcept>
    </extension>
    <extension url="GoNogoReasonWaiting">
      <valueCodeableConcept>
        <text value="XXX"/>
      </valueCodeableConcept>
    </extension>
  </extension>
  <extension url="http://ltsi.univ-rennes.fr/StructureDefinition/oncofair-pharmacist-advice">
    <extension url="pharmacistValidation">
      <valueCodeableConcept>
        <coding>
          <system value="http://ltsi.univ-rennes.fr/CodeSystem/siph-statutvalidpharm-oncofair-codesystem"/>
          <code value="VAL"/>
          <display value="validée"/>
        </coding>
      </valueCodeableConcept>
    </extension>
    <extension url="pharmacistProposal">
      <valueCodeableConcept>
        <coding>
          <system value="http://ltsi.univ-rennes.fr/CodeSystem/siph-natureproppharm-oncofair-codesystem"/>
          <code value="SUG"/>
          <display value="Suggestion"/>
        </coding>
      </valueCodeableConcept>
    </extension>
  </extension>
  <identifier>
    <value value="123456"/>
  </identifier>
  <basedOn>
    <reference value="MedicationRequest/Prescription"/>
  </basedOn>
  <basedOn>
    <extension url="http://ltsi.univ-rennes.fr/StructureDefinition/oncofair-mr-element-link-type">
      <valueCodeableConcept>
        <coding>
          <system value="http://ltsi.univ-rennes.fr/CodeSystem/siph-type-liaison-oncofair-codesystem"/>
          <code value="COMP"/>
          <display value="Complément"/>
        </coding>
      </valueCodeableConcept>
    </extension>
    <reference value="MedicationRequest/Element"/>
  </basedOn>
  <basedOn>
    <reference value="CarePlan/ExampleOncoFAIRCarePlan"/>
  </basedOn>
  <groupIdentifier>
    <value value="303030"/>
  </groupIdentifier>
  <status value="active"/>
  <intent value="proposal"/>
  <priority value="urgent"/>
  <medication>
    <concept>
      <coding>
        <system value="http://ltsi.univ-rennes.fr/CodeSystem/concept-medication-oncofair-codesystem"/>
        <code value="element"/>
        <display value="element"/>
      </coding>
    </concept>
    <reference>
      <reference value="Medication/ExampleOncoFAIRMedication"/>
    </reference>
  </medication>
  <subject>
    <reference value="Patient/ExampleOncoFAIRPatient"/>
  </subject>
  <requester>
    <reference value="Practitioner/ExampleOncoFAIRPractitioner"/>
  </requester>
  <device>
    <reference>
      <reference value="ExampleOncoFAIRDeviceDefinition"/>
    </reference>
  </device>
  <note id="wording">
    <text value="Paracetamol 500mg Tablet"/>
  </note>
  <note id="indication">
    <text value="Prescribed for headaches"/>
  </note>
  <note id="comments">
    <text value="Administered after meals"/>
  </note>
  <effectiveDosePeriod>
    <start value="2024-06-01T08:00:00Z"/>
    <end value="2024-06-01T09:00:00Z"/>
  </effectiveDosePeriod>
  <dosageInstruction id="element">
    <text value="Description of the dosage"/>
    <additionalInstruction>
      <coding>
        <system value="http://snomed.info/sct"/>
        <code value="311501008"/>
        <display value="Half to one hour before food"/>
      </coding>
    </additionalInstruction>
    <timing>
      <repeat>
        <boundsPeriod>
          <start value="2024-06-01T08:00:00Z"/>
          <end value="2024-06-01T09:00:00Z"/>
        </boundsPeriod>
        <when value="ACM"/>
        <offset value="10"/>
      </repeat>
    </timing>
    <site>
      <coding>
        <system value="http://snomed.info/sct"/>
        <code value="49928004"/>
        <display value="Throat"/>
      </coding>
    </site>
    <route>
      <coding>
        <system value="http://snomed.info/sct"/>
        <code value="26643006"/>
        <display value="Oral route"/>
      </coding>
    </route>
    <method>
      <coding>
        <system value="http://ltsi.univ-rennes.fr/CodeSystem/siph-typeeltpla-oncofair-codesystem"/>
        <code value="MED"/>
        <display value="Médicament"/>
      </coding>
    </method>
  </dosageInstruction>
  <dosageInstruction id="posology">
    <timing>
      <repeat>
        <duration value="1"/>
        <durationUnit value="s"/>
        <frequency value="2"/>
      </repeat>
    </timing>
    <doseAndRate>
      <doseQuantity>
        <value value="250"/>
        <unit value="mg"/>
        <system value="http://unitsofmeasure.org"/>
      </doseQuantity>
      <rateQuantity>
        <value value="50"/>
        <unit value="mg/h"/>
        <system value="http://unitsofmeasure.org"/>
      </rateQuantity>
    </doseAndRate>
  </dosageInstruction>
</MedicationRequest>