<?xml version="1.0" encoding="UTF-8"?>

<ValueSet xmlns="http://hl7.org/fhir">
  <id value="vsMedicationStatus"/>
  <text>
    <status value="generated"/><div xmlns="http://www.w3.org/1999/xhtml"><p class="res-header-id"><b>Generated Narrative: ValueSet vsMedicationStatus</b></p><a name="vsMedicationStatus"> </a><a name="hcvsMedicationStatus"> </a><a name="vsMedicationStatus-en-US"> </a><ul><li>Include all codes defined in <a href="CodeSystem-CSMedicationStatus.html"><code>http://ltsi.univ-rennes.fr/CodeSystem/CSMedicationStatus</code></a></li></ul></div>
  </text>
  <url value="http://ltsi.univ-rennes.fr/ValueSet/vsMedicationStatus"/>
  <version value="0.1.0"/>
  <name value="VSMedicationStatus"/>
  <title value="Medication status"/>
  <status value="draft"/>
  <experimental value="true"/>
  <date value="2025-01-16T12:57:14+00:00"/>
  <publisher value="DOMASIA team of the Signal and Image Processing Laboratory (LTSI) and KEREVAL"/>
  <contact>
    <name value="DOMASIA team of the Signal and Image Processing Laboratory (LTSI) and KEREVAL"/>
    <telecom>
      <system value="url"/>
      <value value="https://ltsi.univ-rennes.fr"/>
    </telecom>
  </contact>
  <description value="ValueSet for medication status."/>
  <compose>
    <include>
      <system value="http://ltsi.univ-rennes.fr/CodeSystem/CSMedicationStatus"/>
    </include>
  </compose>
</ValueSet>