<?xml version="1.0" encoding="UTF-8"?>

<SearchParameter xmlns="http://hl7.org/fhir">
  <id value="oncofair-sp-ma-prescribed-quantity"/>
  <text>
    <status value="generated"/><div xmlns="http://www.w3.org/1999/xhtml"><p class="res-header-id"><b>Generated Narrative: SearchParameter oncofair-sp-ma-prescribed-quantity</b></p><a name="oncofair-sp-ma-prescribed-quantity"> </a><a name="hconcofair-sp-ma-prescribed-quantity"> </a><a name="oncofair-sp-ma-prescribed-quantity-en-US"> </a><h2>OncoFAIRSPMAPrescribedQuantity</h2><p>Parameter <code>ma-prescribed-quantity</code>:<code>quantity</code></p><div><p>Search for the prescribed quantity of the administration element</p>
</div><table class="grid"><tr><td>Resource</td><td><a href="http://hl7.org/fhir/R5/medicationadministration.html">MedicationAdministration</a></td></tr><tr><td>Expression</td><td><code>MedicationAdministration.dosage.dose</code></td></tr><tr><td>Processing Mode</td><td>Normal</td></tr><tr><td>Multiples</td><td><ul><li>multipleAnd: The parameter may repeat in order to specify multiple values that must all be true</li><li>multipleOr: The parameter may have multiple values (separated by comma) where at least one must be true</li></ul></td></tr><tr><td>Comparators</td><td>Allowed: eq, ne, gt, lt, ge, le, sa, eb, ap</td></tr></table></div>
  </text>
  <url value="http://ltsi.univ-rennes.fr/SearchParameter/oncofair-sp-ma-prescribed-quantity"/>
  <version value="0.1.0"/>
  <name value="OncoFAIRSPMAPrescribedQuantity"/>
  <status value="active"/>
  <date value="2024-09-16T08:46:36+00:00"/>
  <publisher value="DOMASIA team of the Signal and Image Processing Laboratory (LTSI) and KEREVAL"/>
  <contact>
    <name value="DOMASIA team of the Signal and Image Processing Laboratory (LTSI) and KEREVAL"/>
    <telecom>
      <system value="url"/>
      <value value="https://ltsi.univ-rennes.fr"/>
    </telecom>
  </contact>
  <description value="Search for the prescribed quantity of the administration element"/>
  <code value="ma-prescribed-quantity"/>
  <base value="MedicationAdministration"/>
  <type value="quantity"/>
  <expression value="MedicationAdministration.dosage.dose"/>
  <processingMode value="normal"/>
  <multipleOr value="true"/>
  <multipleAnd value="true"/>
  <comparator value="eq"/>
  <comparator value="ne"/>
  <comparator value="gt"/>
  <comparator value="lt"/>
  <comparator value="ge"/>
  <comparator value="le"/>
  <comparator value="sa"/>
  <comparator value="eb"/>
  <comparator value="ap"/>
</SearchParameter>