<?xml version="1.0" encoding="UTF-8"?>

<Medication xmlns="http://hl7.org/fhir">
  <id value="exampleOncologyMedicationPENTACARINAT300MG"/>
  <meta>
    <profile value="http://ltsi.univ-rennes.fr/StructureDefinition/OncologyMedication"/>
  </meta>
  <text>
    <status value="generated"/><div xmlns="http://www.w3.org/1999/xhtml"><p><b>Generated Narrative: Medication</b><a name="exampleOncologyMedicationPENTACARINAT300MG"> </a><a name="hcexampleOncologyMedicationPENTACARINAT300MG"> </a></p><div style="display: inline-block; background-color: #d9e0e7; padding: 6px; margin: 4px; border: 1px solid #8da1b4; border-radius: 5px; line-height: 60%"><p style="margin-bottom: 0px">Resource Medication &quot;exampleOncologyMedicationPENTACARINAT300MG&quot; </p><p style="margin-bottom: 0px">Profile: <a href="StructureDefinition-oncology-medication.html">Oncology Medication</a></p></div><p><b>identifier</b>: PENTACARINAT 300MG PDR INJ</p><p><b>code</b>: PENTACARINAT 300MG PDR INJ <span style="background: LightGoldenRodYellow; margin: 4px; border: 1px solid khaki"> (<a href="CodeSystem-CSMedications.html">Medications</a>#9137249)</span></p></div>
  </text>
  <identifier>
    <value value="PENTACARINAT 300MG PDR INJ"/>
  </identifier>
  <code>
    <coding>
      <system value="http://ltsi.univ-rennes.fr/CodeSystem/CSMedications"/>
      <code value="9137249"/>
      <display value="PENTACARINAT 300MG PDR INJ"/>
    </coding>
  </code>
</Medication>