{
  "resourceType" : "CarePlan",
  "id" : "OncoFAIRCarePlan-folfox",
  "meta" : {
    "profile" : ["http://ltsi.univ-rennes.fr/StructureDefinition/oncofair-careplan"]
  },
  "text" : {
    "status" : "extensions",
    "div" : "<div xmlns=\"http://www.w3.org/1999/xhtml\"><p class=\"res-header-id\"><b>Generated Narrative: CarePlan OncoFAIRCarePlan-folfox</b></p><a name=\"OncoFAIRCarePlan-folfox\"> </a><a name=\"hcOncoFAIRCarePlan-folfox\"> </a><a name=\"OncoFAIRCarePlan-folfox-en-US\"> </a><blockquote><p><b>OncoFAIRCPTreatment</b></p><ul><li>treatmentRank: 1</li><li>dayRank: 1</li><li>dateTimeReference: 2024-11-01 10:00:00+0000</li></ul></blockquote><blockquote><p><b>OncoFAIRPharmacistAdvice</b></p><ul><li>pharmacistValidation: <span title=\"Codes:{http://ltsi.univ-rennes.fr/CodeSystem/siph-statutvalidpharm-oncofair-codesystem VAL}\">validée</span></li></ul></blockquote><p><b>identifier</b>: folfox-example</p><p><b>status</b>: Active</p><p><b>intent</b>: Order</p><p><b>title</b>: Folfox</p><p><b>subject</b>: <a href=\"Patient-ExampleOncoFAIRPatient.html\">Anonymous Patient (no stated gender), DoB Unknown ( 123456789)</a></p><p><b>note</b>: Patient diagnosed with condition X requiring protocol Y., Patient responded well to previous treatments.</p></div>"
  },
  "extension" : [{
    "extension" : [{
      "url" : "treatmentRank",
      "valueInteger" : 1
    },
    {
      "url" : "dayRank",
      "valueInteger" : 1
    },
    {
      "url" : "dateTimeReference",
      "valueDateTime" : "2024-11-01T10:00:00Z"
    }],
    "url" : "http://ltsi.univ-rennes.fr/StructureDefinition/oncofair-cp-treatment"
  },
  {
    "extension" : [{
      "url" : "pharmacistValidation",
      "valueCodeableConcept" : {
        "coding" : [{
          "system" : "http://ltsi.univ-rennes.fr/CodeSystem/siph-statutvalidpharm-oncofair-codesystem",
          "code" : "VAL",
          "display" : "validée"
        }]
      }
    }],
    "url" : "http://ltsi.univ-rennes.fr/StructureDefinition/oncofair-pharmacist-advice"
  }],
  "identifier" : [{
    "value" : "folfox-example"
  }],
  "status" : "active",
  "intent" : "order",
  "title" : "Folfox",
  "subject" : {
    "reference" : "Patient/ExampleOncoFAIRPatient"
  },
  "note" : [{
    "id" : "indication",
    "text" : "Patient diagnosed with condition X requiring protocol Y."
  },
  {
    "id" : "comments",
    "text" : "Patient responded well to previous treatments."
  }]
}