{
  "resourceType" : "Medication",
  "id" : "exampleOncologyMedication5FLUOROURACILE5g",
  "meta" : {
    "profile" : ["http://ltsi.univ-rennes.fr/StructureDefinition/oncology-medication"]
  },
  "text" : {
    "status" : "extensions",
    "div" : "<div xmlns=\"http://www.w3.org/1999/xhtml\"><p><b>Generated Narrative: Medication </b><a name=\"exampleOncologyMedication5FLUOROURACILE5g\"> </a><a name=\"hcexampleOncologyMedication5FLUOROURACILE5g\"> </a></p><div style=\"display: inline-block; background-color: #d9e0e7; padding: 6px; margin: 4px; border: 1px solid #8da1b4; border-radius: 5px; line-height: 60%\"><p style=\"margin-bottom: 0px\">ResourceMedication &quot;exampleOncologyMedication5FLUOROURACILE5g&quot; </p><p style=\"margin-bottom: 0px\">Profile: <a href=\"StructureDefinition-oncology-medication.html\">Oncology Medication</a></p></div><p><b>Medication type</b>: principe actif <span style=\"background: LightGoldenRodYellow; margin: 4px; border: 1px solid khaki\"> (<a href=\"CodeSystem-CSMedicationTypes.html\">Medication types</a>#3)</span></p><p><b>Medication Is Vehicle</b>: false</p><p><b>identifier</b>: 5-FLUOROURACILE 5 g</p><p><b>code</b>: 5-FLUOROURACILE 5 g <span style=\"background: LightGoldenRodYellow; margin: 4px; border: 1px solid khaki\"> (<a href=\"CodeSystem-CSMedications.html\">Medications</a>#9334872)</span></p></div>"
  },
  "extension" : [{
    "url" : "http://ltsi.univ-rennes.fr/StructureDefinition/medication-type",
    "valueCodeableConcept" : {
      "coding" : [{
        "system" : "http://ltsi.univ-rennes.fr/CodeSystem/CSMedicationTypes",
        "code" : "3",
        "display" : "principe actif"
      }]
    }
  },
  {
    "url" : "http://ltsi.univ-rennes.fr/StructureDefinition/medication-is-vehicle",
    "valueBoolean" : false
  }],
  "identifier" : [{
    "value" : "5-FLUOROURACILE 5 g"
  }],
  "code" : {
    "coding" : [{
      "system" : "http://ltsi.univ-rennes.fr/CodeSystem/CSMedications",
      "code" : "9334872",
      "display" : "5-FLUOROURACILE 5 g"
    }]
  }
}