[
  {
    "id" : "CSCommunicationModes",
    "type" : "CodeSystem",
    "url" : "http://ltsi.univ-rennes.fr/CodeSystem/CSCommunicationModes",
    "version" : "0.1.0",
    "name" : "CSCommunicationModes"
  },
  {
    "id" : "CSLOINC",
    "type" : "CodeSystem",
    "url" : "http://ltsi.univ-rennes.fr/CodeSystem/CSLOINC",
    "version" : "0.1.0",
    "name" : "CSLOINC"
  },
  {
    "id" : "CSMedicalUnits",
    "type" : "CodeSystem",
    "url" : "http://ltsi.univ-rennes.fr/CodeSystem/CSMedicalUnits",
    "version" : "0.1.0",
    "name" : "CSMedicalUnits"
  },
  {
    "id" : "CSMedicationTypes",
    "type" : "CodeSystem",
    "url" : "http://ltsi.univ-rennes.fr/CodeSystem/CSMedicationTypes",
    "version" : "0.1.0",
    "name" : "CSMedicationTypes"
  },
  {
    "id" : "CSMedications",
    "type" : "CodeSystem",
    "url" : "http://ltsi.univ-rennes.fr/CodeSystem/CSMedications",
    "version" : "0.1.0",
    "name" : "CSMedications"
  },
  {
    "id" : "CSPrescriptionStatus",
    "type" : "CodeSystem",
    "url" : "http://ltsi.univ-rennes.fr/CodeSystem/CSPrescriptionStatus",
    "version" : "0.1.0",
    "name" : "CSPrescriptionStatus"
  },
  {
    "id" : "CSSCT",
    "type" : "CodeSystem",
    "url" : "http://ltsi.univ-rennes.fr/CodeSystem/CSSCT",
    "version" : "0.1.0",
    "name" : "CSSCT"
  },
  {
    "id" : "ltsi.fhir.oncofair",
    "type" : "ImplementationGuide",
    "url" : "http://ltsi.univ-rennes.fr/ImplementationGuide/ltsi.fhir.oncofair",
    "version" : "0.1.0",
    "name" : "OncoFAIR"
  },
  {
    "id" : "exampleProtocol",
    "type" : "PlanDefinition",
    "url" : "http://ltsi.univ-rennes.fr/PlanDefinition/exampleProtocol",
    "version" : "0.1.0",
    "name" : "FOLFOX 4"
  },
  {
    "id" : "accomodation-unit",
    "type" : "StructureDefinition",
    "url" : "http://ltsi.univ-rennes.fr/StructureDefinition/AccomodationUnit",
    "version" : "0.1.0",
    "name" : "AccomodationUnit"
  },
  {
    "id" : "additional-information",
    "type" : "StructureDefinition",
    "url" : "http://ltsi.univ-rennes.fr/StructureDefinition/AdditionalInformation",
    "version" : "0.1.0",
    "name" : "AdditionalInformation"
  },
  {
    "id" : "administration-report",
    "type" : "StructureDefinition",
    "url" : "http://ltsi.univ-rennes.fr/StructureDefinition/AdministrationReport",
    "version" : "0.1.0",
    "name" : "AdministrationReport"
  },
  {
    "id" : "associated-device",
    "type" : "StructureDefinition",
    "url" : "http://ltsi.univ-rennes.fr/StructureDefinition/AssociatedDevice",
    "version" : "0.1.0",
    "name" : "AssociatedDevice"
  },
  {
    "id" : "Medical-liability-unit",
    "type" : "StructureDefinition",
    "url" : "http://ltsi.univ-rennes.fr/StructureDefinition/MedicalLiabilityUnit",
    "version" : "0.1.0",
    "name" : "MedicalLiabilityUnit"
  },
  {
    "id" : "oncology-medication",
    "type" : "StructureDefinition",
    "url" : "http://ltsi.univ-rennes.fr/StructureDefinition/OncologyMedication",
    "version" : "0.1.0",
    "name" : "OncologyMedication"
  },
  {
    "id" : "oncology-patient",
    "type" : "StructureDefinition",
    "url" : "http://ltsi.univ-rennes.fr/StructureDefinition/OncologyPatient",
    "version" : "0.1.0",
    "name" : "OncologyPatient"
  },
  {
    "id" : "oncology-practitioner",
    "type" : "StructureDefinition",
    "url" : "http://ltsi.univ-rennes.fr/StructureDefinition/OncologyPractitioner",
    "version" : "0.1.0",
    "name" : "OncologyPractitioner"
  },
  {
    "id" : "prescription",
    "type" : "StructureDefinition",
    "url" : "http://ltsi.univ-rennes.fr/StructureDefinition/Prescription",
    "version" : "0.1.0",
    "name" : "Prescription"
  },
  {
    "id" : "prescription-item",
    "type" : "StructureDefinition",
    "url" : "http://ltsi.univ-rennes.fr/StructureDefinition/PrescriptionItem",
    "version" : "0.1.0",
    "name" : "PrescriptionItem"
  },
  {
    "id" : "protocol",
    "type" : "StructureDefinition",
    "url" : "http://ltsi.univ-rennes.fr/StructureDefinition/Protocol",
    "version" : "0.1.0",
    "name" : "Protocol"
  },
  {
    "id" : "Stay",
    "type" : "StructureDefinition",
    "url" : "http://ltsi.univ-rennes.fr/StructureDefinition/Stay",
    "version" : "0.1.0",
    "name" : "Stay"
  },
  {
    "id" : "cure-cycle-number",
    "type" : "StructureDefinition",
    "url" : "http://ltsi.univ-rennes.fr/StructureDefinition/cure-cycle-number",
    "version" : "0.1.0",
    "name" : "CureCycleNumber"
  },
  {
    "id" : "day-number",
    "type" : "StructureDefinition",
    "url" : "http://ltsi.univ-rennes.fr/StructureDefinition/day-number",
    "version" : "0.1.0",
    "name" : "DayNumber"
  },
  {
    "id" : "vsCommunicationModes",
    "type" : "ValueSet",
    "url" : "http://ltsi.univ-rennes.fr/ValueSet/vsCommunicationModes",
    "version" : "0.1.0",
    "name" : "VSCommunicationModes"
  },
  {
    "id" : "vsLOINC",
    "type" : "ValueSet",
    "url" : "http://ltsi.univ-rennes.fr/ValueSet/vsLOINC",
    "version" : "0.1.0",
    "name" : "VSLOINC"
  },
  {
    "id" : "vsMedicalUnits",
    "type" : "ValueSet",
    "url" : "http://ltsi.univ-rennes.fr/ValueSet/vsMedicalUnits",
    "version" : "0.1.0",
    "name" : "VSMedicalUnits"
  },
  {
    "id" : "vsMedicationTypes",
    "type" : "ValueSet",
    "url" : "http://ltsi.univ-rennes.fr/ValueSet/vsMedicationTypes",
    "version" : "0.1.0",
    "name" : "VSMedicationTypes"
  },
  {
    "id" : "vsMedications",
    "type" : "ValueSet",
    "url" : "http://ltsi.univ-rennes.fr/ValueSet/vsMedications",
    "version" : "0.1.0",
    "name" : "VSMedications"
  },
  {
    "id" : "vsPrescriptionStatus",
    "type" : "ValueSet",
    "url" : "http://ltsi.univ-rennes.fr/ValueSet/vsPrescriptionStatus",
    "version" : "0.1.0",
    "name" : "VSPrescriptionStatus"
  },
  {
    "id" : "vsSCT",
    "type" : "ValueSet",
    "url" : "http://ltsi.univ-rennes.fr/ValueSet/vsSCT",
    "version" : "0.1.0",
    "name" : "VSSCT"
  }
]
