URL,Version,Status,OIDs,Name,Title,Descriptino,Used
http://ltsi.univ-rennes.fr/CodeSystem/CSCommunicationModes,0.1.0,draft,,CSCommunicationModes,Communication modes,"CodeSystem for french communication modes (incremental, summary).","ValueSet/vsCommunicationModes"
http://ltsi.univ-rennes.fr/CodeSystem/CSLOINC,0.1.0,draft,,CSLOINC,LOINC codes,"LOINC CodeSystem.","ValueSet/vsLOINC"
http://ltsi.univ-rennes.fr/CodeSystem/CSMedicalUnits,0.1.0,draft,,CSMedicalUnits,Medical units,"CodeSystem for french medical units (accommodation, medical liability unit).","ValueSet/vsMedicalUnits"
http://ltsi.univ-rennes.fr/CodeSystem/CSMedicationTypes,0.1.0,draft,,CSMedicationTypes,Medication types,"CodeSystem for french medication types.","ValueSet/vsMedicationTypes"
http://ltsi.univ-rennes.fr/CodeSystem/CSMedications,0.1.0,draft,,CSMedications,Medications,"CodeSystem for french medications.","ValueSet/vsMedications"
http://ltsi.univ-rennes.fr/CodeSystem/CSPrescriptionStatus,0.1.0,draft,,CSPrescriptionStatus,Prescription status,"CodeSystem for french prescription status (creation, stop, modification, validation).","ValueSet/vsPrescriptionStatus"
http://ltsi.univ-rennes.fr/CodeSystem/CSSCT,0.1.0,draft,,CSSCT,SNOMED CT Codes,"SNOMED CT code system.","ValueSet/vsSCT"
