<?xml version="1.0" encoding="UTF-8"?>

<ImplementationGuide xmlns="http://hl7.org/fhir">
  <id value="ltsi.fhir.oncofair"/>
  <text>
    <status value="extensions"/><div xmlns="http://www.w3.org/1999/xhtml"><h2>OncoFAIR</h2><p>The official URL for this implementation guide is: </p><pre>http://ltsi.univ-rennes.fr/ImplementationGuide/ltsi.fhir.oncofair</pre><div><p>The Onco-FAIR implementation guide reports on the implementation of prescribing and medication administration in oncology.</p>
</div></div>
  </text>
  <url value="http://ltsi.univ-rennes.fr/ImplementationGuide/ltsi.fhir.oncofair"/>
  <version value="0.1.0"/>
  <name value="OncoFAIR"/>
  <title value="Onco-FAIR"/>
  <status value="draft"/>
  <date value="2024-03-22T09:51:44+00:00"/>
  <publisher value="DOMASIA team of the Signal and Image Processing Laboratory (LTSI) and KEREVAL"/>
  <contact>
    <name value="DOMASIA team of the Signal and Image Processing Laboratory (LTSI) and KEREVAL"/>
    <telecom>
      <system value="url"/>
      <value value="https://ltsi.univ-rennes.fr"/>
    </telecom>
    <telecom>
      <system value="email"/>
      <value value="test@example.org"/>
    </telecom>
  </contact>
  <description value="The Onco-FAIR implementation guide reports on the implementation of prescribing and medication administration in oncology."/>
  <packageId value="ltsi.fhir.oncofair"/>
  <license value="CC0-1.0"/>
  <fhirVersion value="5.0.0"/>
  <dependsOn id="hl7tx">
    <extension url="http://hl7.org/fhir/tools/StructureDefinition/implementationguide-dependency-comment">
      <valueMarkdown value="Automatically added as a dependency - all IGs depend on HL7 Terminology"/>
    </extension>
    <uri value="http://terminology.hl7.org/ImplementationGuide/hl7.terminology"/>
    <packageId value="hl7.terminology.r5"/>
    <version value="5.3.0"/>
  </dependsOn>
  <dependsOn id="hl7ext">
    <extension url="http://hl7.org/fhir/tools/StructureDefinition/implementationguide-dependency-comment">
      <valueMarkdown value="Automatically added as a dependency - all IGs depend on the HL7 Extension Pack"/>
    </extension>
    <uri value="http://hl7.org/fhir/extensions/ImplementationGuide/hl7.fhir.uv.extensions"/>
    <packageId value="hl7.fhir.uv.extensions.r5"/>
    <version value="1.0.0"/>
  </dependsOn>
  <definition>
    <extension url="http://hl7.org/fhir/tools/StructureDefinition/ig-internal-dependency">
      <valueCode value="hl7.fhir.uv.tools#0.1.0"/>
    </extension>
    <resource>
      <extension url="http://hl7.org/fhir/tools/StructureDefinition/resource-information">
        <valueString value="StructureDefinition:resource"/>
      </extension>
      <reference>
        <reference value="StructureDefinition/accomodation-unit"/>
      </reference>
      <name value="Accomodation Unit"/>
      <description value="Accomodation unit."/>
      <isExample value="false"/>
    </resource>
    <resource>
      <extension url="http://hl7.org/fhir/tools/StructureDefinition/resource-information">
        <valueString value="StructureDefinition:resource"/>
      </extension>
      <reference>
        <reference value="StructureDefinition/additional-information"/>
      </reference>
      <name value="Additional Information"/>
      <description value="Additional information, such as height or weight."/>
      <isExample value="false"/>
    </resource>
    <resource>
      <extension url="http://hl7.org/fhir/tools/StructureDefinition/resource-information">
        <valueString value="StructureDefinition:resource"/>
      </extension>
      <reference>
        <reference value="StructureDefinition/administration-report"/>
      </reference>
      <name value="Administration Report"/>
      <description value="Prescribed medication administration report."/>
      <isExample value="false"/>
    </resource>
    <resource>
      <extension url="http://hl7.org/fhir/tools/StructureDefinition/resource-information">
        <valueString value="StructureDefinition:resource"/>
      </extension>
      <reference>
        <reference value="StructureDefinition/associated-device"/>
      </reference>
      <name value="Associated Device"/>
      <description value="A device associated with a medication for its administration."/>
      <isExample value="false"/>
    </resource>
    <resource>
      <extension url="http://hl7.org/fhir/tools/StructureDefinition/resource-information">
        <valueString value="ValueSet"/>
      </extension>
      <reference>
        <reference value="ValueSet/vsLOINC"/>
      </reference>
      <name value="Codes LOINC"/>
      <description value="ValueSet of LOINC codes."/>
      <isExample value="false"/>
    </resource>
    <resource>
      <extension url="http://hl7.org/fhir/tools/StructureDefinition/resource-information">
        <valueString value="ValueSet"/>
      </extension>
      <reference>
        <reference value="ValueSet/vsCommunicationModes"/>
      </reference>
      <name value="Communication modes"/>
      <description value="ValueSet for communication modes (incremental, summary)."/>
      <isExample value="false"/>
    </resource>
    <resource>
      <extension url="http://hl7.org/fhir/tools/StructureDefinition/resource-information">
        <valueString value="CodeSystem"/>
      </extension>
      <reference>
        <reference value="CodeSystem/CSCommunicationModes"/>
      </reference>
      <name value="Communication modes"/>
      <description value="CodeSystem for french communication modes (incremental, summary)."/>
      <isExample value="false"/>
    </resource>
    <resource>
      <extension url="http://hl7.org/fhir/tools/StructureDefinition/resource-information">
        <valueString value="StructureDefinition:extension"/>
      </extension>
      <reference>
        <reference value="StructureDefinition/cure-cycle-number"/>
      </reference>
      <name value="Cure cycle number"/>
      <description value="Cure cycle number."/>
      <isExample value="false"/>
    </resource>
    <resource>
      <extension url="http://hl7.org/fhir/tools/StructureDefinition/resource-information">
        <valueString value="StructureDefinition:extension"/>
      </extension>
      <reference>
        <reference value="StructureDefinition/day-number"/>
      </reference>
      <name value="Day number"/>
      <description value="Treatment day number."/>
      <isExample value="false"/>
    </resource>
    <resource>
      <extension url="http://hl7.org/fhir/tools/StructureDefinition/resource-information">
        <valueString value="Location"/>
      </extension>
      <reference>
        <reference value="Location/exampleAccomodationUnit"/>
      </reference>
      <name value="exampleAccomodationUnit"/>
      <description value="SAB accomodation unit."/>
      <isExample value="true"/>
      <profile value="http://ltsi.univ-rennes.fr/StructureDefinition/AccomodationUnit"/>
    </resource>
    <resource>
      <extension url="http://hl7.org/fhir/tools/StructureDefinition/resource-information">
        <valueString value="Observation"/>
      </extension>
      <reference>
        <reference value="Observation/exampleAdditionalInformationHeight"/>
      </reference>
      <name value="exampleAdditionalInformationHeight"/>
      <description value="Additional information about height."/>
      <isExample value="true"/>
      <profile value="http://ltsi.univ-rennes.fr/StructureDefinition/AdditionalInformation"/>
    </resource>
    <resource>
      <extension url="http://hl7.org/fhir/tools/StructureDefinition/resource-information">
        <valueString value="Observation"/>
      </extension>
      <reference>
        <reference value="Observation/exampleAdditionalInformationWeight"/>
      </reference>
      <name value="exampleAdditionalInformationWeight"/>
      <description value="Additional information about weight."/>
      <isExample value="true"/>
      <profile value="http://ltsi.univ-rennes.fr/StructureDefinition/AdditionalInformation"/>
    </resource>
    <resource>
      <extension url="http://hl7.org/fhir/tools/StructureDefinition/resource-information">
        <valueString value="MedicationAdministration"/>
      </extension>
      <reference>
        <reference value="MedicationAdministration/exampleAdministrationReportBACTRIMFORTE"/>
      </reference>
      <name value="exampleAdministrationReportBACTRIMFORTE"/>
      <description value="BACTRIMFORTE medication administration report."/>
      <isExample value="true"/>
      <profile value="http://ltsi.univ-rennes.fr/StructureDefinition/AdministrationReport"/>
    </resource>
    <resource>
      <extension url="http://hl7.org/fhir/tools/StructureDefinition/resource-information">
        <valueString value="DeviceDefinition"/>
      </extension>
      <reference>
        <reference value="DeviceDefinition/exampleAssociatedDeviceNEBUL"/>
      </reference>
      <name value="exampleAssociatedDeviceNEBUL"/>
      <description value="Associated device: NEBUL."/>
      <isExample value="true"/>
      <profile value="http://ltsi.univ-rennes.fr/StructureDefinition/AssociatedDevice"/>
    </resource>
    <resource>
      <extension url="http://hl7.org/fhir/tools/StructureDefinition/resource-information">
        <valueString value="Organization"/>
      </extension>
      <reference>
        <reference value="Organization/exampleMedicalLiabilityUnit"/>
      </reference>
      <name value="exampleMedicalLiabilityUnit"/>
      <description value="HCMED Medical liability unit."/>
      <isExample value="true"/>
      <profile value="http://ltsi.univ-rennes.fr/StructureDefinition/MedicalLiabilityUnit"/>
    </resource>
    <resource>
      <extension url="http://hl7.org/fhir/tools/StructureDefinition/resource-information">
        <valueString value="Medication"/>
      </extension>
      <reference>
        <reference value="Medication/exampleOncologyMedicationBACTRIMFORTE"/>
      </reference>
      <name value="exampleOncologyMedicationBACTRIMFORTE"/>
      <description value="Medication: BACTRIM FORTE 800MG/160MG CPR."/>
      <isExample value="true"/>
      <profile value="http://ltsi.univ-rennes.fr/StructureDefinition/OncologyMedication"/>
    </resource>
    <resource>
      <extension url="http://hl7.org/fhir/tools/StructureDefinition/resource-information">
        <valueString value="Medication"/>
      </extension>
      <reference>
        <reference value="Medication/exampleOncologyMedicationDOLIPRANE"/>
      </reference>
      <name value="exampleOncologyMedicationDOLIPRANE"/>
      <description value="Medication: DOLIPRANE 2,4% BUV SS SUCRE FL 100ML."/>
      <isExample value="true"/>
      <profile value="http://ltsi.univ-rennes.fr/StructureDefinition/OncologyMedication"/>
    </resource>
    <resource>
      <extension url="http://hl7.org/fhir/tools/StructureDefinition/resource-information">
        <valueString value="Medication"/>
      </extension>
      <reference>
        <reference value="Medication/exampleOncologyMedicationOXALIPLATINE200mg"/>
      </reference>
      <name value="exampleOncologyMedicationOXALIPLATINE200mg"/>
      <description value="Medication: OXALIPLATINE 200 mg."/>
      <isExample value="true"/>
      <profile value="http://ltsi.univ-rennes.fr/StructureDefinition/OncologyMedication"/>
    </resource>
    <resource>
      <extension url="http://hl7.org/fhir/tools/StructureDefinition/resource-information">
        <valueString value="Medication"/>
      </extension>
      <reference>
        <reference value="Medication/exampleOncologyMedicationOXYCODONELP10MGVIATRIS"/>
      </reference>
      <name value="exampleOncologyMedicationOXYCODONELP10MGVIATRIS"/>
      <description value="Medication: OXYCODONE LP 10 MG VIATRIS, CPR À LIBÉRATION PROLONGÉE."/>
      <isExample value="true"/>
      <profile value="http://ltsi.univ-rennes.fr/StructureDefinition/OncologyMedication"/>
    </resource>
    <resource>
      <extension url="http://hl7.org/fhir/tools/StructureDefinition/resource-information">
        <valueString value="Medication"/>
      </extension>
      <reference>
        <reference value="Medication/exampleOncologyMedicationPENTACARINAT300MG"/>
      </reference>
      <name value="exampleOncologyMedicationPENTACARINAT300MG"/>
      <description value="Medication: PENTACARINAT 300MG PDR INJ."/>
      <isExample value="true"/>
      <profile value="http://ltsi.univ-rennes.fr/StructureDefinition/OncologyMedication"/>
    </resource>
    <resource>
      <extension url="http://hl7.org/fhir/tools/StructureDefinition/resource-information">
        <valueString value="Medication"/>
      </extension>
      <reference>
        <reference value="Medication/exampleOncologyMedicationPROFENID50MG"/>
      </reference>
      <name value="exampleOncologyMedicationPROFENID50MG"/>
      <description value="Medication: PROFENID 50 MG, GÉLULE."/>
      <isExample value="true"/>
      <profile value="http://ltsi.univ-rennes.fr/StructureDefinition/OncologyMedication"/>
    </resource>
    <resource>
      <extension url="http://hl7.org/fhir/tools/StructureDefinition/resource-information">
        <valueString value="Medication"/>
      </extension>
      <reference>
        <reference value="Medication/exampleOncologyMedicationVITB12"/>
      </reference>
      <name value="exampleOncologyMedicationVITB12"/>
      <description value="Medication: VIT B12 DEL 1MG/2ML INJ BUV AMP."/>
      <isExample value="true"/>
      <profile value="http://ltsi.univ-rennes.fr/StructureDefinition/OncologyMedication"/>
    </resource>
    <resource>
      <extension url="http://hl7.org/fhir/tools/StructureDefinition/resource-information">
        <valueString value="Patient"/>
      </extension>
      <reference>
        <reference value="Patient/exampleOncologyPatient"/>
      </reference>
      <name value="exampleOncologyPatient"/>
      <description value="Patient of IPP 99999."/>
      <isExample value="true"/>
      <profile value="http://ltsi.univ-rennes.fr/StructureDefinition/OncologyPatient"/>
    </resource>
    <resource>
      <extension url="http://hl7.org/fhir/tools/StructureDefinition/resource-information">
        <valueString value="Practitioner"/>
      </extension>
      <reference>
        <reference value="Practitioner/exampleOncologyPractitioner"/>
      </reference>
      <name value="exampleOncologyPractitioner"/>
      <description value="Administration report prescriber."/>
      <isExample value="true"/>
      <profile value="http://ltsi.univ-rennes.fr/StructureDefinition/OncologyPractitioner"/>
    </resource>
    <resource>
      <extension url="http://hl7.org/fhir/tools/StructureDefinition/resource-information">
        <valueString value="CarePlan"/>
      </extension>
      <reference>
        <reference value="CarePlan/examplePrescription"/>
      </reference>
      <name value="examplePrescription"/>
      <description value="Medication prescription."/>
      <isExample value="true"/>
      <profile value="http://ltsi.univ-rennes.fr/StructureDefinition/Prescription"/>
    </resource>
    <resource>
      <extension url="http://hl7.org/fhir/tools/StructureDefinition/resource-information">
        <valueString value="MedicationRequest"/>
      </extension>
      <reference>
        <reference value="MedicationRequest/examplePrescriptionItemBACTRIMFORTE"/>
      </reference>
      <name value="examplePrescriptionItemBACTRIMFORTE"/>
      <description value="Prescription item related to the medication BACTRIM FORTE 800MG/160MG CPR."/>
      <isExample value="true"/>
      <profile value="http://ltsi.univ-rennes.fr/StructureDefinition/PrescriptionItem"/>
    </resource>
    <resource>
      <extension url="http://hl7.org/fhir/tools/StructureDefinition/resource-information">
        <valueString value="MedicationRequest"/>
      </extension>
      <reference>
        <reference value="MedicationRequest/examplePrescriptionItemDOLIPRANE"/>
      </reference>
      <name value="examplePrescriptionItemDOLIPRANE"/>
      <description value="Prescription item related to the medication DOLIPRANE 2.4% BUV SS SUGAR FL 100ML."/>
      <isExample value="true"/>
      <profile value="http://ltsi.univ-rennes.fr/StructureDefinition/PrescriptionItem"/>
    </resource>
    <resource>
      <extension url="http://hl7.org/fhir/tools/StructureDefinition/resource-information">
        <valueString value="MedicationRequest"/>
      </extension>
      <reference>
        <reference value="MedicationRequest/examplePrescriptionItemOXALIPLATINE200mg"/>
      </reference>
      <name value="examplePrescriptionItemOXALIPLATINE200mg"/>
      <description value="Prescription item related to the medication OXALIPLATINE 200 mg."/>
      <isExample value="true"/>
      <profile value="http://ltsi.univ-rennes.fr/StructureDefinition/PrescriptionItem"/>
    </resource>
    <resource>
      <extension url="http://hl7.org/fhir/tools/StructureDefinition/resource-information">
        <valueString value="MedicationRequest"/>
      </extension>
      <reference>
        <reference value="MedicationRequest/examplePrescriptionItemOXYCODONELP10MGVIATRIS"/>
      </reference>
      <name value="examplePrescriptionItemOXYCODONELP10MGVIATRIS"/>
      <description value="Prescription item related to the medication OXYCODONE LP 10 MG VIATRIS."/>
      <isExample value="true"/>
      <profile value="http://ltsi.univ-rennes.fr/StructureDefinition/PrescriptionItem"/>
    </resource>
    <resource>
      <extension url="http://hl7.org/fhir/tools/StructureDefinition/resource-information">
        <valueString value="MedicationRequest"/>
      </extension>
      <reference>
        <reference value="MedicationRequest/examplePrescriptionItemPENTACARINAT300MG"/>
      </reference>
      <name value="examplePrescriptionItemPENTACARINAT300MG"/>
      <description value="Prescription item related to the medication PENTACARINAT 300MG PDR INJ."/>
      <isExample value="true"/>
      <profile value="http://ltsi.univ-rennes.fr/StructureDefinition/PrescriptionItem"/>
    </resource>
    <resource>
      <extension url="http://hl7.org/fhir/tools/StructureDefinition/resource-information">
        <valueString value="MedicationRequest"/>
      </extension>
      <reference>
        <reference value="MedicationRequest/examplePrescriptionItemPROFENID50MG"/>
      </reference>
      <name value="examplePrescriptionItemPROFENID50MG"/>
      <description value="Prescription item related to the medication PROFENID 50 MG."/>
      <isExample value="true"/>
      <profile value="http://ltsi.univ-rennes.fr/StructureDefinition/PrescriptionItem"/>
    </resource>
    <resource>
      <extension url="http://hl7.org/fhir/tools/StructureDefinition/resource-information">
        <valueString value="MedicationRequest"/>
      </extension>
      <reference>
        <reference value="MedicationRequest/examplePrescriptionItemVITB12"/>
      </reference>
      <name value="examplePrescriptionItemVITB12"/>
      <description value="Prescription item related to the medication VIT B12 DEL 1MG/2ML INJ BUV AMP."/>
      <isExample value="true"/>
      <profile value="http://ltsi.univ-rennes.fr/StructureDefinition/PrescriptionItem"/>
    </resource>
    <resource>
      <extension url="http://hl7.org/fhir/tools/StructureDefinition/resource-information">
        <valueString value="Encounter"/>
      </extension>
      <reference>
        <reference value="Encounter/exampleStay"/>
      </reference>
      <name value="exampleStay"/>
      <description value="Stay of ID 111111."/>
      <isExample value="true"/>
      <profile value="http://ltsi.univ-rennes.fr/StructureDefinition/Stay"/>
    </resource>
    <resource>
      <extension url="http://hl7.org/fhir/tools/StructureDefinition/resource-information">
        <valueString value="CodeSystem"/>
      </extension>
      <reference>
        <reference value="CodeSystem/CSLOINC"/>
      </reference>
      <name value="LOINC codes"/>
      <description value="LOINC CodeSystem."/>
      <isExample value="false"/>
    </resource>
    <resource>
      <extension url="http://hl7.org/fhir/tools/StructureDefinition/resource-information">
        <valueString value="StructureDefinition:resource"/>
      </extension>
      <reference>
        <reference value="StructureDefinition/Medical-liability-unit"/>
      </reference>
      <name value="Medical Liability Unit"/>
      <description value="Medical liability unit."/>
      <isExample value="false"/>
    </resource>
    <resource>
      <extension url="http://hl7.org/fhir/tools/StructureDefinition/resource-information">
        <valueString value="ValueSet"/>
      </extension>
      <reference>
        <reference value="ValueSet/vsMedicalUnits"/>
      </reference>
      <name value="Medical units"/>
      <description value="ValueSet for medical units (accommodation, medical liability unit)."/>
      <isExample value="false"/>
    </resource>
    <resource>
      <extension url="http://hl7.org/fhir/tools/StructureDefinition/resource-information">
        <valueString value="CodeSystem"/>
      </extension>
      <reference>
        <reference value="CodeSystem/CSMedicalUnits"/>
      </reference>
      <name value="Medical units"/>
      <description value="CodeSystem for french medical units (accommodation, medical liability unit)."/>
      <isExample value="false"/>
    </resource>
    <resource>
      <extension url="http://hl7.org/fhir/tools/StructureDefinition/resource-information">
        <valueString value="CodeSystem"/>
      </extension>
      <reference>
        <reference value="CodeSystem/CSMedicationTypes"/>
      </reference>
      <name value="Medication types"/>
      <description value="CodeSystem for french medication types."/>
      <isExample value="false"/>
    </resource>
    <resource>
      <extension url="http://hl7.org/fhir/tools/StructureDefinition/resource-information">
        <valueString value="ValueSet"/>
      </extension>
      <reference>
        <reference value="ValueSet/vsMedications"/>
      </reference>
      <name value="Medications"/>
      <description value="ValueSet for medications."/>
      <isExample value="false"/>
    </resource>
    <resource>
      <extension url="http://hl7.org/fhir/tools/StructureDefinition/resource-information">
        <valueString value="CodeSystem"/>
      </extension>
      <reference>
        <reference value="CodeSystem/CSMedications"/>
      </reference>
      <name value="Medications"/>
      <description value="CodeSystem for french medications."/>
      <isExample value="false"/>
    </resource>
    <resource>
      <extension url="http://hl7.org/fhir/tools/StructureDefinition/resource-information">
        <valueString value="StructureDefinition:resource"/>
      </extension>
      <reference>
        <reference value="StructureDefinition/oncology-medication"/>
      </reference>
      <name value="Oncology Medication"/>
      <description value="Medication used in oncology."/>
      <isExample value="false"/>
    </resource>
    <resource>
      <extension url="http://hl7.org/fhir/tools/StructureDefinition/resource-information">
        <valueString value="StructureDefinition:resource"/>
      </extension>
      <reference>
        <reference value="StructureDefinition/oncology-patient"/>
      </reference>
      <name value="Oncology Patient"/>
      <description value="Patient receiving medical treatment in oncology."/>
      <isExample value="false"/>
    </resource>
    <resource>
      <extension url="http://hl7.org/fhir/tools/StructureDefinition/resource-information">
        <valueString value="StructureDefinition:resource"/>
      </extension>
      <reference>
        <reference value="StructureDefinition/oncology-practitioner"/>
      </reference>
      <name value="Oncology Practitioner"/>
      <description value="Oncology practitioner."/>
      <isExample value="false"/>
    </resource>
    <resource>
      <extension url="http://hl7.org/fhir/tools/StructureDefinition/resource-information">
        <valueString value="StructureDefinition:resource"/>
      </extension>
      <reference>
        <reference value="StructureDefinition/prescription"/>
      </reference>
      <name value="Prescription"/>
      <description value="Medication prescription."/>
      <isExample value="false"/>
    </resource>
    <resource>
      <extension url="http://hl7.org/fhir/tools/StructureDefinition/resource-information">
        <valueString value="StructureDefinition:resource"/>
      </extension>
      <reference>
        <reference value="StructureDefinition/prescription-item"/>
      </reference>
      <name value="Prescription Item"/>
      <description value="Prescription item."/>
      <isExample value="false"/>
    </resource>
    <resource>
      <extension url="http://hl7.org/fhir/tools/StructureDefinition/resource-information">
        <valueString value="ValueSet"/>
      </extension>
      <reference>
        <reference value="ValueSet/vsPrescriptionStatus"/>
      </reference>
      <name value="Prescription status"/>
      <description value="ValueSet for PlanDefinition types, extended to include creation, stop, modification and validation."/>
      <isExample value="false"/>
    </resource>
    <resource>
      <extension url="http://hl7.org/fhir/tools/StructureDefinition/resource-information">
        <valueString value="CodeSystem"/>
      </extension>
      <reference>
        <reference value="CodeSystem/CSPrescriptionStatus"/>
      </reference>
      <name value="Prescription status"/>
      <description value="CodeSystem for french prescription status (creation, stop, modification, validation)."/>
      <isExample value="false"/>
    </resource>
    <resource>
      <extension url="http://hl7.org/fhir/tools/StructureDefinition/resource-information">
        <valueString value="StructureDefinition:resource"/>
      </extension>
      <reference>
        <reference value="StructureDefinition/protocol"/>
      </reference>
      <name value="Protocol"/>
      <description value="Protocol."/>
      <isExample value="false"/>
    </resource>
    <resource>
      <extension url="http://hl7.org/fhir/tools/StructureDefinition/resource-information">
        <valueString value="PlanDefinition"/>
      </extension>
      <reference>
        <reference value="PlanDefinition/exampleProtocol"/>
      </reference>
      <name value="Protocol - FOLFOX 4"/>
      <description value="Prescribed protocol."/>
      <isExample value="true"/>
      <profile value="http://ltsi.univ-rennes.fr/StructureDefinition/Protocol"/>
    </resource>
    <resource>
      <extension url="http://hl7.org/fhir/tools/StructureDefinition/resource-information">
        <valueString value="ValueSet"/>
      </extension>
      <reference>
        <reference value="ValueSet/vsSCT"/>
      </reference>
      <name value="SNOMED CT codes"/>
      <description value="ValueSet of SNOMED CT codes."/>
      <isExample value="false"/>
    </resource>
    <resource>
      <extension url="http://hl7.org/fhir/tools/StructureDefinition/resource-information">
        <valueString value="CodeSystem"/>
      </extension>
      <reference>
        <reference value="CodeSystem/CSSCT"/>
      </reference>
      <name value="SNOMED CT Codes"/>
      <description value="SNOMED CT code system."/>
      <isExample value="false"/>
    </resource>
    <resource>
      <extension url="http://hl7.org/fhir/tools/StructureDefinition/resource-information">
        <valueString value="StructureDefinition:resource"/>
      </extension>
      <reference>
        <reference value="StructureDefinition/Stay"/>
      </reference>
      <name value="Stay"/>
      <description value="Stay."/>
      <isExample value="false"/>
    </resource>
    <resource>
      <extension url="http://hl7.org/fhir/tools/StructureDefinition/resource-information">
        <valueString value="ValueSet"/>
      </extension>
      <reference>
        <reference value="ValueSet/vsMedicationTypes"/>
      </reference>
      <name value="Types of medication"/>
      <description value="ValueSet for medication types."/>
      <isExample value="false"/>
    </resource>
    <page>
      <sourceUrl value="toc.html"/>
      <name value="toc.html"/>
      <title value="Table of Contents"/>
      <generation value="html"/>
      <page>
        <sourceUrl value="index.html"/>
        <name value="index.html"/>
        <title value="Home"/>
        <generation value="markdown"/>
      </page>
    </page>
    <parameter>
      <code>
        <system value="http://hl7.org/fhir/tools/CodeSystem/ig-parameters"/>
        <code value="copyrightyear"/>
      </code>
      <value value="2023+"/>
    </parameter>
    <parameter>
      <code>
        <system value="http://hl7.org/fhir/tools/CodeSystem/ig-parameters"/>
        <code value="releaselabel"/>
      </code>
      <value value="ci-build"/>
    </parameter>
    <parameter>
      <code>
        <system value="http://hl7.org/fhir/tools/CodeSystem/ig-parameters"/>
        <code value="autoload-resources"/>
      </code>
      <value value="true"/>
    </parameter>
    <parameter>
      <code>
        <system value="http://hl7.org/fhir/guide-parameter-code"/>
        <code value="path-resource"/>
      </code>
      <value value="input/capabilities"/>
    </parameter>
    <parameter>
      <code>
        <system value="http://hl7.org/fhir/guide-parameter-code"/>
        <code value="path-resource"/>
      </code>
      <value value="input/examples"/>
    </parameter>
    <parameter>
      <code>
        <system value="http://hl7.org/fhir/guide-parameter-code"/>
        <code value="path-resource"/>
      </code>
      <value value="input/extensions"/>
    </parameter>
    <parameter>
      <code>
        <system value="http://hl7.org/fhir/guide-parameter-code"/>
        <code value="path-resource"/>
      </code>
      <value value="input/models"/>
    </parameter>
    <parameter>
      <code>
        <system value="http://hl7.org/fhir/guide-parameter-code"/>
        <code value="path-resource"/>
      </code>
      <value value="input/operations"/>
    </parameter>
    <parameter>
      <code>
        <system value="http://hl7.org/fhir/guide-parameter-code"/>
        <code value="path-resource"/>
      </code>
      <value value="input/profiles"/>
    </parameter>
    <parameter>
      <code>
        <system value="http://hl7.org/fhir/guide-parameter-code"/>
        <code value="path-resource"/>
      </code>
      <value value="input/resources"/>
    </parameter>
    <parameter>
      <code>
        <system value="http://hl7.org/fhir/guide-parameter-code"/>
        <code value="path-resource"/>
      </code>
      <value value="input/vocabulary"/>
    </parameter>
    <parameter>
      <code>
        <system value="http://hl7.org/fhir/guide-parameter-code"/>
        <code value="path-resource"/>
      </code>
      <value value="input/maps"/>
    </parameter>
    <parameter>
      <code>
        <system value="http://hl7.org/fhir/guide-parameter-code"/>
        <code value="path-resource"/>
      </code>
      <value value="input/testing"/>
    </parameter>
    <parameter>
      <code>
        <system value="http://hl7.org/fhir/guide-parameter-code"/>
        <code value="path-resource"/>
      </code>
      <value value="input/history"/>
    </parameter>
    <parameter>
      <code>
        <system value="http://hl7.org/fhir/guide-parameter-code"/>
        <code value="path-resource"/>
      </code>
      <value value="fsh-generated/resources"/>
    </parameter>
    <parameter>
      <code>
        <system value="http://hl7.org/fhir/guide-parameter-code"/>
        <code value="path-pages"/>
      </code>
      <value value="template/config"/>
    </parameter>
    <parameter>
      <code>
        <system value="http://hl7.org/fhir/guide-parameter-code"/>
        <code value="path-pages"/>
      </code>
      <value value="input/images"/>
    </parameter>
    <parameter>
      <code>
        <system value="http://hl7.org/fhir/tools/CodeSystem/ig-parameters"/>
        <code value="path-liquid"/>
      </code>
      <value value="template/liquid"/>
    </parameter>
    <parameter>
      <code>
        <system value="http://hl7.org/fhir/tools/CodeSystem/ig-parameters"/>
        <code value="path-liquid"/>
      </code>
      <value value="input/liquid"/>
    </parameter>
    <parameter>
      <code>
        <system value="http://hl7.org/fhir/tools/CodeSystem/ig-parameters"/>
        <code value="path-qa"/>
      </code>
      <value value="temp/qa"/>
    </parameter>
    <parameter>
      <code>
        <system value="http://hl7.org/fhir/tools/CodeSystem/ig-parameters"/>
        <code value="path-temp"/>
      </code>
      <value value="temp/pages"/>
    </parameter>
    <parameter>
      <code>
        <system value="http://hl7.org/fhir/tools/CodeSystem/ig-parameters"/>
        <code value="path-output"/>
      </code>
      <value value="output"/>
    </parameter>
    <parameter>
      <code>
        <system value="http://hl7.org/fhir/guide-parameter-code"/>
        <code value="path-tx-cache"/>
      </code>
      <value value="input-cache/txcache"/>
    </parameter>
    <parameter>
      <code>
        <system value="http://hl7.org/fhir/tools/CodeSystem/ig-parameters"/>
        <code value="path-suppressed-warnings"/>
      </code>
      <value value="input/ignoreWarnings.txt"/>
    </parameter>
    <parameter>
      <code>
        <system value="http://hl7.org/fhir/tools/CodeSystem/ig-parameters"/>
        <code value="path-history"/>
      </code>
      <value value="http://ltsi.univ-rennes.fr/history.html"/>
    </parameter>
    <parameter>
      <code>
        <system value="http://hl7.org/fhir/tools/CodeSystem/ig-parameters"/>
        <code value="template-html"/>
      </code>
      <value value="template-page.html"/>
    </parameter>
    <parameter>
      <code>
        <system value="http://hl7.org/fhir/tools/CodeSystem/ig-parameters"/>
        <code value="template-md"/>
      </code>
      <value value="template-page-md.html"/>
    </parameter>
    <parameter>
      <code>
        <system value="http://hl7.org/fhir/tools/CodeSystem/ig-parameters"/>
        <code value="apply-contact"/>
      </code>
      <value value="true"/>
    </parameter>
    <parameter>
      <code>
        <system value="http://hl7.org/fhir/tools/CodeSystem/ig-parameters"/>
        <code value="apply-context"/>
      </code>
      <value value="true"/>
    </parameter>
    <parameter>
      <code>
        <system value="http://hl7.org/fhir/tools/CodeSystem/ig-parameters"/>
        <code value="apply-copyright"/>
      </code>
      <value value="true"/>
    </parameter>
    <parameter>
      <code>
        <system value="http://hl7.org/fhir/tools/CodeSystem/ig-parameters"/>
        <code value="apply-jurisdiction"/>
      </code>
      <value value="true"/>
    </parameter>
    <parameter>
      <code>
        <system value="http://hl7.org/fhir/tools/CodeSystem/ig-parameters"/>
        <code value="apply-license"/>
      </code>
      <value value="true"/>
    </parameter>
    <parameter>
      <code>
        <system value="http://hl7.org/fhir/tools/CodeSystem/ig-parameters"/>
        <code value="apply-publisher"/>
      </code>
      <value value="true"/>
    </parameter>
    <parameter>
      <code>
        <system value="http://hl7.org/fhir/tools/CodeSystem/ig-parameters"/>
        <code value="apply-version"/>
      </code>
      <value value="true"/>
    </parameter>
    <parameter>
      <code>
        <system value="http://hl7.org/fhir/tools/CodeSystem/ig-parameters"/>
        <code value="apply-wg"/>
      </code>
      <value value="true"/>
    </parameter>
    <parameter>
      <code>
        <system value="http://hl7.org/fhir/tools/CodeSystem/ig-parameters"/>
        <code value="active-tables"/>
      </code>
      <value value="true"/>
    </parameter>
    <parameter>
      <code>
        <system value="http://hl7.org/fhir/tools/CodeSystem/ig-parameters"/>
        <code value="fmm-definition"/>
      </code>
      <value value="http://hl7.org/fhir/versions.html#maturity"/>
    </parameter>
    <parameter>
      <code>
        <system value="http://hl7.org/fhir/tools/CodeSystem/ig-parameters"/>
        <code value="propagate-status"/>
      </code>
      <value value="true"/>
    </parameter>
    <parameter>
      <code>
        <system value="http://hl7.org/fhir/tools/CodeSystem/ig-parameters"/>
        <code value="excludelogbinaryformat"/>
      </code>
      <value value="true"/>
    </parameter>
    <parameter>
      <code>
        <system value="http://hl7.org/fhir/tools/CodeSystem/ig-parameters"/>
        <code value="tabbed-snapshots"/>
      </code>
      <value value="true"/>
    </parameter>
  </definition>
</ImplementationGuide>