<?xml version="1.0" encoding="UTF-8"?><CodeSystem xmlns="http://hl7.org/fhir"><id value="concept-medication-oncofair-codesystem"/><text><status value="generated"/><div xmlns="http://www.w3.org/1999/xhtml"><p class="res-header-id"><b>Generated Narrative: CodeSystem concept-medication-oncofair-codesystem</b></p><a name="concept-medication-oncofair-codesystem"> </a><a name="hcconcept-medication-oncofair-codesystem"> </a><a name="concept-medication-oncofair-codesystem-en-US"> </a><p>This case-sensitive code system <code>http://ltsi.univ-rennes.fr/CodeSystem/concept-medication-oncofair-codesystem</code> defines the following codes:</p><table class="codes"><tr><td style="white-space:nowrap"><b>Code</b></td></tr><tr><td style="white-space:nowrap">element<a name="concept-medication-oncofair-codesystem-element"> </a></td></tr><tr><td style="white-space:nowrap">report<a name="concept-medication-oncofair-codesystem-report"> </a></td></tr><tr><td style="white-space:nowrap">component<a name="concept-medication-oncofair-codesystem-component"> </a></td></tr><tr><td style="white-space:nowrap">prescription<a name="concept-medication-oncofair-codesystem-prescription"> </a></td></tr></table></div></text><url value="http://ltsi.univ-rennes.fr/CodeSystem/concept-medication-oncofair-codesystem"/><version value="0.1.0"/><name value="ConceptMedicationOncoFAIRCodeSystem"/><title value="Concepts Medication Code System"/><status value="draft"/><experimental value="true"/><date value="2024-09-25T13:48:16+00:00"/><publisher value="DOMASIA team of the Signal and Image Processing Laboratory (LTSI) and KEREVAL"/><contact><name value="DOMASIA team of the Signal and Image Processing Laboratory (LTSI) and KEREVAL"/><telecom><system value="url"/><value value="https://ltsi.univ-rennes.fr"/></telecom></contact><description value="Code system pour différiencier les niveaux de MR/MA"/><caseSensitive value="true"/><content value="complete"/><count value="4"/><concept><code value="element"/><display value="element"/></concept><concept><code value="report"/><display value="report"/></concept><concept><code value="component"/><display value="component"/></concept><concept><code value="prescription"/><display value="prescription"/></concept></CodeSystem>