<?xml version="1.0" encoding="UTF-8"?><CodeSystem xmlns="http://hl7.org/fhir"><id value="siph-typeevenement-oncofair-codesystem"/><text><status value="generated"/><div xmlns="http://www.w3.org/1999/xhtml"><p class="res-header-id"><b>Generated Narrative: CodeSystem siph-typeevenement-oncofair-codesystem</b></p><a name="siph-typeevenement-oncofair-codesystem"> </a><a name="hcsiph-typeevenement-oncofair-codesystem"> </a><a name="siph-typeevenement-oncofair-codesystem-en-US"> </a><p>This case-sensitive code system <code>http://ltsi.univ-rennes.fr/CodeSystem/siph-typeevenement-oncofair-codesystem</code> defines the following codes:</p><table class="codes"><tr><td style="white-space:nowrap"><b>Code</b></td><td><b>Display</b></td></tr><tr><td style="white-space:nowrap">DH<a name="siph-typeevenement-oncofair-codesystem-DH"> </a></td><td>date-heure absolue</td></tr><tr><td style="white-space:nowrap">DHEVT<a name="siph-typeevenement-oncofair-codesystem-DHEVT"> </a></td><td>date-heure relative à un événement</td></tr><tr><td style="white-space:nowrap">SIGNE<a name="siph-typeevenement-oncofair-codesystem-SIGNE"> </a></td><td>survenue d'un signe</td></tr><tr><td style="white-space:nowrap">POSOCOND<a name="siph-typeevenement-oncofair-codesystem-POSOCOND"> </a></td><td>paramètre de posologie conditionnelle</td></tr></table></div></text><url value="http://ltsi.univ-rennes.fr/CodeSystem/siph-typeevenement-oncofair-codesystem"/><version value="0.1.0"/><name value="SIPhTypeEvenementOncoFAIRCodeSystem"/><title value="Type évènement Code System"/><status value="draft"/><experimental value="true"/><date value="2024-09-25T13:57:35+00:00"/><publisher value="DOMASIA team of the Signal and Image Processing Laboratory (LTSI) and KEREVAL"/><contact><name value="DOMASIA team of the Signal and Image Processing Laboratory (LTSI) and KEREVAL"/><telecom><system value="url"/><value value="https://ltsi.univ-rennes.fr"/></telecom></contact><description value="Code system pour l'attribut TypeEvenement"/><caseSensitive value="true"/><content value="complete"/><count value="4"/><concept><code value="DH"/><display value="date-heure absolue"/></concept><concept><code value="DHEVT"/><display value="date-heure relative à un événement"/></concept><concept><code value="SIGNE"/><display value="survenue d'un signe"/></concept><concept><code value="POSOCOND"/><display value="paramètre de posologie conditionnelle"/></concept></CodeSystem>