{
  "codeSystems" : [
    {
      "url" : "http://hl7.org/fhir/CodeSystem/administration-subpotent-reason",
      "version" : "5.0.0",
      "status" : "active",
      "name" : "AdministrationSubPotentReason",
      "title" : "Administration SubPotent Reason",
      "description" : "This value set is provided as an example. The value set to instantiate this attribute should be drawn from a robust terminology code system that consists of or contains concepts to support the medication administration process.",
      "oids" : ["2.16.840.1.113883.4.642.4.2001"],
      "uses" : {
      },
      "http://hl7.org/fhir/R5/valueset-administration-subpotent-reason.html" : "MedicationAdministration Subpotent Reason"
    },
    {
      "url" : "http://hl7.org/fhir/CodeSystem/medication-admin-status",
      "version" : "5.0.0",
      "status" : "active",
      "name" : "MedicationAdministrationStatusCodes",
      "title" : "MedicationAdministration Status Codes",
      "description" : "MedicationAdministration Status Codes",
      "oids" : ["2.16.840.1.113883.4.642.4.2000"],
      "uses" : {
      },
      "http://hl7.org/fhir/R5/valueset-medication-admin-status.html" : "MedicationAdministration Status Codes"
    },
    {
      "url" : "http://hl7.org/fhir/CodeSystem/medication-dose-aid",
      "version" : "5.0.0",
      "status" : "active",
      "name" : "MedicationDoseAid",
      "title" : "Medication dose aid",
      "description" : "Medication dose aid",
      "oids" : ["2.16.840.1.113883.4.642.4.2075"],
      "uses" : {
      },
      "http://hl7.org/fhir/R5/valueset-medication-dose-aid.html" : "Medication Dose Aids"
    },
    {
      "url" : "http://hl7.org/fhir/CodeSystem/medication-ingredientstrength",
      "version" : "5.0.0",
      "status" : "active",
      "name" : "MedicationIngredientStrengthCodes",
      "title" : "Medication Ingredient Strength Codes",
      "description" : "Medication Ingredient Strength Codes",
      "oids" : ["2.16.840.1.113883.4.642.4.2062"],
      "uses" : {
      },
      "http://hl7.org/fhir/R5/valueset-medication-ingredientstrength.html" : "Medication Ingredient Strength Codes"
    },
    {
      "url" : "http://hl7.org/fhir/CodeSystem/medication-intended-performer-role",
      "version" : "5.0.0",
      "status" : "active",
      "name" : "MedicationIntendedPerformerRole",
      "title" : "Medication Intended Performer Role",
      "description" : "Medication Intended Performer Role",
      "oids" : ["2.16.840.1.113883.4.642.4.2074"],
      "uses" : {
      },
      "http://hl7.org/fhir/R5/valueset-medication-intended-performer-role.html" : "Medication Intended Performer Role"
    },
    {
      "url" : "http://hl7.org/fhir/CodeSystem/medication-status",
      "version" : "5.0.0",
      "status" : "active",
      "name" : "MedicationStatusCodes",
      "title" : "Medication Status Codes",
      "description" : "Medication Status Codes",
      "oids" : ["2.16.840.1.113883.4.642.4.1380"],
      "uses" : {
      },
      "http://hl7.org/fhir/R5/valueset-medication-status.html" : "Medication Status Codes"
    },
    {
      "url" : "http://hl7.org/fhir/CodeSystem/medicationrequest-intent",
      "version" : "5.0.0",
      "status" : "active",
      "name" : "MedicationRequestIntentCodes",
      "title" : "MedicationRequest Intent Codes",
      "description" : "MedicationRequest Intent Codes",
      "oids" : ["2.16.840.1.113883.4.642.4.1378"],
      "uses" : {
      },
      "http://hl7.org/fhir/R5/valueset-medicationrequest-intent.html" : "medicationRequest Intent"
    },
    {
      "url" : "http://hl7.org/fhir/CodeSystem/medicationrequest-status",
      "version" : "5.0.0",
      "status" : "active",
      "name" : "MedicationRequestStatusCodes",
      "title" : "MedicationRequest Status Codes",
      "description" : "MedicationRequest Status Codes",
      "oids" : ["2.16.840.1.113883.4.642.4.1377"],
      "uses" : {
      },
      "http://hl7.org/fhir/R5/valueset-medicationrequest-status.html" : "medicationrequest Status"
    },
    {
      "url" : "http://hl7.org/fhir/action-cardinality-behavior",
      "version" : "5.0.0",
      "status" : "active",
      "name" : "ActionCardinalityBehavior",
      "title" : "Action Cardinality Behavior",
      "description" : "Defines behavior for an action or a group for how many times that item may be repeated.",
      "oids" : [
        "2.16.840.1.113883.4.642.4.808",
        "2.16.840.1.113883.4.642.1.791"
      ],
      "uses" : {
      },
      "http://hl7.org/fhir/R5/valueset-action-cardinality-behavior.html" : "Action Cardinality Behavior"
    },
    {
      "url" : "http://hl7.org/fhir/action-code",
      "version" : "5.0.0",
      "status" : "active",
      "name" : "ActionCode",
      "title" : "Action Code",
      "description" : "Provides examples of actions to be performed.",
      "oids" : ["2.16.840.1.113883.4.642.4.1944"],
      "uses" : {
      },
      "http://hl7.org/fhir/R5/valueset-action-code.html" : "Action Code"
    },
    {
      "url" : "http://hl7.org/fhir/action-condition-kind",
      "version" : "5.0.0",
      "status" : "active",
      "name" : "ActionConditionKind",
      "title" : "Action Condition Kind",
      "description" : "Defines the kinds of conditions that can appear on actions.",
      "oids" : [
        "2.16.840.1.113883.4.642.1.799",
        "2.16.840.1.113883.4.642.4.816"
      ],
      "uses" : {
      },
      "http://hl7.org/fhir/R5/valueset-action-condition-kind.html" : "Action Condition Kind"
    },
    {
      "url" : "http://hl7.org/fhir/action-grouping-behavior",
      "version" : "5.0.0",
      "status" : "active",
      "name" : "ActionGroupingBehavior",
      "title" : "Action Grouping Behavior",
      "description" : "Defines organization behavior of a group.",
      "oids" : [
        "2.16.840.1.113883.4.642.4.800",
        "2.16.840.1.113883.4.642.1.783"
      ],
      "uses" : {
      },
      "http://hl7.org/fhir/R5/valueset-action-grouping-behavior.html" : "Action Grouping Behavior"
    },
    {
      "url" : "http://hl7.org/fhir/action-participant-function",
      "version" : "5.0.0",
      "status" : "active",
      "name" : "ActionParticipantFunction",
      "title" : "Action Participant Function",
      "description" : "The function performed by the participant for the action.",
      "oids" : ["2.16.840.1.113883.4.642.4.1946"],
      "uses" : {
      },
      "http://hl7.org/fhir/R5/valueset-action-participant-function.html" : "Action Participant Function"
    },
    {
      "url" : "http://hl7.org/fhir/action-participant-type",
      "version" : "5.0.0",
      "status" : "active",
      "name" : "ActionParticipantType",
      "title" : "Action Participant Type",
      "description" : "The type of participant for the action.",
      "oids" : [
        "2.16.840.1.113883.4.642.1.795",
        "2.16.840.1.113883.4.642.4.812"
      ],
      "uses" : {
      },
      "http://hl7.org/fhir/R5/valueset-action-participant-type.html" : "Action Participant Type"
    },
    {
      "url" : "http://hl7.org/fhir/action-precheck-behavior",
      "version" : "5.0.0",
      "status" : "active",
      "name" : "ActionPrecheckBehavior",
      "title" : "Action Precheck Behavior",
      "description" : "Defines selection frequency behavior for an action or group.",
      "oids" : [
        "2.16.840.1.113883.4.642.1.789",
        "2.16.840.1.113883.4.642.4.806"
      ],
      "uses" : {
      },
      "http://hl7.org/fhir/R5/valueset-action-precheck-behavior.html" : "Action Precheck Behavior"
    },
    {
      "url" : "http://hl7.org/fhir/action-reason-code",
      "version" : "5.0.0",
      "status" : "active",
      "name" : "ActionReasonCode",
      "title" : "Action Reason Code",
      "description" : "Provides examples of reasons for actions to be performed.",
      "oids" : ["2.16.840.1.113883.4.642.4.1945"],
      "uses" : {
      },
      "http://hl7.org/fhir/R5/valueset-action-reason-code.html" : "Action Reason Code"
    },
    {
      "url" : "http://hl7.org/fhir/action-relationship-type",
      "version" : "5.0.0",
      "status" : "active",
      "name" : "ActionRelationshipType",
      "title" : "Action Relationship Type",
      "description" : "Defines the types of relationships between actions.",
      "oids" : [
        "2.16.840.1.113883.4.642.1.797",
        "2.16.840.1.113883.4.642.4.814"
      ],
      "uses" : {
      },
      "http://hl7.org/fhir/R5/valueset-action-relationship-type.html" : "Action Relationship Type"
    },
    {
      "url" : "http://hl7.org/fhir/action-required-behavior",
      "version" : "5.0.0",
      "status" : "active",
      "name" : "ActionRequiredBehavior",
      "title" : "Action Required Behavior",
      "description" : "Defines expectations around whether an action or action group is required.",
      "oids" : [
        "2.16.840.1.113883.4.642.1.787",
        "2.16.840.1.113883.4.642.4.804"
      ],
      "uses" : {
      },
      "http://hl7.org/fhir/R5/valueset-action-required-behavior.html" : "Action Required Behavior"
    },
    {
      "url" : "http://hl7.org/fhir/action-selection-behavior",
      "version" : "5.0.0",
      "status" : "active",
      "name" : "ActionSelectionBehavior",
      "title" : "Action Selection Behavior",
      "description" : "Defines selection behavior of a group.",
      "oids" : [
        "2.16.840.1.113883.4.642.1.785",
        "2.16.840.1.113883.4.642.4.802"
      ],
      "uses" : {
      },
      "http://hl7.org/fhir/R5/valueset-action-selection-behavior.html" : "Action Selection Behavior"
    },
    {
      "url" : "http://hl7.org/fhir/administrative-gender",
      "version" : "5.0.0",
      "status" : "active",
      "name" : "AdministrativeGender",
      "title" : "AdministrativeGender",
      "description" : "The gender of a person used for administrative purposes.",
      "oids" : ["2.16.840.1.113883.4.642.4.2"],
      "uses" : {
      },
      "http://hl7.org/fhir/R5/valueset-administrative-gender.html" : "AdministrativeGender"
    },
    {
      "url" : "http://hl7.org/fhir/days-of-week",
      "version" : "5.0.0",
      "status" : "active",
      "name" : "DaysOfWeek",
      "title" : "Days Of Week",
      "description" : "The days of the week.",
      "oids" : [
        "2.16.840.1.113883.4.642.4.513",
        "2.16.840.1.113883.4.642.2.302",
        "2.16.840.1.113883.4.642.1.507"
      ],
      "uses" : {
      },
      "http://hl7.org/fhir/R5/valueset-days-of-week.html" : "Days Of Week"
    },
    {
      "url" : "http://hl7.org/fhir/device-correctiveactionscope",
      "version" : "5.0.0",
      "status" : "active",
      "name" : "DeviceCorrectiveActionScope",
      "title" : "Device Corrective Action Scope",
      "description" : "The type of relation between devices.",
      "oids" : ["2.16.840.1.113883.4.642.4.1932"],
      "uses" : {
      },
      "http://hl7.org/fhir/R5/valueset-device-correctiveactionscope.html" : "Device Corrective Action Scope"
    },
    {
      "url" : "http://hl7.org/fhir/device-nametype",
      "version" : "5.0.0",
      "status" : "active",
      "name" : "DeviceNameType",
      "title" : "Device Name Type",
      "description" : "The type of name the device is referred by.",
      "oids" : ["2.16.840.1.113883.4.642.4.1084"],
      "uses" : {
      },
      "http://hl7.org/fhir/R5/valueset-device-nametype.html" : "Device Name Type"
    },
    {
      "url" : "http://hl7.org/fhir/device-productidentifierinudi",
      "version" : "5.0.0",
      "status" : "active",
      "name" : "DeviceProductionIdentifierInUDI",
      "title" : "Device Production Identifier In UDI",
      "description" : "The production identifier(s) that are expected to appear in the UDI carrier.",
      "uses" : {
      },
      "http://hl7.org/fhir/R5/valueset-device-productidentifierinudi.html" : "Device Production Identifier In UDI"
    },
    {
      "url" : "http://hl7.org/fhir/device-specification-category",
      "version" : "5.0.0",
      "status" : "active",
      "name" : "FHIRDeviceSpecializationCategory",
      "title" : "FHIR Device Specialization Category",
      "description" : "The kind of standards used by the device.",
      "oids" : ["2.16.840.1.113883.4.642.4.2054"],
      "uses" : {
      },
      "http://hl7.org/fhir/R5/valueset-device-specification-category.html" : "Device Specification Category"
    },
    {
      "url" : "http://hl7.org/fhir/devicedefinition-regulatory-identifier-type",
      "version" : "5.0.0",
      "status" : "active",
      "name" : "DeviceRegulatoryIdentifierType",
      "title" : "Device Regulatory Identifier Type",
      "description" : "The type of regulatory identifier.",
      "oids" : ["2.16.840.1.113883.4.642.4.2109"],
      "uses" : {
      },
      "http://hl7.org/fhir/R5/valueset-devicedefinition-regulatory-identifier-type.html" : "Device Definition Regulatory Identifier Type"
    },
    {
      "url" : "http://hl7.org/fhir/devicedefinition-relationtype",
      "version" : "5.0.0",
      "status" : "active",
      "name" : "DeviceDefinitionRelationType",
      "title" : "Device Definition Relation Type",
      "description" : "The type of relation between devices.",
      "oids" : ["2.16.840.1.113883.4.642.4.1933"],
      "uses" : {
      },
      "http://hl7.org/fhir/R5/valueset-devicedefinition-relationtype.html" : "Device Definition Relation Type"
    },
    {
      "url" : "http://hl7.org/fhir/encounter-diagnosis-use",
      "version" : "5.0.0",
      "status" : "active",
      "name" : "EncounterDiagnosisUse",
      "title" : "Encounter Diagnosis Use",
      "description" : "Encounter Condition Use",
      "oids" : ["2.16.840.1.113883.4.642.4.2115"],
      "uses" : {
      },
      "http://hl7.org/fhir/R5/valueset-encounter-diagnosis-use.html" : "Encounter Diagnosis Use"
    },
    {
      "url" : "http://hl7.org/fhir/encounter-location-status",
      "version" : "5.0.0",
      "status" : "active",
      "name" : "EncounterLocationStatus",
      "title" : "Encounter Location Status",
      "description" : "The status of the location.",
      "oids" : [
        "2.16.840.1.113883.4.642.1.258",
        "2.16.840.1.113883.4.642.2.147",
        "2.16.840.1.113883.4.642.4.263"
      ],
      "uses" : {
      },
      "http://hl7.org/fhir/R5/valueset-encounter-location-status.html" : "Encounter Location Status"
    },
    {
      "url" : "http://hl7.org/fhir/encounter-reason-use",
      "version" : "5.0.0",
      "status" : "active",
      "name" : "EncounterReasonUse",
      "title" : "Encounter Reason Use",
      "description" : "Encounter Reason Use",
      "oids" : ["2.16.840.1.113883.4.642.4.2114"],
      "uses" : {
      },
      "http://hl7.org/fhir/R5/valueset-encounter-reason-use.html" : "Encounter Reason Use"
    },
    {
      "url" : "http://hl7.org/fhir/encounter-status",
      "version" : "5.0.0",
      "status" : "active",
      "name" : "EncounterStatus",
      "title" : "Encounter Status",
      "description" : "Current state of the encounter.",
      "oids" : [
        "2.16.840.1.113883.4.642.4.247",
        "2.16.840.1.113883.4.642.1.242"
      ],
      "uses" : {
      },
      "http://hl7.org/fhir/R5/valueset-encounter-status.html" : "Encounter Status"
    },
    {
      "url" : "http://hl7.org/fhir/event-timing",
      "version" : "5.0.0",
      "status" : "active",
      "name" : "EventTiming",
      "title" : "EventTiming",
      "description" : "Real-world event relating to the schedule.",
      "oids" : ["2.16.840.1.113883.4.642.1.76"],
      "uses" : {
      },
      "http://hl7.org/fhir/R5/valueset-event-timing.html" : "EventTiming"
    },
    {
      "url" : "http://hl7.org/fhir/fhir-types",
      "version" : "5.0.0",
      "status" : "active",
      "name" : "FHIRTypes",
      "title" : "All FHIR Types",
      "description" : "One of the types defined as part of this version of FHIR.",
      "oids" : ["2.16.840.1.113883.4.642.4.1802"],
      "uses" : {
      },
      "http://hl7.org/fhir/R5/valueset-participant-resource-types.html" : "Participant Resource Types",
      "http://hl7.org/fhir/R5/valueset-resource-types.html" : "Resource Types"
    },
    {
      "url" : "http://hl7.org/fhir/identifier-use",
      "version" : "5.0.0",
      "status" : "active",
      "name" : "IdentifierUse",
      "title" : "IdentifierUse",
      "description" : "Identifies the purpose for this identifier, if known .",
      "oids" : ["2.16.840.1.113883.4.642.1.58"],
      "uses" : {
      },
      "http://hl7.org/fhir/R5/valueset-identifier-use.html" : "IdentifierUse"
    },
    {
      "url" : "http://hl7.org/fhir/link-type",
      "version" : "5.0.0",
      "status" : "active",
      "name" : "LinkType",
      "title" : "Link Type",
      "description" : "The type of link between this Patient resource and other Patient/RelatedPerson resource(s).",
      "oids" : [
        "2.16.840.1.113883.4.642.1.413",
        "2.16.840.1.113883.4.642.2.234",
        "2.16.840.1.113883.4.642.4.424"
      ],
      "uses" : {
      },
      "http://hl7.org/fhir/R5/valueset-link-type.html" : "Link Type"
    },
    {
      "url" : "http://hl7.org/fhir/location-characteristic",
      "version" : "5.0.0",
      "status" : "active",
      "name" : "LocationCharacteristic",
      "title" : "Location Characteristic",
      "description" : "Example Set of Location Characteristics.",
      "oids" : ["2.16.840.1.113883.4.642.4.1970"],
      "uses" : {
      },
      "http://hl7.org/fhir/R5/valueset-location-characteristic.html" : "Location Characteristic"
    },
    {
      "url" : "http://hl7.org/fhir/location-mode",
      "version" : "5.0.0",
      "status" : "active",
      "name" : "LocationMode",
      "title" : "Location Mode",
      "description" : "Indicates whether a resource instance represents a specific location or a class of locations.",
      "oids" : [
        "2.16.840.1.113883.4.642.4.331",
        "2.16.840.1.113883.4.642.1.322",
        "2.16.840.1.113883.4.642.2.181"
      ],
      "uses" : {
      },
      "http://hl7.org/fhir/R5/valueset-location-mode.html" : "Location Mode"
    },
    {
      "url" : "http://hl7.org/fhir/location-status",
      "version" : "5.0.0",
      "status" : "active",
      "name" : "LocationStatus",
      "title" : "Location Status",
      "description" : "Indicates whether the location is still in use.",
      "oids" : [
        "2.16.840.1.113883.4.642.4.333",
        "2.16.840.1.113883.4.642.1.324",
        "2.16.840.1.113883.4.642.2.182"
      ],
      "uses" : {
      },
      "http://hl7.org/fhir/R5/valueset-location-status.html" : "Location Status"
    },
    {
      "url" : "http://hl7.org/fhir/name-use",
      "version" : "5.0.0",
      "status" : "active",
      "name" : "NameUse",
      "title" : "NameUse",
      "description" : "The use of a human name.",
      "oids" : ["2.16.840.1.113883.4.642.4.66"],
      "uses" : {
      },
      "http://hl7.org/fhir/R5/valueset-name-use.html" : "NameUse"
    },
    {
      "url" : "http://hl7.org/fhir/observation-referencerange-normalvalue",
      "version" : "5.0.0",
      "status" : "active",
      "name" : "ObservationReferenceRangeNormalValue",
      "title" : "ObservationreferenceRangeNormalValue",
      "description" : "Codes that describe the normal value in the reference range.",
      "oids" : ["2.16.840.1.113883.4.642.4.2099"],
      "uses" : {
      },
      "http://hl7.org/fhir/R5/valueset-observation-referencerange-normalvalue.html" : "Observation Reference Range Normal Value Codes"
    },
    {
      "url" : "http://hl7.org/fhir/observation-status",
      "version" : "5.0.0",
      "status" : "active",
      "name" : "ObservationStatus",
      "title" : "Observation Status",
      "description" : "Codes providing the status of an observation.",
      "oids" : [
        "2.16.840.1.113883.4.642.4.401",
        "2.16.840.1.113883.4.642.1.388",
        "2.16.840.1.113883.4.642.2.219"
      ],
      "uses" : {
      },
      "http://hl7.org/fhir/R5/valueset-observation-status.html" : "Observation Status"
    },
    {
      "url" : "http://hl7.org/fhir/observation-triggeredbytype",
      "version" : "5.0.0",
      "status" : "active",
      "name" : "TriggeredBytype",
      "title" : "triggered Bytype",
      "description" : "Codes providing the triggeredBy type of observation.",
      "oids" : ["2.16.840.1.113883.4.642.4.2098"],
      "uses" : {
      },
      "http://hl7.org/fhir/R5/valueset-observation-triggeredbytype.html" : "triggered Bytype"
    },
    {
      "url" : "http://hl7.org/fhir/publication-status",
      "version" : "5.0.0",
      "status" : "active",
      "name" : "PublicationStatus",
      "title" : "PublicationStatus",
      "description" : "The lifecycle status of an artifact.",
      "oids" : ["2.16.840.1.113883.4.642.4.4"],
      "uses" : {
      },
      "http://hl7.org/fhir/R5/valueset-publication-status.html" : "PublicationStatus"
    },
    {
      "url" : "http://hl7.org/fhir/quantity-comparator",
      "version" : "5.0.0",
      "status" : "active",
      "name" : "QuantityComparator",
      "title" : "QuantityComparator",
      "description" : "How the Quantity should be understood and represented.",
      "oids" : ["2.16.840.1.113883.4.642.4.60"],
      "uses" : {
      },
      "http://hl7.org/fhir/R5/valueset-quantity-comparator.html" : "QuantityComparator"
    },
    {
      "url" : "http://hl7.org/fhir/request-intent",
      "version" : "5.0.0",
      "status" : "draft",
      "name" : "RequestIntent",
      "title" : "RequestIntent",
      "description" : "Codes indicating the degree of authority/intentionality associated with a request.",
      "oids" : ["2.16.840.1.113883.4.642.4.114"],
      "uses" : {
      },
      "http://hl7.org/fhir/R5/valueset-care-plan-intent.html" : "Care Plan Intent"
    },
    {
      "url" : "http://hl7.org/fhir/request-priority",
      "version" : "5.0.0",
      "status" : "draft",
      "name" : "RequestPriority",
      "title" : "RequestPriority",
      "description" : "Identifies the level of importance to be assigned to actioning the request.",
      "oids" : ["2.16.840.1.113883.4.642.4.116"],
      "uses" : {
      },
      "http://hl7.org/fhir/R5/valueset-request-priority.html" : "RequestPriority"
    },
    {
      "url" : "http://hl7.org/fhir/request-status",
      "version" : "5.0.0",
      "status" : "draft",
      "name" : "RequestStatus",
      "title" : "RequestStatus",
      "description" : "Codes identifying the lifecycle stage of a request.",
      "oids" : ["2.16.840.1.113883.4.642.4.112"],
      "uses" : {
      },
      "http://hl7.org/fhir/R5/valueset-request-status.html" : "RequestStatus"
    },
    {
      "url" : "http://hl7.org/fhir/version-algorithm",
      "version" : "5.0.0",
      "status" : "active",
      "name" : "VersionAlgorithm",
      "title" : "Version Algorithm",
      "description" : "Indicates the mechanism used to compare versions to determine which is more current.",
      "oids" : ["2.16.840.1.113883.4.642.4.1989"],
      "uses" : {
      },
      "http://hl7.org/fhir/R5/valueset-version-algorithm.html" : "Version Algorithm"
    },
    {
      "url" : "http://loinc.org",
      "version" : "3.1.0",
      "status" : "active",
      "name" : "LOINC",
      "title" : "Logical Observation Identifiers, Names and Codes (LOINC)",
      "description" : "LOINC provides a set of universal names and ID codes for identifying laboratory and clinical test results.1,2 LOINC facilitates the exchange and pooling of results, such as blood hemoglobin, serum potassium, or vital signs, for clinical care, outcomes management, and research. LOINC's universal identifiers (names and codes) can be used in the context of order and observation exchanges between information systems that use syntax standards such as HL73, CEN TC251, ISO TC215, ASTM4, and DICOM. Specifically, the identifier can be used as the coded value for an observation in any other standard that uses the observation/observation value paradigm, whether messages, documents, application programming interface (API), etc. For example, LOINC codes are used widely in the OBX segment Observation Identifier field (OBX-3) of an ORU HL7 (HL7 version 2.x or ASTM 1238-9410) message that may be sent between a Clinical Laboratory Information Management Systems (LIMS) and Electronic Health Record Systems (EHR).5, 6 In this way, LOINC codes provide universal identifiers that allow the exchange of clinical data between heterogeneous computing environments.",
      "oids" : ["2.16.840.1.113883.6.1"],
      "uses" : {
      },
      "http://hl7.org/fhir/R5/valueset-observation-codes.html" : "LOINC Codes"
    },
    {
      "url" : "http://ltsi.univ-rennes.fr/CodeSystem/CSCommunicationModes",
      "version" : "0.1.0",
      "status" : "draft",
      "name" : "CSCommunicationModes",
      "title" : "Communication modes",
      "description" : "CodeSystem for french communication modes (incremental, summary).",
      "uses" : {
      },
      "ValueSet-vsCommunicationModes.html" : "Communication modes"
    },
    {
      "url" : "http://ltsi.univ-rennes.fr/CodeSystem/CSLOINC",
      "version" : "0.1.0",
      "status" : "draft",
      "name" : "CSLOINC",
      "title" : "LOINC codes",
      "description" : "LOINC CodeSystem.",
      "uses" : {
      },
      "ValueSet-vsLOINC.html" : "Codes LOINC"
    },
    {
      "url" : "http://ltsi.univ-rennes.fr/CodeSystem/CSMedicalUnits",
      "version" : "0.1.0",
      "status" : "draft",
      "name" : "CSMedicalUnits",
      "title" : "Medical units",
      "description" : "CodeSystem for french medical units (accommodation, medical liability unit).",
      "uses" : {
      },
      "ValueSet-vsMedicalUnits.html" : "Medical units"
    },
    {
      "url" : "http://ltsi.univ-rennes.fr/CodeSystem/CSMedicationTypes",
      "version" : "0.1.0",
      "status" : "draft",
      "name" : "CSMedicationTypes",
      "title" : "Medication types",
      "description" : "CodeSystem for french medication types.",
      "uses" : {
      },
      "ValueSet-vsMedicationTypes.html" : "Types of medication"
    },
    {
      "url" : "http://ltsi.univ-rennes.fr/CodeSystem/CSMedications",
      "version" : "0.1.0",
      "status" : "draft",
      "name" : "CSMedications",
      "title" : "Medications",
      "description" : "CodeSystem for french medications.",
      "uses" : {
      },
      "ValueSet-vsMedications.html" : "Medications"
    },
    {
      "url" : "http://ltsi.univ-rennes.fr/CodeSystem/CSPrescriptionStatus",
      "version" : "0.1.0",
      "status" : "draft",
      "name" : "CSPrescriptionStatus",
      "title" : "Prescription status",
      "description" : "CodeSystem for french prescription status (creation, stop, modification, validation).",
      "uses" : {
      },
      "ValueSet-vsPrescriptionStatus.html" : "Prescription status"
    },
    {
      "url" : "http://ltsi.univ-rennes.fr/CodeSystem/CSSCT",
      "version" : "0.1.0",
      "status" : "draft",
      "name" : "CSSCT",
      "title" : "SNOMED CT Codes",
      "description" : "SNOMED CT code system.",
      "uses" : {
      },
      "ValueSet-vsSCT.html" : "SNOMED CT codes"
    },
    {
      "url" : "http://terminology.hl7.org/CodeSystem/action-type",
      "version" : "0.1.0",
      "status" : "draft",
      "name" : "ActionType",
      "title" : "ActionType",
      "description" : "The type of action to be performed.",
      "oids" : ["2.16.840.1.113883.4.642.1.1246"],
      "uses" : {
      },
      "http://hl7.org/fhir/R5/valueset-action-type.html" : "Action Type"
    },
    {
      "url" : "http://terminology.hl7.org/CodeSystem/admit-source",
      "version" : "0.1.0",
      "status" : "draft",
      "name" : "AdmitSource",
      "title" : "Admit source",
      "description" : "This value set defines a set of codes that can be used to indicate from where the patient came in.",
      "oids" : ["2.16.840.1.113883.4.642.1.1092"],
      "uses" : {
      },
      "http://hl7.org/fhir/R5/valueset-encounter-admit-source.html" : "Admit Source"
    },
    {
      "url" : "http://terminology.hl7.org/CodeSystem/data-absent-reason",
      "version" : "0.1.0",
      "status" : "active",
      "name" : "DataAbsentReason",
      "title" : "DataAbsentReason",
      "description" : "Used to specify why the normally expected content of the data element is missing.",
      "oids" : ["2.16.840.1.113883.4.642.4.1048"],
      "uses" : {
      },
      "http://hl7.org/fhir/R5/valueset-data-absent-reason.html" : "Data Absent Reason"
    },
    {
      "url" : "http://terminology.hl7.org/CodeSystem/definition-topic",
      "version" : "0.1.0",
      "status" : "draft",
      "name" : "DefinitionTopic",
      "title" : "DefinitionTopic",
      "description" : "High-level categorization of the definition, used for searching, sorting, and filtering.",
      "oids" : ["2.16.840.1.113883.4.642.1.1244"],
      "uses" : {
      },
      "http://hl7.org/fhir/R5/valueset-definition-topic.html" : "Definition Topic"
    },
    {
      "url" : "http://terminology.hl7.org/CodeSystem/diet",
      "version" : "0.1.0",
      "status" : "draft",
      "name" : "Diet",
      "title" : "Diet",
      "description" : "This value set defines a set of codes that can be used to indicate dietary preferences or restrictions a patient may have.",
      "oids" : ["2.16.840.1.113883.4.642.1.1091"],
      "uses" : {
      },
      "http://hl7.org/fhir/R5/valueset-encounter-diet.html" : "Diet"
    },
    {
      "url" : "http://terminology.hl7.org/CodeSystem/discharge-disposition",
      "version" : "0.1.0",
      "status" : "draft",
      "name" : "DischargeDisposition",
      "title" : "Discharge disposition",
      "description" : "This value set defines a set of codes that can be used to where the patient left the hospital.",
      "oids" : ["2.16.840.1.113883.4.642.1.1093"],
      "uses" : {
      },
      "http://hl7.org/fhir/R5/valueset-encounter-discharge-disposition.html" : "Discharge Disposition"
    },
    {
      "url" : "http://terminology.hl7.org/CodeSystem/dose-rate-type",
      "version" : "0.1.0",
      "status" : "draft",
      "name" : "DoseAndRateType",
      "title" : "DoseAndRateType",
      "description" : "The kind of dose or rate specified.",
      "oids" : ["2.16.840.1.113883.4.642.1.1069"],
      "uses" : {
      },
      "http://terminology.hl7.org/5.3.0/ValueSet-dose-rate-type.html" : "DoseAndRateType"
    },
    {
      "url" : "http://terminology.hl7.org/CodeSystem/encounter-special-arrangements",
      "version" : "0.1.0",
      "status" : "draft",
      "name" : "SpecialArrangements",
      "title" : "Special arrangements",
      "description" : "This value set defines a set of codes that can be used to indicate the kinds of special arrangements in place for a patients visit.",
      "oids" : ["2.16.840.1.113883.4.642.1.1090"],
      "uses" : {
      },
      "http://hl7.org/fhir/R5/valueset-encounter-special-arrangements.html" : "Special Arrangements"
    },
    {
      "url" : "http://terminology.hl7.org/CodeSystem/encounter-subject-status",
      "version" : "1.0.0",
      "status" : "draft",
      "name" : "EncounterSubjectStatus",
      "title" : "Encounter subject status",
      "description" : "This example value set defines a set of codes that can be used to indicate the status of the subject within the encounter",
      "oids" : ["2.16.840.1.113883.4.642.1.1420"],
      "uses" : {
      },
      "http://hl7.org/fhir/R5/valueset-encounter-subject-status.html" : "Encounter Subject Status"
    },
    {
      "url" : "http://terminology.hl7.org/CodeSystem/encounter-type",
      "version" : "0.1.0",
      "status" : "draft",
      "name" : "EncounterType",
      "title" : "Encounter type",
      "description" : "This example value set defines a set of codes that can be used to indicate the type of encounter: a specific code indicating type of service provided.",
      "oids" : ["2.16.840.1.113883.4.642.1.1088"],
      "uses" : {
      },
      "http://hl7.org/fhir/R5/valueset-encounter-type.html" : "Encounter Type"
    },
    {
      "url" : "http://terminology.hl7.org/CodeSystem/goal-category",
      "version" : "0.1.0",
      "status" : "draft",
      "name" : "GoalCategory",
      "title" : "Goal category",
      "description" : "Example codes for grouping goals to use for filtering or presentation.",
      "oids" : ["2.16.840.1.113883.4.642.1.1097"],
      "uses" : {
      },
      "http://hl7.org/fhir/R5/valueset-goal-category.html" : "Goal Category"
    },
    {
      "url" : "http://terminology.hl7.org/CodeSystem/goal-priority",
      "version" : "0.1.0",
      "status" : "draft",
      "name" : "GoalPriority",
      "title" : "Goal priority",
      "description" : "Indicates the level of importance associated with reaching or sustaining a goal.",
      "oids" : ["2.16.840.1.113883.4.642.1.1096"],
      "uses" : {
      },
      "http://hl7.org/fhir/R5/valueset-goal-priority.html" : "Goal Priority"
    },
    {
      "url" : "http://terminology.hl7.org/CodeSystem/location-physical-type",
      "version" : "1.0.0",
      "status" : "draft",
      "name" : "LocationType",
      "title" : "Location type",
      "description" : "This example value set defines a set of codes that can be used to indicate the physical form of the Location.\r\rThis includes several 'non physical' codes which are still considered a location.",
      "oids" : ["2.16.840.1.113883.4.642.1.1108"],
      "uses" : {
      },
      "http://hl7.org/fhir/R5/valueset-location-form.html" : "Location Form"
    },
    {
      "url" : "http://terminology.hl7.org/CodeSystem/med-admin-perform-function",
      "version" : "0.1.0",
      "status" : "draft",
      "name" : "MedicationAdministrationPerformerFunctionCodes",
      "title" : "MedicationAdministration Performer Function Codes",
      "description" : "MedicationAdministration Performer Function Codes",
      "oids" : ["2.16.840.1.113883.4.642.1.1112"],
      "uses" : {
      },
      "http://hl7.org/fhir/R5/valueset-med-admin-perform-function.html" : "MedicationAdministration Performer Function Codes"
    },
    {
      "url" : "http://terminology.hl7.org/CodeSystem/medication-admin-location",
      "version" : "0.1.0",
      "status" : "draft",
      "name" : "MedicationAdministrationLocationCodes",
      "title" : "MedicationAdministration Location Codes",
      "description" : "MedicationAdministration Location Codes",
      "oids" : ["2.16.840.1.113883.4.642.1.0"],
      "uses" : {
      },
      "http://hl7.org/fhir/R5/valueset-medication-admin-location.html" : "MedicationAdministration Location Codes"
    },
    {
      "url" : "http://terminology.hl7.org/CodeSystem/medicationrequest-admin-location",
      "version" : "0.1.0",
      "status" : "draft",
      "name" : "MedicationRequest_Administration_Location_Codes",
      "title" : "Medication request  administration  location  codes",
      "description" : "MedicationRequest Administration Location Codes",
      "oids" : ["2.16.840.1.113883.4.642.1.0"],
      "uses" : {
      },
      "http://hl7.org/fhir/R5/valueset-medicationrequest-admin-location.html" : "medicationRequest Administration Location Codes"
    },
    {
      "url" : "http://terminology.hl7.org/CodeSystem/medicationrequest-course-of-therapy",
      "version" : "0.1.0",
      "status" : "draft",
      "name" : "MedicationRequestCourseOfTherapyCodes",
      "title" : "MedicationRequest Course of Therapy Codes",
      "description" : "MedicationRequest Course of Therapy Codes",
      "oids" : ["2.16.840.1.113883.4.642.1.1327"],
      "uses" : {
      },
      "http://hl7.org/fhir/R5/valueset-medicationrequest-course-of-therapy.html" : "medicationRequest Course of Therapy Codes"
    },
    {
      "url" : "http://terminology.hl7.org/CodeSystem/medicationrequest-status-reason",
      "version" : "0.1.0",
      "status" : "draft",
      "name" : "MedicationRequestStatusReasonCodes",
      "title" : "MedicationRequest Status Reason Codes",
      "description" : "MedicationRequest Status Reason Codes",
      "oids" : ["2.16.840.1.113883.4.642.1.1325"],
      "uses" : {
      },
      "http://hl7.org/fhir/R5/valueset-medicationrequest-status-reason.html" : "medicationRequest Status Reason Codes"
    },
    {
      "url" : "http://terminology.hl7.org/CodeSystem/observation-category",
      "version" : "0.1.0",
      "status" : "draft",
      "name" : "ObservationCategoryCodes",
      "title" : "Observation Category Codes",
      "description" : "Observation Category codes.",
      "oids" : ["2.16.840.1.113883.4.642.1.1125"],
      "uses" : {
      },
      "http://hl7.org/fhir/R5/valueset-observation-category.html" : "Observation Category Codes"
    },
    {
      "url" : "http://terminology.hl7.org/CodeSystem/organization-type",
      "version" : "0.1.0",
      "status" : "draft",
      "name" : "OrganizationType",
      "title" : "Organization type",
      "description" : "This example value set defines a set of codes that can be used to indicate a type of organization.",
      "oids" : ["2.16.840.1.113883.4.642.1.1128"],
      "uses" : {
      },
      "http://hl7.org/fhir/R5/valueset-organization-type.html" : "Organization Type"
    },
    {
      "url" : "http://terminology.hl7.org/CodeSystem/participant-type",
      "version" : "0.5.0",
      "status" : "draft",
      "name" : "ParticipantType",
      "title" : "Participant type",
      "description" : "This value set defines a set of codes that can be used to indicate how an individual participates in an encounter.",
      "oids" : ["2.16.840.1.113883.4.642.1.1089"],
      "uses" : {
      },
      "http://hl7.org/fhir/R5/valueset-encounter-participant-type.html" : "Participant Type"
    },
    {
      "url" : "http://terminology.hl7.org/CodeSystem/reason-medication-given",
      "version" : "0.1.0",
      "status" : "draft",
      "name" : "ReasonMedicationGivenCodes",
      "title" : "Reason Medication Given Codes",
      "description" : "This value set is provided as an example. The value set to instantiate this attribute should be drawn from a robust terminology code system that consists of or contains concepts to support the medication process.",
      "oids" : ["2.16.840.1.113883.4.642.1.1110"],
      "uses" : {
      },
      "http://hl7.org/fhir/R5/valueset-reason-medication-given-codes.html" : "Reason Medication Given Codes"
    },
    {
      "url" : "http://terminology.hl7.org/CodeSystem/referencerange-meaning",
      "version" : "0.1.0",
      "status" : "draft",
      "name" : "ObservationReferenceRangeMeaningCodes",
      "title" : "Observation Reference Range Meaning Codes",
      "description" : "This value set defines a set of codes that can be used to indicate the meaning/use of a reference range for a particular target population.",
      "oids" : ["2.16.840.1.113883.4.642.1.1124"],
      "uses" : {
      },
      "http://hl7.org/fhir/R5/valueset-referencerange-meaning.html" : "Observation Reference Range Meaning Codes"
    },
    {
      "url" : "http://terminology.hl7.org/CodeSystem/service-type",
      "version" : "0.1.0",
      "status" : "draft",
      "name" : "ServiceType",
      "title" : "Service type",
      "description" : "This value set defines an example set of codes of service-types.",
      "oids" : ["2.16.840.1.113883.4.642.1.1145"],
      "uses" : {
      },
      "http://hl7.org/fhir/R5/valueset-service-type.html" : "Service Type"
    },
    {
      "url" : "http://terminology.hl7.org/CodeSystem/timing-abbreviation",
      "version" : "5.0.0",
      "status" : "draft",
      "name" : "TimingAbbreviation",
      "title" : "TimingAbbreviation",
      "description" : "Code for a known / defined timing pattern.",
      "uses" : {
      },
      "http://hl7.org/fhir/R5/valueset-timing-abbreviation.html" : "TimingAbbreviation"
    },
    {
      "url" : "http://terminology.hl7.org/CodeSystem/v2-0092",
      "version" : "2.1.0",
      "status" : "active",
      "name" : "ReAdmissionIndicator",
      "title" : "re-admissionIndicator",
      "description" : "Code system of concepts which are used to specify that a patient is being re admitted to a healthcare facilityin from which they were discharged, and indicates the circumstances around such re-admission.  Used in HL7 Version 2.x messagine in the PV1 segment.",
      "oids" : ["2.16.840.1.113883.18.36"],
      "uses" : {
      },
      "http://terminology.hl7.org/5.3.0/ValueSet-v2-0092.html" : "hl7VS-re-admissionIndicator"
    },
    {
      "url" : "http://terminology.hl7.org/CodeSystem/v2-0116",
      "version" : "2.2.0",
      "status" : "active",
      "name" : "BedStatus",
      "title" : "bedStatus",
      "description" : "Code system of concepts which specify the state of a bed in an inpatient setting, and is used to determine if a patient may be assigned to it or not.  Used in HL7 Version 2.x messaging in the DLD and PV1 segments.",
      "oids" : ["2.16.840.1.113883.18.47"],
      "uses" : {
      },
      "http://terminology.hl7.org/5.3.0/ValueSet-v2-0116.html" : "hl7VS-bedStatus"
    },
    {
      "url" : "http://terminology.hl7.org/CodeSystem/v2-0131",
      "version" : "2.1.0",
      "status" : "active",
      "name" : "ContactRole2",
      "title" : "contactRole2",
      "description" : "Code system of concepts which specify a relationship role that the next of kin/associated parties plays with regard to the patient. Also used in referrals, for example, it may be necessary to identify the contact representative at the clinic that sent a referral. Used in HL7 Version 2 messaging in the NK1 and CTD segments after 2.5, when it replace 2.16.840.1.113883.18.57.",
      "oids" : ["2.16.840.1.113883.18.58"],
      "uses" : {
      },
      "http://hl7.org/fhir/R5/valueset-patient-contactrelationship.html" : "Patient Contact Relationship "
    },
    {
      "url" : "http://terminology.hl7.org/CodeSystem/v2-0203",
      "version" : "3.0.0",
      "status" : "active",
      "name" : "IdentifierType",
      "title" : "identifierType",
      "description" : "HL7-defined code system of concepts specifying type of identifier. Used in HL7 Version 2.x messaging data types CX, PLN, PPN, XCN and XON.",
      "oids" : ["2.16.840.1.113883.18.108"],
      "uses" : {
      },
      "http://hl7.org/fhir/R5/valueset-identifier-type.html" : "Identifier Type Codes"
    },
    {
      "url" : "http://terminology.hl7.org/CodeSystem/v2-0360",
      "version" : "2.1.0",
      "status" : "active",
      "name" : "DegreeLicenseCertificate",
      "title" : "degreeLicenseCertificate",
      "description" : "Code system of concepts specifying an educational degree (e.g., MD).  Used in the CNN datatype (names and identifiers of clinicians) in Version 2 messaging.  Used in HL7 Version 2.x messaging in the CNN segment; note that in releases of HL7 prior to 2.3.1, was also used in person names (XPN), but this use was deprecated, then withdrawn in 2.7.",
      "oids" : ["2.16.840.1.113883.18.220"],
      "uses" : {
      },
      "http://terminology.hl7.org/5.3.0/ValueSet-v2-0360.html" : "hl7VS-degreeLicenseCertificate"
    },
    {
      "url" : "http://terminology.hl7.org/CodeSystem/v3-ActCode",
      "version" : "8.0.1",
      "status" : "active",
      "name" : "ActCode",
      "title" : "ActCode",
      "description" : "A code specifying the particular kind of Act that the Act-instance represents within its class.\r\n\r\n*Constraints:* The kind of Act (e.g. physical examination, serum potassium, inpatient encounter, charge financial transaction, etc.) is specified with a code from one of several, typically external, coding systems. The coding system will depend on the class of Act, such as LOINC for observations, etc.\r\n\r\nConceptually, the Act.code must be a specialization of the Act.classCode. This is why the structure of ActClass domain should be reflected in the superstructure of the ActCode domain and then individual codes or externally referenced vocabularies subordinated under these domains that reflect the ActClass structure.\r\n\r\nAct.classCode and Act.code are not modifiers of each other but the Act.code concept should really imply the Act.classCode concept. For a negative example, it is not appropriate to use an Act.code \"potassium\" together with and Act.classCode for \"laboratory observation\" to somehow mean \"potassium laboratory observation\" and then use the same Act.code for \"potassium\" together with Act.classCode for \"medication\" to mean \"substitution of potassium\". This mutually modifying use of Act.code and Act.classCode is not permitted.",
      "oids" : ["2.16.840.1.113883.5.4"],
      "uses" : {
      },
      "http://terminology.hl7.org/5.3.0/ValueSet-encounter-class.html" : "Encounter class"
    },
    {
      "url" : "http://terminology.hl7.org/CodeSystem/v3-ActPriority",
      "version" : "2.1.0",
      "status" : "active",
      "name" : "ActPriority",
      "title" : "ActPriority",
      "description" : "A set of codes (e.g., for routine, emergency), specifying the urgency under which the Act happened, can happen, is happening, is intended to happen, or is requested/demanded to happen.",
      "oids" : ["2.16.840.1.113883.5.7"],
      "uses" : {
      },
      "http://terminology.hl7.org/5.3.0/ValueSet-v3-ActPriority.html" : "ActPriority"
    },
    {
      "url" : "http://terminology.hl7.org/CodeSystem/v3-ActReason",
      "version" : "2.1.1",
      "status" : "active",
      "name" : "ActReason",
      "title" : "ActReason",
      "description" : "A set of codes specifying the motivation, cause, or rationale of an Act, when such rationale is not reasonably represented as an ActRelationship of type \"has reason\" linking to another Act.\r\n\r\n*Examples:* Example reasons that might qualify for being coded in this field might be: \"routine requirement\", \"infectious disease reporting requirement\", \"on patient request\", \"required by law\".",
      "oids" : ["2.16.840.1.113883.5.8"],
      "uses" : {
      },
      "http://terminology.hl7.org/5.3.0/ValueSet-v3-SubstanceAdminSubstitutionReason.html" : "SubstanceAdminSubstitutionReason"
    },
    {
      "url" : "http://terminology.hl7.org/CodeSystem/v3-EncounterSpecialCourtesy",
      "version" : "2.1.0",
      "status" : "active",
      "name" : "EncounterSpecialCourtesy",
      "title" : "EncounterSpecialCourtesy",
      "description" : "**** MISSING DESCRIPTION ****",
      "oids" : ["2.16.840.1.113883.5.40"],
      "uses" : {
      },
      "http://hl7.org/fhir/R5/valueset-encounter-special-courtesy.html" : "Special Courtesy"
    },
    {
      "url" : "http://terminology.hl7.org/CodeSystem/v3-GTSAbbreviation",
      "version" : "2.1.0",
      "status" : "active",
      "name" : "GTSAbbreviation",
      "title" : "GTSAbbreviation",
      "description" : "*Open Issue:* It appears that the printnames are suboptimal and should be improved for many of the existing codes.",
      "oids" : ["2.16.840.1.113883.5.1022"],
      "uses" : {
      },
      "http://hl7.org/fhir/R5/valueset-timing-abbreviation.html" : "TimingAbbreviation"
    },
    {
      "url" : "http://terminology.hl7.org/CodeSystem/v3-MaritalStatus",
      "version" : "2.1.0",
      "status" : "active",
      "name" : "MaritalStatus",
      "title" : "MaritalStatus",
      "description" : "\\* \\* \\* No description supplied \\* \\* \\*\r\n\r\n*Open Issue:* The specific meanings of these codes can vary somewhat by jurisdiction and implementation so caution should be used when determining equivalency.\r\n\r\n*Open Issue:* fixing and completion of the hierarchy and proper good definitions of all the concepts is badly needed.",
      "oids" : ["2.16.840.1.113883.5.2"],
      "uses" : {
      },
      "http://hl7.org/fhir/R5/valueset-marital-status.html" : "Marital Status Codes"
    },
    {
      "url" : "http://terminology.hl7.org/CodeSystem/v3-NullFlavor",
      "version" : "2.1.0",
      "status" : "active",
      "name" : "NullFlavor",
      "title" : "NullFlavor",
      "description" : "A collection of codes specifying why a valid value is not present.",
      "oids" : ["2.16.840.1.113883.5.1008"],
      "uses" : {
      },
      "http://hl7.org/fhir/R5/valueset-encounter-special-courtesy.html" : "Special Courtesy",
      "http://hl7.org/fhir/R5/valueset-marital-status.html" : "Marital Status Codes"
    },
    {
      "url" : "http://terminology.hl7.org/CodeSystem/v3-ObservationInterpretation",
      "version" : "2.1.0",
      "status" : "active",
      "name" : "ObservationInterpretation",
      "title" : "ObservationInterpretation",
      "description" : "One or more codes providing a rough qualitative interpretation of the observation, such as \"normal\" / \"abnormal\", \"low\" / \"high\", \"better\" / \"worse\", \"resistant\" / \"susceptible\", \"expected\" / \"not expected\". The value set is intended to be for ANY use where coded representation of an interpretation is needed.",
      "oids" : ["2.16.840.1.113883.5.83"],
      "uses" : {
      },
      "http://hl7.org/fhir/R5/valueset-observation-interpretation.html" : "Observation Interpretation Codes"
    },
    {
      "url" : "http://terminology.hl7.org/CodeSystem/v3-ParticipationType",
      "version" : "4.0.0",
      "status" : "active",
      "name" : "ParticipationType",
      "title" : "ParticipationType",
      "description" : "A code specifying the meaning and purpose of every Participation instance. Each of its values implies specific constraints on the Roles undertaking the participation.",
      "oids" : ["2.16.840.1.113883.5.90"],
      "uses" : {
      },
      "http://hl7.org/fhir/R5/valueset-encounter-participant-type.html" : "Participant Type"
    },
    {
      "url" : "http://terminology.hl7.org/CodeSystem/v3-RoleCode",
      "version" : "2.2.0",
      "status" : "active",
      "name" : "RoleCode",
      "title" : "RoleCode",
      "description" : "A set of codes further specifying the kind of Role; specific classification codes for further qualifying RoleClass codes.",
      "oids" : ["2.16.840.1.113883.5.111"],
      "uses" : {
      },
      "http://terminology.hl7.org/5.3.0/ValueSet-v3-ServiceDeliveryLocationRoleType.html" : "ServiceDeliveryLocationRoleType"
    },
    {
      "url" : "http://terminology.hl7.org/CodeSystem/v3-TimingEvent",
      "version" : "2.1.0",
      "status" : "active",
      "name" : "TimingEvent",
      "title" : "TimingEvent",
      "description" : "**** MISSING DESCRIPTION ****",
      "oids" : ["2.16.840.1.113883.5.139"],
      "uses" : {
      },
      "http://hl7.org/fhir/R5/valueset-event-timing.html" : "EventTiming"
    },
    {
      "url" : "http://terminology.hl7.org/CodeSystem/v3-substanceAdminSubstitution",
      "version" : "2.1.0",
      "status" : "active",
      "name" : "SubstanceAdminSubstitution",
      "title" : "Substance Admin Substitution",
      "description" : "Identifies what sort of change is permitted or has occurred between the therapy that was ordered and the therapy that was/will be provided.",
      "oids" : ["2.16.840.1.113883.5.1070"],
      "uses" : {
      },
      "http://terminology.hl7.org/5.3.0/ValueSet-v3-ActSubstanceAdminSubstitutionCode.html" : "ActSubstanceAdminSubstitutionCode"
    },
    {
      "url" : "http://unitsofmeasure.org",
      "version" : "3.0.1",
      "status" : "active",
      "name" : "UCUM",
      "title" : "Unified Code for Units of Measure (UCUM)",
      "description" : "The Unified Code for Units of Measure (UCUM) is a code system intended to include all units of measures being contemporarily used in international science, engineering, and business. The purpose is to facilitate unambiguous electronic communication of quantities together with their units. The focus is on electronic communication, as opposed to communication between humans. A typical application of The Unified Code for Units of Measure are electronic data interchange (EDI) protocols, but there is nothing that prevents it from being used in other types of machine communication.",
      "oids" : ["2.16.840.1.113883.6.8"],
      "uses" : {
      },
      "http://hl7.org/fhir/R5/valueset-units-of-time.html" : "UnitsOfTime"
    },
    {
      "url" : "urn:ietf:bcp:47",
      "version" : "2.0.1",
      "status" : "active",
      "name" : "Ietf3066",
      "title" : "Tags for the Identification of Languages",
      "description" : "Older value from OID registry.  Superceded; see recommendations in BCP-47.",
      "oids" : ["2.16.840.1.113883.6.121"],
      "uses" : {
      },
      "http://hl7.org/fhir/R5/valueset-languages.html" : "Common Languages",
      "http://hl7.org/fhir/R5/valueset-all-languages.html" : "All Languages"
    },
    {
      "url" : "urn:iso:std:iso:11073:10101",
      "version" : "2.0.1",
      "status" : "active",
      "name" : "Mdc",
      "title" : "ISO 11073-10101 Health informatics - Point-of-care",
      "description" : "The nomenclature relates primarily to vital signs monitoring, but also includes semantics of other medical devices that are commonly used in acute care settings. There are multiple coding partitions each of which has a systematic name consisting of a set of base concepts and differentiating criteria.",
      "oids" : ["2.16.840.1.113883.6.24"],
      "uses" : {
      },
      "http://hl7.org/fhir/R5/valueset-device-property-type.html" : "Device Property Type",
      "http://hl7.org/fhir/R5/valueset-device-type.html" : "Device Type",
      "http://hl7.org/fhir/R5/valueset-device-specification-type.html" : "Device Specification Type"
    },
    {
      "url" : "urn:iso:std:iso:3166",
      "version" : "1.0.0",
      "status" : "active",
      "name" : "ISO3166Part1",
      "title" : "ISO 3166-1 Codes for the representation of names of countries and their subdivisions — Part 1: Country code",
      "description" : "ISO 3166-1 establishes codes that represent the current names of countries, dependencies, and other areas of particular geopolitical interest, on the basis of country names obtained from the United Nations.",
      "oids" : ["1.0.3166.1"],
      "uses" : {
      },
      "http://hl7.org/fhir/R5/valueset-jurisdiction.html" : "Jurisdiction ValueSet"
    },
    {
      "url" : "urn:iso:std:iso:3166:-2",
      "version" : "2013-11",
      "status" : "retired",
      "name" : "Iso3166_2",
      "title" : "ISO 3166 Part 2 Country Subdivision Codes",
      "description" : "Identifies the coding system published in the ISO 3166-2 Standard for Country Subdivision codes. This standard is released periodically, and a new OID will be assigned by ISO for new editions.",
      "oids" : ["1.0.3166.2"],
      "uses" : {
      },
      "http://hl7.org/fhir/R5/valueset-jurisdiction.html" : "Jurisdiction ValueSet"
    }
  ]
}
