{
  "resourceType" : "MedicationRequest",
  "id" : "examplePrescriptionItemVITB12",
  "meta" : {
    "profile" : ["http://ltsi.univ-rennes.fr/StructureDefinition/PrescriptionItem"]
  },
  "text" : {
    "status" : "generated",
    "div" : "<div xmlns=\"http://www.w3.org/1999/xhtml\"><p><b>Generated Narrative: MedicationRequest</b><a name=\"examplePrescriptionItemVITB12\"> </a><a name=\"hcexamplePrescriptionItemVITB12\"> </a></p><div style=\"display: inline-block; background-color: #d9e0e7; padding: 6px; margin: 4px; border: 1px solid #8da1b4; border-radius: 5px; line-height: 60%\"><p style=\"margin-bottom: 0px\">Resource MedicationRequest &quot;examplePrescriptionItemVITB12&quot; </p><p style=\"margin-bottom: 0px\">Profile: <a href=\"StructureDefinition-prescription-item.html\">Prescription Item</a></p></div><p><b>identifier</b>: 22327328</p><p><b>groupIdentifier</b>: 12345</p><p><b>status</b>: completed</p><p><b>intent</b>: order</p><p><b>category</b>: Stop <span style=\"background: LightGoldenRodYellow; margin: 4px; border: 1px solid khaki\"> (<a href=\"CodeSystem-CSPrescriptionStatus.html\">Prescription status</a>#S)</span></p><h3>Medications</h3><table class=\"grid\"><tr><td style=\"display: none\">-</td><td><b>Reference</b></td></tr><tr><td style=\"display: none\">*</td><td><a href=\"Medication-exampleOncologyMedicationVITB12.html\">Medication/exampleOncologyMedicationVITB12</a></td></tr></table><p><b>subject</b>: <a href=\"Patient-exampleOncologyPatient.html\">Patient/exampleOncologyPatient</a> &quot; DOE&quot;</p><p><b>requester</b>: <span>PP0045</span></p><p><b>note</b>: If EDIN score &gt; 3</p><p><b>effectiveDosePeriod</b>: 2020-07-01 08:00:00+0000 --&gt; 2020-07-17 14:34:00+0000</p><blockquote><p><b>dosageInstruction</b></p><p><b>text</b>: Administer 1 ampoule of VIT B12 DEL 1MG/2ML, 1 time a day on Mondays, Wednesdays and Fridays.</p><p><b>timing</b>: Starting 2020-07-01 08:00:00+0000, Once per 1 days</p><p><b>route</b>: Oral route <span style=\"background: LightGoldenRodYellow; margin: 4px; border: 1px solid khaki\"> (<a href=\"CodeSystem-CSSCT.html\">SNOMED CT Codes</a>#26643006)</span></p><blockquote><p><b>doseAndRate</b></p></blockquote></blockquote><blockquote><p><b>dispenseRequest</b></p><h3>InitialFills</h3><table class=\"grid\"><tr><td style=\"display: none\">-</td><td><b>Quantity</b></td></tr><tr><td style=\"display: none\">*</td><td>1</td></tr></table></blockquote></div>"
  },
  "identifier" : [{
    "value" : "22327328"
  }],
  "groupIdentifier" : {
    "value" : "12345"
  },
  "status" : "completed",
  "intent" : "order",
  "category" : [{
    "coding" : [{
      "system" : "http://ltsi.univ-rennes.fr/CodeSystem/CSPrescriptionStatus",
      "code" : "S",
      "display" : "Stop"
    }]
  }],
  "medication" : {
    "reference" : {
      "reference" : "Medication/exampleOncologyMedicationVITB12"
    }
  },
  "subject" : {
    "reference" : "Patient/exampleOncologyPatient"
  },
  "requester" : {
    "identifier" : {
      "value" : "PP0045"
    }
  },
  "note" : [{
    "text" : "If EDIN score > 3"
  }],
  "effectiveDosePeriod" : {
    "start" : "2020-07-01T08:00:00+00:00",
    "end" : "2020-07-17T14:34:00+00:00"
  },
  "dosageInstruction" : [{
    "text" : "Administer 1 ampoule of VIT B12 DEL 1MG/2ML, 1 time a day on Mondays, Wednesdays and Fridays.",
    "timing" : {
      "repeat" : {
        "boundsPeriod" : {
          "start" : "2020-07-01T08:00:00+00:00"
        },
        "frequency" : 1,
        "period" : 1,
        "periodUnit" : "d",
        "dayOfWeek" : ["mon",
        "wed",
        "fri"]
      }
    },
    "route" : {
      "coding" : [{
        "system" : "http://ltsi.univ-rennes.fr/CodeSystem/CSSCT",
        "code" : "26643006",
        "display" : "Oral route"
      }]
    },
    "doseAndRate" : [{
      "doseQuantity" : {
        "value" : 1,
        "unit" : "ampoule(s)"
      }
    }]
  }],
  "dispenseRequest" : {
    "initialFill" : {
      "quantity" : {
        "value" : 1
      }
    }
  }
}