<?xml version="1.0" encoding="UTF-8"?>

<MedicationRequest xmlns="http://hl7.org/fhir">
  <id value="examplePrescriptionItemOXYCODONELP10MGVIATRIS"/>
  <meta>
    <profile value="http://ltsi.univ-rennes.fr/StructureDefinition/PrescriptionItem"/>
  </meta>
  <text>
    <status value="generated"/><div xmlns="http://www.w3.org/1999/xhtml"><p><b>Generated Narrative: MedicationRequest</b><a name="examplePrescriptionItemOXYCODONELP10MGVIATRIS"> </a><a name="hcexamplePrescriptionItemOXYCODONELP10MGVIATRIS"> </a></p><div style="display: inline-block; background-color: #d9e0e7; padding: 6px; margin: 4px; border: 1px solid #8da1b4; border-radius: 5px; line-height: 60%"><p style="margin-bottom: 0px">Resource MedicationRequest &quot;examplePrescriptionItemOXYCODONELP10MGVIATRIS&quot; </p><p style="margin-bottom: 0px">Profile: <a href="StructureDefinition-prescription-item.html">Prescription Item</a></p></div><p><b>identifier</b>: 9403863</p><p><b>groupIdentifier</b>: 12345</p><p><b>status</b>: completed</p><p><b>intent</b>: order</p><p><b>category</b>: Stop <span style="background: LightGoldenRodYellow; margin: 4px; border: 1px solid khaki"> (<a href="CodeSystem-CSPrescriptionStatus.html">Prescription status</a>#S)</span></p><h3>Medications</h3><table class="grid"><tr><td style="display: none">-</td><td><b>Reference</b></td></tr><tr><td style="display: none">*</td><td><a href="Medication-exampleOncologyMedicationOXYCODONELP10MGVIATRIS.html">Medication/exampleOncologyMedicationOXYCODONELP10MGVIATRIS</a></td></tr></table><p><b>subject</b>: <a href="Patient-exampleOncologyPatient.html">Patient/exampleOncologyPatient</a> &quot; DOE&quot;</p><p><b>requester</b>: <span>MG0177</span></p><p><b>effectiveDosePeriod</b>: 2023-10-16 20:00:00+0000 --&gt; 2023-10-19 14:32:00+0000</p><blockquote><p><b>dosageInstruction</b></p><p><b>text</b>: Administer 1 OXYCODONE LP 10 MG VIATRIS extended-release tablet, 2 times daily at 8am and 8pm.</p><p><b>timing</b>: 2 per 1 days</p><p><b>route</b>: Oral route <span style="background: LightGoldenRodYellow; margin: 4px; border: 1px solid khaki"> (<a href="CodeSystem-CSSCT.html">SNOMED CT Codes</a>#26643006)</span></p><blockquote><p><b>doseAndRate</b></p></blockquote></blockquote><blockquote><p><b>dispenseRequest</b></p><h3>InitialFills</h3><table class="grid"><tr><td style="display: none">-</td><td><b>Quantity</b></td></tr><tr><td style="display: none">*</td><td>1</td></tr></table></blockquote></div>
  </text>
  <identifier>
    <value value="9403863"/>
  </identifier>
  <groupIdentifier>
    <value value="12345"/>
  </groupIdentifier>
  <status value="completed"/>
  <intent value="order"/>
  <category>
    <coding>
      <system value="http://ltsi.univ-rennes.fr/CodeSystem/CSPrescriptionStatus"/>
      <code value="S"/>
      <display value="Stop"/>
    </coding>
  </category>
  <medication>
    <reference>
      <reference value="Medication/exampleOncologyMedicationOXYCODONELP10MGVIATRIS"/>
    </reference>
  </medication>
  <subject>
    <reference value="Patient/exampleOncologyPatient"/>
  </subject>
  <requester>
    <identifier>
      <value value="MG0177"/>
    </identifier>
  </requester>
  <effectiveDosePeriod>
    <start value="2023-10-16T20:00:00.0000Z"/>
    <end value="2023-10-19T14:32:00.0000Z"/>
  </effectiveDosePeriod>
  <dosageInstruction>
    <text value="Administer 1 OXYCODONE LP 10 MG VIATRIS extended-release tablet, 2 times daily at 8am and 8pm."/>
    <timing>
      <repeat>
        <frequency value="2"/>
        <period value="1"/>
        <periodUnit value="d"/>
        <timeOfDay value="08:00:00"/>
        <timeOfDay value="20:00:00"/>
      </repeat>
    </timing>
    <route>
      <coding>
        <system value="http://ltsi.univ-rennes.fr/CodeSystem/CSSCT"/>
        <code value="26643006"/>
        <display value="Oral route"/>
      </coding>
    </route>
    <doseAndRate>
      <doseQuantity>
        <value value="1"/>
        <unit value="tablet(s)"/>
      </doseQuantity>
    </doseAndRate>
  </dosageInstruction>
  <dispenseRequest>
    <initialFill>
      <quantity>
        <value value="1"/>
      </quantity>
    </initialFill>
  </dispenseRequest>
</MedicationRequest>