<?xml version="1.0" encoding="UTF-8"?><CodeSystem xmlns="http://hl7.org/fhir"><id value="siph-renscomplement-oncofair-codesystem"/><text><status value="generated"/><div xmlns="http://www.w3.org/1999/xhtml"><p>This case-sensitive code system <code>http://ltsi.univ-rennes.fr/CodeSystem/siph-renscomplement-oncofair-codesystem</code> defines the following codes:</p><table class="codes"><tr><td style="white-space:nowrap"><b>Code</b></td><td><b>Display</b></td></tr><tr><td style="white-space:nowrap">ELT_DOSS<a name="siph-renscomplement-oncofair-codesystem-ELT_DOSS"> </a></td><td>Elément du dossier médical</td></tr><tr><td style="white-space:nowrap">POIDS<a name="siph-renscomplement-oncofair-codesystem-POIDS"> </a></td><td>Poids</td></tr><tr><td style="white-space:nowrap">TAILLE<a name="siph-renscomplement-oncofair-codesystem-TAILLE"> </a></td><td>Taille</td></tr><tr><td style="white-space:nowrap">S_CORP<a name="siph-renscomplement-oncofair-codesystem-S_CORP"> </a></td><td>Surface corporelle</td></tr><tr><td style="white-space:nowrap">DIAG<a name="siph-renscomplement-oncofair-codesystem-DIAG"> </a></td><td>Diagnostic</td></tr><tr><td style="white-space:nowrap">CL_CREAT<a name="siph-renscomplement-oncofair-codesystem-CL_CREAT"> </a></td><td>Clairance de la créatinine</td></tr><tr><td style="white-space:nowrap">REGIME<a name="siph-renscomplement-oncofair-codesystem-REGIME"> </a></td><td>Régime</td></tr><tr><td style="white-space:nowrap">ALLERGIE<a name="siph-renscomplement-oncofair-codesystem-ALLERGIE"> </a></td><td>Allergie</td></tr><tr><td style="white-space:nowrap">AGE<a name="siph-renscomplement-oncofair-codesystem-AGE"> </a></td><td>Age</td></tr><tr><td style="white-space:nowrap">SEXE<a name="siph-renscomplement-oncofair-codesystem-SEXE"> </a></td><td>Sexe clinique</td></tr><tr><td style="white-space:nowrap">EVT<a name="siph-renscomplement-oncofair-codesystem-EVT"> </a></td><td>Evénment clinique</td></tr></table></div></text><url value="http://ltsi.univ-rennes.fr/CodeSystem/siph-renscomplement-oncofair-codesystem"/><version value="0.1.0"/><name value="SIPhRensComplementOncoFAIRCodeSystem"/><title value="Renseignement complémentaire Code System"/><status value="draft"/><experimental value="true"/><date value="2024-06-19T12:21:16+00:00"/><publisher value="DOMASIA team of the Signal and Image Processing Laboratory (LTSI) and KEREVAL"/><contact><name value="DOMASIA team of the Signal and Image Processing Laboratory (LTSI) and KEREVAL"/><telecom><system value="url"/><value value="https://ltsi.univ-rennes.fr"/></telecom></contact><description value="Code system pour l'attribut RensComplement"/><caseSensitive value="true"/><content value="complete"/><count value="11"/><concept><code value="ELT_DOSS"/><display value="Elément du dossier médical"/></concept><concept><code value="POIDS"/><display value="Poids"/></concept><concept><code value="TAILLE"/><display value="Taille"/></concept><concept><code value="S_CORP"/><display value="Surface corporelle"/></concept><concept><code value="DIAG"/><display value="Diagnostic"/></concept><concept><code value="CL_CREAT"/><display value="Clairance de la créatinine"/></concept><concept><code value="REGIME"/><display value="Régime"/></concept><concept><code value="ALLERGIE"/><display value="Allergie"/></concept><concept><code value="AGE"/><display value="Age"/></concept><concept><code value="SEXE"/><display value="Sexe clinique"/></concept><concept><code value="EVT"/><display value="Evénment clinique"/></concept></CodeSystem>