<?xml version="1.0" encoding="UTF-8"?><ValueSet xmlns="http://hl7.org/fhir"><id value="vsMedicationTypes"/><text><status value="generated"/><div xmlns="http://www.w3.org/1999/xhtml"><ul><li>Include all codes defined in <a href="CodeSystem-CSMedicationTypes.html"><code>http://ltsi.univ-rennes.fr/CodeSystem/CSMedicationTypes</code></a></li></ul></div></text><url value="http://ltsi.univ-rennes.fr/ValueSet/vsMedicationTypes"/><version value="0.1.0"/><name value="VSMedicationTypes"/><title value="Types of medication"/><status value="draft"/><experimental value="true"/><date value="2024-03-25T09:47:39+00:00"/><publisher value="DOMASIA team of the Signal and Image Processing Laboratory (LTSI)"/><contact><name value="DOMASIA team of the Signal and Image Processing Laboratory (LTSI)"/><telecom><system value="url"/><value value="https://ltsi.univ-rennes.fr"/></telecom></contact><description value="ValueSet for medication types."/><compose><include><system value="http://ltsi.univ-rennes.fr/CodeSystem/CSMedicationTypes"/></include></compose></ValueSet>