{"resourceType":"CodeSystem","id":"medication-lti-exemption","text":{"status":"generated","div":"<div xmlns=\"http://www.w3.org/1999/xhtml\"><p class=\"res-header-id\"><b>Generated Narrative: CodeSystem medication-lti-exemption</b></p><a name=\"medication-lti-exemption\"> </a><a name=\"hcmedication-lti-exemption\"> </a><a name=\"medication-lti-exemption-en-US\"> </a><p>This  code system <code>http://ltsi.univ-rennes.fr/CodeSystem/medication-lti-exemption</code> defines the following codes:</p><table class=\"codes\"><tr><td style=\"white-space:nowrap\"><b>Code</b></td><td><b>Display</b></td></tr><tr><td style=\"white-space:nowrap\">1<a name=\"medication-lti-exemption-1\"> </a></td><td>Accident vasculaire cérébral invalidant</td></tr><tr><td style=\"white-space:nowrap\">2<a name=\"medication-lti-exemption-2\"> </a></td><td>Insuffisances médullaires et autres cytopénies chroniques</td></tr><tr><td style=\"white-space:nowrap\">3<a name=\"medication-lti-exemption-3\"> </a></td><td>Artériopathies chroniques avec manifestations ischémiques</td></tr><tr><td style=\"white-space:nowrap\">4<a name=\"medication-lti-exemption-4\"> </a></td><td>Bilharziose compliquée</td></tr><tr><td style=\"white-space:nowrap\">5<a name=\"medication-lti-exemption-5\"> </a></td><td>Insuffisance cardiaque grave, troubles du rythme graves, cardiopathies valvulaires graves ; cardiopathies congénitales graves</td></tr><tr><td style=\"white-space:nowrap\">6<a name=\"medication-lti-exemption-6\"> </a></td><td>Maladies chroniques actives du foie et cirrhoses</td></tr><tr><td style=\"white-space:nowrap\">7<a name=\"medication-lti-exemption-7\"> </a></td><td>Déficit immunitaire primitif grave nécessitant un traitement prolongé, infection par le virus de l’immuno-déficience humaine</td></tr><tr><td style=\"white-space:nowrap\">8<a name=\"medication-lti-exemption-8\"> </a></td><td>Diabète de type 1 et diabète de type 2</td></tr><tr><td style=\"white-space:nowrap\">9<a name=\"medication-lti-exemption-9\"> </a></td><td>Forme grave des affections neurologiques et musculaires (dont myopathie), épilepsie grave</td></tr><tr><td style=\"white-space:nowrap\">10<a name=\"medication-lti-exemption-10\"> </a></td><td>Hémoglobinopathies, hémolyses, chroniques constitutionnelles et acquises sévères</td></tr><tr><td style=\"white-space:nowrap\">11<a name=\"medication-lti-exemption-11\"> </a></td><td>Hémophilies et affections constitutionnelles de l’hémostase graves</td></tr><tr><td style=\"white-space:nowrap\">12<a name=\"medication-lti-exemption-12\"> </a></td><td>Hypertension artérielle sévère</td></tr><tr><td style=\"white-space:nowrap\">13<a name=\"medication-lti-exemption-13\"> </a></td><td>Maladie coronaire</td></tr><tr><td style=\"white-space:nowrap\">14<a name=\"medication-lti-exemption-14\"> </a></td><td>Insuffisance respiratoire chronique grave</td></tr><tr><td style=\"white-space:nowrap\">15<a name=\"medication-lti-exemption-15\"> </a></td><td>Lèpre</td></tr><tr><td style=\"white-space:nowrap\">16<a name=\"medication-lti-exemption-16\"> </a></td><td>Maladie de Parkinson</td></tr><tr><td style=\"white-space:nowrap\">17<a name=\"medication-lti-exemption-17\"> </a></td><td>Maladies métaboliques héréditaires nécessitant un traitement prolongé spécialisé</td></tr><tr><td style=\"white-space:nowrap\">18<a name=\"medication-lti-exemption-18\"> </a></td><td>Mucoviscidose</td></tr><tr><td style=\"white-space:nowrap\">19<a name=\"medication-lti-exemption-19\"> </a></td><td>Néphropathie chronique grave et syndrome néphrotique primitif</td></tr><tr><td style=\"white-space:nowrap\">20<a name=\"medication-lti-exemption-20\"> </a></td><td>Paraplégie</td></tr><tr><td style=\"white-space:nowrap\">21<a name=\"medication-lti-exemption-21\"> </a></td><td>Péri-artérite noueuse, lupus érythémateux aigu disséminé, sclérodermie généralisée évolutive</td></tr><tr><td style=\"white-space:nowrap\">22<a name=\"medication-lti-exemption-22\"> </a></td><td>Polyarthrite rhumatoïde évolutive grave</td></tr><tr><td style=\"white-space:nowrap\">23<a name=\"medication-lti-exemption-23\"> </a></td><td>Psychose, trouble grave de la personnalité, arriération mentale</td></tr><tr><td style=\"white-space:nowrap\">24<a name=\"medication-lti-exemption-24\"> </a></td><td>Rectocolite hémorragique et maladie de Crohn évolutives</td></tr><tr><td style=\"white-space:nowrap\">25<a name=\"medication-lti-exemption-25\"> </a></td><td>Sclérose en plaques</td></tr><tr><td style=\"white-space:nowrap\">26<a name=\"medication-lti-exemption-26\"> </a></td><td>Scoliose structurale évolutive (dont l’angle est égal ou supérieur à 25 degrés) jusqu’à maturation rachidienne</td></tr><tr><td style=\"white-space:nowrap\">27<a name=\"medication-lti-exemption-27\"> </a></td><td>Spondylarthrite ankylosante grave</td></tr><tr><td style=\"white-space:nowrap\">28<a name=\"medication-lti-exemption-28\"> </a></td><td>Suites de transplantation d’organe</td></tr><tr><td style=\"white-space:nowrap\">29<a name=\"medication-lti-exemption-29\"> </a></td><td>Tuberculose active</td></tr><tr><td style=\"white-space:nowrap\">30<a name=\"medication-lti-exemption-30\"> </a></td><td>Tumeur maligne, affection maligne du tissu lymphatique ou hématopoïétique</td></tr><tr><td style=\"white-space:nowrap\">31<a name=\"medication-lti-exemption-31\"> </a></td><td>Affections dites « hors liste »</td></tr><tr><td style=\"white-space:nowrap\">32<a name=\"medication-lti-exemption-32\"> </a></td><td>Plusieurs affections entraînant un état pathologique invalidant</td></tr></table></div>"},"url":"http://ltsi.univ-rennes.fr/CodeSystem/medication-lti-exemption","version":"0.1.0","name":"CSMedicationLTIExemption","title":"LTI Detailed Descriptions","status":"draft","date":"2025-05-15T07:38:21+00:00","publisher":"KEREVAL and DOMASIA team of the Signal and Image Processing Laboratory (LTSI)","contact":[{"name":"KEREVAL and DOMASIA team of the Signal and Image Processing Laboratory (LTSI)","telecom":[{"system":"url","value":"https://github.com/ONCOFAIR"}]}],"description":"Detailed list of long-term illness (LTI).","content":"complete","count":32,"concept":[{"code":"1","display":"Accident vasculaire cérébral invalidant","designation":[{"use":{"system":"http://terminology.hl7.org/CodeSystem/designation-usage","code":"display"},"value":"Accident vasculaire cérébral invalidant"}]},{"code":"2","display":"Insuffisances médullaires et autres cytopénies chroniques","designation":[{"use":{"system":"http://terminology.hl7.org/CodeSystem/designation-usage","code":"display"},"value":"Insuffisances médullaires et autres cytopénies chroniques"}]},{"code":"3","display":"Artériopathies chroniques avec manifestations ischémiques","designation":[{"use":{"system":"http://terminology.hl7.org/CodeSystem/designation-usage","code":"display"},"value":"Artériopathies chroniques avec manifestations ischémiques"}]},{"code":"4","display":"Bilharziose compliquée","designation":[{"use":{"system":"http://terminology.hl7.org/CodeSystem/designation-usage","code":"display"},"value":"Bilharziose compliquée"}]},{"code":"5","display":"Insuffisance cardiaque grave, troubles du rythme graves, cardiopathies valvulaires graves ; cardiopathies congénitales graves","designation":[{"use":{"system":"http://terminology.hl7.org/CodeSystem/designation-usage","code":"display"},"value":"Insuffisance cardiaque grave, troubles du rythme graves, cardiopathies valvulaires graves ; cardiopathies congénitales graves"}]},{"code":"6","display":"Maladies chroniques actives du foie et cirrhoses","designation":[{"use":{"system":"http://terminology.hl7.org/CodeSystem/designation-usage","code":"display"},"value":"Maladies chroniques actives du foie et cirrhoses"}]},{"code":"7","display":"Déficit immunitaire primitif grave nécessitant un traitement prolongé, infection par le virus de l’immuno-déficience humaine","designation":[{"use":{"system":"http://terminology.hl7.org/CodeSystem/designation-usage","code":"display"},"value":"Déficit immunitaire primitif grave nécessitant un traitement prolongé, infection par le virus de l’immuno-déficience humaine"}]},{"code":"8","display":"Diabète de type 1 et diabète de type 2","designation":[{"use":{"system":"http://terminology.hl7.org/CodeSystem/designation-usage","code":"display"},"value":"Diabète de type 1 et diabète de type 2"}]},{"code":"9","display":"Forme grave des affections neurologiques et musculaires (dont myopathie), épilepsie grave","designation":[{"use":{"system":"http://terminology.hl7.org/CodeSystem/designation-usage","code":"display"},"value":"Forme grave des affections neurologiques et musculaires (dont myopathie), épilepsie grave"}]},{"code":"10","display":"Hémoglobinopathies, hémolyses, chroniques constitutionnelles et acquises sévères","designation":[{"use":{"system":"http://terminology.hl7.org/CodeSystem/designation-usage","code":"display"},"value":"Hémoglobinopathies, hémolyses, chroniques constitutionnelles et acquises sévères"}]},{"code":"11","display":"Hémophilies et affections constitutionnelles de l’hémostase graves","designation":[{"use":{"system":"http://terminology.hl7.org/CodeSystem/designation-usage","code":"display"},"value":"Hémophilies et affections constitutionnelles de l’hémostase graves"}]},{"code":"12","display":"Hypertension artérielle sévère","designation":[{"use":{"system":"http://terminology.hl7.org/CodeSystem/designation-usage","code":"display"},"value":"Hypertension artérielle sévère"}]},{"code":"13","display":"Maladie coronaire","designation":[{"use":{"system":"http://terminology.hl7.org/CodeSystem/designation-usage","code":"display"},"value":"Maladie coronaire"}]},{"code":"14","display":"Insuffisance respiratoire chronique grave","designation":[{"use":{"system":"http://terminology.hl7.org/CodeSystem/designation-usage","code":"display"},"value":"Insuffisance respiratoire chronique grave"}]},{"code":"15","display":"Lèpre","designation":[{"use":{"system":"http://terminology.hl7.org/CodeSystem/designation-usage","code":"display"},"value":"Lèpre"}]},{"code":"16","display":"Maladie de Parkinson","designation":[{"use":{"system":"http://terminology.hl7.org/CodeSystem/designation-usage","code":"display"},"value":"Maladie de Parkinson"}]},{"code":"17","display":"Maladies métaboliques héréditaires nécessitant un traitement prolongé spécialisé","designation":[{"use":{"system":"http://terminology.hl7.org/CodeSystem/designation-usage","code":"display"},"value":"Maladies métaboliques héréditaires nécessitant un traitement prolongé spécialisé"}]},{"code":"18","display":"Mucoviscidose","designation":[{"use":{"system":"http://terminology.hl7.org/CodeSystem/designation-usage","code":"display"},"value":"Mucoviscidose"}]},{"code":"19","display":"Néphropathie chronique grave et syndrome néphrotique primitif","designation":[{"use":{"system":"http://terminology.hl7.org/CodeSystem/designation-usage","code":"display"},"value":"Néphropathie chronique grave et syndrome néphrotique primitif"}]},{"code":"20","display":"Paraplégie","designation":[{"use":{"system":"http://terminology.hl7.org/CodeSystem/designation-usage","code":"display"},"value":"Paraplégie"}]},{"code":"21","display":"Péri-artérite noueuse, lupus érythémateux aigu disséminé, sclérodermie généralisée évolutive","designation":[{"use":{"system":"http://terminology.hl7.org/CodeSystem/designation-usage","code":"display"},"value":"Péri-artérite noueuse, lupus érythémateux aigu disséminé, sclérodermie généralisée évolutive"}]},{"code":"22","display":"Polyarthrite rhumatoïde évolutive grave","designation":[{"use":{"system":"http://terminology.hl7.org/CodeSystem/designation-usage","code":"display"},"value":"Polyarthrite rhumatoïde évolutive grave"}]},{"code":"23","display":"Psychose, trouble grave de la personnalité, arriération mentale","designation":[{"use":{"system":"http://terminology.hl7.org/CodeSystem/designation-usage","code":"display"},"value":"Psychose, trouble grave de la personnalité, arriération mentale"}]},{"code":"24","display":"Rectocolite hémorragique et maladie de Crohn évolutives","designation":[{"use":{"system":"http://terminology.hl7.org/CodeSystem/designation-usage","code":"display"},"value":"Rectocolite hémorragique et maladie de Crohn évolutives"}]},{"code":"25","display":"Sclérose en plaques","designation":[{"use":{"system":"http://terminology.hl7.org/CodeSystem/designation-usage","code":"display"},"value":"Sclérose en plaques"}]},{"code":"26","display":"Scoliose structurale évolutive (dont l’angle est égal ou supérieur à 25 degrés) jusqu’à maturation rachidienne","designation":[{"use":{"system":"http://terminology.hl7.org/CodeSystem/designation-usage","code":"display"},"value":"Scoliose structurale évolutive (dont l’angle est égal ou supérieur à 25 degrés) jusqu’à maturation rachidienne"}]},{"code":"27","display":"Spondylarthrite ankylosante grave","designation":[{"use":{"system":"http://terminology.hl7.org/CodeSystem/designation-usage","code":"display"},"value":"Spondylarthrite ankylosante grave"}]},{"code":"28","display":"Suites de transplantation d’organe","designation":[{"use":{"system":"http://terminology.hl7.org/CodeSystem/designation-usage","code":"display"},"value":"Suites de transplantation d’organe"}]},{"code":"29","display":"Tuberculose active","designation":[{"use":{"system":"http://terminology.hl7.org/CodeSystem/designation-usage","code":"display"},"value":"Tuberculose active"}]},{"code":"30","display":"Tumeur maligne, affection maligne du tissu lymphatique ou hématopoïétique","designation":[{"use":{"system":"http://terminology.hl7.org/CodeSystem/designation-usage","code":"display"},"value":"Tumeur maligne, affection maligne du tissu lymphatique ou hématopoïétique"}]},{"code":"31","display":"Affections dites « hors liste »","designation":[{"use":{"system":"http://terminology.hl7.org/CodeSystem/designation-usage","code":"display"},"value":"Affections dites « hors liste »"}]},{"code":"32","display":"Plusieurs affections entraînant un état pathologique invalidant","designation":[{"use":{"system":"http://terminology.hl7.org/CodeSystem/designation-usage","code":"display"},"value":"Plusieurs affections entraînant un état pathologique invalidant"}]}]}