{"resourceType":"ValueSet","id":"vsMedicationItemProvenance","text":{"status":"generated","div":"<div xmlns=\"http://www.w3.org/1999/xhtml\"><p class=\"res-header-id\"><b>Generated Narrative: ValueSet vsMedicationItemProvenance</b></p><a name=\"vsMedicationItemProvenance\"> </a><a name=\"hcvsMedicationItemProvenance\"> </a><a name=\"vsMedicationItemProvenance-en-US\"> </a><ul><li>Include all codes defined in <a href=\"CodeSystem-CSMedicationItemProvenance.html\"><code>http://ltsi.univ-rennes.fr/CodeSystem/CSMedicationItemProvenance</code></a></li></ul></div>"},"url":"http://ltsi.univ-rennes.fr/ValueSet/vsMedicationItemProvenance","version":"0.1.0","name":"VSMedicationItemProvenance","title":"Medication item provenance","status":"draft","experimental":true,"date":"2025-05-22T09:23:19+00:00","publisher":"KEREVAL and DOMASIA team of the Signal and Image Processing Laboratory (LTSI)","contact":[{"name":"KEREVAL and DOMASIA team of the Signal and Image Processing Laboratory (LTSI)","telecom":[{"system":"url","value":"https://github.com/ONCOFAIR"}]}],"description":"ValueSet for medication item provenance.","compose":{"include":[{"system":"http://ltsi.univ-rennes.fr/CodeSystem/CSMedicationItemProvenance"}]}}