{"resourceType":"SearchParameter","id":"oncofair-sp-mr-element-gonogo-status","text":{"status":"generated","div":"<div xmlns=\"http://www.w3.org/1999/xhtml\"><p class=\"res-header-id\"><b>Generated Narrative: SearchParameter oncofair-sp-mr-element-gonogo-status</b></p><a name=\"oncofair-sp-mr-element-gonogo-status\"> </a><a name=\"hconcofair-sp-mr-element-gonogo-status\"> </a><a name=\"oncofair-sp-mr-element-gonogo-status-en-US\"> </a><h2>OncoFAIRSPMRElementGonogoStatus</h2><p>Parameter <code>mr-element-gonogo-status</code>:<code>token</code></p><div><p>Search for the element goNogo status</p>\n</div><table class=\"grid\"><tr><td>Resource</td><td><a href=\"http://hl7.org/fhir/R5/medicationrequest.html\">MedicationRequest</a></td></tr><tr><td>Expression</td><td><code>MedicationRequest.extension.where(url='http://ltsi.univ-rennes.fr/StructureDefinition/oncofair-mr-element-go-nogo').extension.where(url='GoNogoStatus').value</code></td></tr><tr><td>Processing Mode</td><td>Normal</td></tr><tr><td>Multiples</td><td><ul><li>multipleAnd: It's up to the server whether the parameter may repeat in order to specify multiple values that must all be true</li><li>multipleOr: It's up to the server whether the parameter can have multiple values (separated by comma) where at least one must be true</li></ul></td></tr></table></div>"},"url":"http://ltsi.univ-rennes.fr/SearchParameter/oncofair-sp-mr-element-gonogo-status","version":"0.1.0","name":"OncoFAIRSPMRElementGonogoStatus","status":"active","date":"2025-01-13T10:33:06+00:00","publisher":"DOMASIA team of the Signal and Image Processing Laboratory (LTSI) and KEREVAL","contact":[{"name":"DOMASIA team of the Signal and Image Processing Laboratory (LTSI) and KEREVAL","telecom":[{"system":"url","value":"https://ltsi.univ-rennes.fr"}]}],"description":"Search for the element goNogo status","code":"mr-element-gonogo-status","base":["MedicationRequest"],"type":"token","expression":"MedicationRequest.extension.where(url='http://ltsi.univ-rennes.fr/StructureDefinition/oncofair-mr-element-go-nogo').extension.where(url='GoNogoStatus').value","processingMode":"normal"}