{"resourceType":"ValueSet","id":"siph-type-liasion-oncofair-valueset","text":{"status":"generated","div":"<div xmlns=\"http://www.w3.org/1999/xhtml\"><p class=\"res-header-id\"><b>Generated Narrative: ValueSet siph-type-liasion-oncofair-valueset</b></p><a name=\"siph-type-liasion-oncofair-valueset\"> </a><a name=\"hcsiph-type-liasion-oncofair-valueset\"> </a><a name=\"siph-type-liasion-oncofair-valueset-en-US\"> </a><ul><li>Include all codes defined in <a href=\"CodeSystem-siph-type-liaison-oncofair-codesystem.html\"><code>http://ltsi.univ-rennes.fr/CodeSystem/siph-type-liaison-oncofair-codesystem</code></a></li></ul></div>"},"url":"http://ltsi.univ-rennes.fr/ValueSet/siph-type-liasion-oncofair-valueset","version":"0.1.0","name":"SIPhTypeLiasionOncoFAIRValueSet","title":"Type de liaison Value Set","status":"draft","experimental":true,"date":"2025-01-13T10:33:06+00:00","publisher":"DOMASIA team of the Signal and Image Processing Laboratory (LTSI) and KEREVAL","contact":[{"name":"DOMASIA team of the Signal and Image Processing Laboratory (LTSI) and KEREVAL","telecom":[{"system":"url","value":"https://ltsi.univ-rennes.fr"}]}],"description":"Value Set pour Type Liaison","compose":{"include":[{"system":"http://ltsi.univ-rennes.fr/CodeSystem/siph-type-liaison-oncofair-codesystem"}]}}