{"resourceType":"ValueSet","id":"VSEventTypeData","text":{"status":"generated","div":"<div xmlns=\"http://www.w3.org/1999/xhtml\"><p class=\"res-header-id\"><b>Generated Narrative: ValueSet VSEventTypeData</b></p><a name=\"VSEventTypeData\"> </a><a name=\"hcVSEventTypeData\"> </a><a name=\"VSEventTypeData-en-US\"> </a><ul><li>Include all codes defined in <a href=\"CodeSystem-CSEventTypeData.html\"><code>http://ltsi.univ-rennes.fr/CodeSystem/CSEventTypeData</code></a></li></ul></div>"},"url":"http://ltsi.univ-rennes.fr/ValueSet/VSEventTypeData","version":"0.1.0","name":"VSEventTypeData","title":"Event Types Data","status":"draft","experimental":true,"date":"2025-01-17T13:37:06+00:00","publisher":"DOMASIA team of the Signal and Image Processing Laboratory (LTSI) and KEREVAL","contact":[{"name":"DOMASIA team of the Signal and Image Processing Laboratory (LTSI) and KEREVAL","telecom":[{"system":"url","value":"https://ltsi.univ-rennes.fr"}]}],"description":"ValueSet for various event types used in French healthcare systems.","compose":{"include":[{"system":"http://ltsi.univ-rennes.fr/CodeSystem/CSEventTypeData"}]}}