<?xml version="1.0" encoding="UTF-8"?><CodeSystem xmlns="http://hl7.org/fhir"><id value="siph-typecomposant-oncofair-codesystem"/><text><status value="generated"/><div xmlns="http://www.w3.org/1999/xhtml"><p class="res-header-id"><b>Generated Narrative: CodeSystem siph-typecomposant-oncofair-codesystem</b></p><a name="siph-typecomposant-oncofair-codesystem"> </a><a name="hcsiph-typecomposant-oncofair-codesystem"> </a><a name="siph-typecomposant-oncofair-codesystem-en-US"> </a><p>This case-sensitive code system <code>http://ltsi.univ-rennes.fr/CodeSystem/siph-typecomposant-oncofair-codesystem</code> defines the following codes:</p><table class="codes"><tr><td style="white-space:nowrap"><b>Code</b></td><td><b>Display</b></td></tr><tr><td style="white-space:nowrap">SPEC<a name="siph-typecomposant-oncofair-codesystem-SPEC"> </a></td><td>spécialité</td></tr><tr><td style="white-space:nowrap">ATUN<a name="siph-typecomposant-oncofair-codesystem-ATUN"> </a></td><td>ATU nominative</td></tr><tr><td style="white-space:nowrap">PRAC<a name="siph-typecomposant-oncofair-codesystem-PRAC"> </a></td><td>principe actif</td></tr><tr><td style="white-space:nowrap">PRHO<a name="siph-typecomposant-oncofair-codesystem-PRHO"> </a></td><td>préparation hospitalière</td></tr><tr><td style="white-space:nowrap">IMPO<a name="siph-typecomposant-oncofair-codesystem-IMPO"> </a></td><td>importation</td></tr><tr><td style="white-space:nowrap">ATUC<a name="siph-typecomposant-oncofair-codesystem-ATUC"> </a></td><td>ATU de cohorte</td></tr><tr><td style="white-space:nowrap">PRMA<a name="siph-typecomposant-oncofair-codesystem-PRMA"> </a></td><td>préparation magistrale</td></tr><tr><td style="white-space:nowrap">MAPR<a name="siph-typecomposant-oncofair-codesystem-MAPR"> </a></td><td>matière première</td></tr><tr><td style="white-space:nowrap">MVTS<a name="siph-typecomposant-oncofair-codesystem-MVTS"> </a></td><td>médicament virtuel THESORIMED</td></tr><tr><td style="white-space:nowrap">MVTR<a name="siph-typecomposant-oncofair-codesystem-MVTR"> </a></td><td>médicament virtuel THERIAQUE</td></tr><tr><td style="white-space:nowrap">MVBC<a name="siph-typecomposant-oncofair-codesystem-MVBC"> </a></td><td>médicament virtuel BCB DEXTER</td></tr><tr><td style="white-space:nowrap">MVVI<a name="siph-typecomposant-oncofair-codesystem-MVVI"> </a></td><td>médicament virtuel VIDAL</td></tr><tr><td style="white-space:nowrap">DC<a name="siph-typecomposant-oncofair-codesystem-DC"> </a></td><td>dénomination commune</td></tr><tr><td style="white-space:nowrap">MVMB<a name="siph-typecomposant-oncofair-codesystem-MVMB"> </a></td><td>médicament virtuel MedicaBase</td></tr></table></div></text><url value="http://ltsi.univ-rennes.fr/CodeSystem/siph-typecomposant-oncofair-codesystem"/><version value="0.1.0"/><name value="SIPhTypeComposantOncoFAIRCodeSystem"/><title value="Type de composant Code System"/><status value="draft"/><experimental value="true"/><date value="2025-05-15T07:38:21+00:00"/><publisher value="KEREVAL and DOMASIA team of the Signal and Image Processing Laboratory (LTSI)"/><contact><name value="KEREVAL and DOMASIA team of the Signal and Image Processing Laboratory (LTSI)"/><telecom><system value="url"/><value value="https://github.com/ONCOFAIR"/></telecom></contact><description value="Code system pour l'attribut TypeComposant"/><caseSensitive value="true"/><content value="complete"/><count value="14"/><concept><code value="SPEC"/><display value="spécialité"/><designation><use><system value="http://terminology.hl7.org/CodeSystem/designation-usage"/><code value="display"/></use><value value="spécialité"/></designation></concept><concept><code value="ATUN"/><display value="ATU nominative"/><designation><use><system value="http://terminology.hl7.org/CodeSystem/designation-usage"/><code value="display"/></use><value value="ATU nominative"/></designation></concept><concept><code value="PRAC"/><display value="principe actif"/><designation><use><system value="http://terminology.hl7.org/CodeSystem/designation-usage"/><code value="display"/></use><value value="principe actif"/></designation></concept><concept><code value="PRHO"/><display value="préparation hospitalière"/><designation><use><system value="http://terminology.hl7.org/CodeSystem/designation-usage"/><code value="display"/></use><value value="préparation hospitalière"/></designation></concept><concept><code value="IMPO"/><display value="importation"/><designation><use><system value="http://terminology.hl7.org/CodeSystem/designation-usage"/><code value="display"/></use><value value="importation"/></designation></concept><concept><code value="ATUC"/><display value="ATU de cohorte"/><designation><use><system value="http://terminology.hl7.org/CodeSystem/designation-usage"/><code value="display"/></use><value value="ATU de cohorte"/></designation></concept><concept><code value="PRMA"/><display value="préparation magistrale"/><designation><use><system value="http://terminology.hl7.org/CodeSystem/designation-usage"/><code value="display"/></use><value value="préparation magistrale"/></designation></concept><concept><code value="MAPR"/><display value="matière première"/><designation><use><system value="http://terminology.hl7.org/CodeSystem/designation-usage"/><code value="display"/></use><value value="matière première"/></designation></concept><concept><code value="MVTS"/><display value="médicament virtuel THESORIMED"/><designation><use><system value="http://terminology.hl7.org/CodeSystem/designation-usage"/><code value="display"/></use><value value="médicament virtuel THESORIMED"/></designation></concept><concept><code value="MVTR"/><display value="médicament virtuel THERIAQUE"/><designation><use><system value="http://terminology.hl7.org/CodeSystem/designation-usage"/><code value="display"/></use><value value="médicament virtuel THERIAQUE"/></designation></concept><concept><code value="MVBC"/><display value="médicament virtuel BCB DEXTER"/><designation><use><system value="http://terminology.hl7.org/CodeSystem/designation-usage"/><code value="display"/></use><value value="médicament virtuel BCB DEXTER"/></designation></concept><concept><code value="MVVI"/><display value="médicament virtuel VIDAL"/><designation><use><system value="http://terminology.hl7.org/CodeSystem/designation-usage"/><code value="display"/></use><value value="médicament virtuel VIDAL"/></designation></concept><concept><code value="DC"/><display value="dénomination commune"/><designation><use><system value="http://terminology.hl7.org/CodeSystem/designation-usage"/><code value="display"/></use><value value="dénomination commune"/></designation></concept><concept><code value="MVMB"/><display value="médicament virtuel MedicaBase"/><designation><use><system value="http://terminology.hl7.org/CodeSystem/designation-usage"/><code value="display"/></use><value value="médicament virtuel MedicaBase"/></designation></concept></CodeSystem>