<?xml version="1.0" encoding="UTF-8"?>

<ValueSet xmlns="http://hl7.org/fhir">
  <id value="siph-paramposoconditionnelle-oncofair-valueset"/>
  <text>
    <status value="generated"/><div xmlns="http://www.w3.org/1999/xhtml"><p class="res-header-id"><b>Generated Narrative: ValueSet siph-paramposoconditionnelle-oncofair-valueset</b></p><a name="siph-paramposoconditionnelle-oncofair-valueset"> </a><a name="hcsiph-paramposoconditionnelle-oncofair-valueset"> </a><a name="siph-paramposoconditionnelle-oncofair-valueset-en-US"> </a><ul><li>Include all codes defined in <a href="CodeSystem-siph-paramposoconditionnelle-oncofair-codesystem.html"><code>http://ltsi.univ-rennes.fr/CodeSystem/siph-paramposoconditionnelle-oncofair-codesystem</code></a></li></ul></div>
  </text>
  <url value="http://ltsi.univ-rennes.fr/ValueSet/siph-paramposoconditionnelle-oncofair-valueset"/>
  <version value="0.1.0"/>
  <name value="SIPhParamPosoConditionnelleOncoFAIRValueSet"/>
  <title value="Paramètres posologie conditionnelle"/>
  <status value="draft"/>
  <experimental value="true"/>
  <date value="2025-05-15T07:38:21+00:00"/>
  <publisher value="KEREVAL and DOMASIA team of the Signal and Image Processing Laboratory (LTSI)"/>
  <contact>
    <name value="KEREVAL and DOMASIA team of the Signal and Image Processing Laboratory (LTSI)"/>
    <telecom>
      <system value="url"/>
      <value value="https://github.com/ONCOFAIR"/>
    </telecom>
  </contact>
  <description value="Value Set pour ParamPosoConditionnelle"/>
  <compose>
    <include>
      <system value="http://ltsi.univ-rennes.fr/CodeSystem/siph-paramposoconditionnelle-oncofair-codesystem"/>
    </include>
  </compose>
</ValueSet>