{"resourceType":"ValueSet","id":"siph-gonogo-oncofair-valueset","text":{"status":"generated","div":"<div xmlns=\"http://www.w3.org/1999/xhtml\"><ul><li>Include all codes defined in <a href=\"CodeSystem-siph-gonogo-oncofair-codesystem.html\"><code>http://ltsi.univ-rennes.fr/CodeSystem/siph-gonogo-oncofair-codesystem</code></a></li></ul></div>"},"url":"http://ltsi.univ-rennes.fr/ValueSet/siph-gonogo-oncofair-valueset","version":"0.1.0","name":"SIPhgoNogoOncoFAIRValueSet","title":"goNogo Value Set","status":"draft","experimental":true,"date":"2024-06-19T12:21:16+00:00","publisher":"DOMASIA team of the Signal and Image Processing Laboratory (LTSI) and KEREVAL","contact":[{"name":"DOMASIA team of the Signal and Image Processing Laboratory (LTSI) and KEREVAL","telecom":[{"system":"url","value":"https://ltsi.univ-rennes.fr"}]}],"description":"Value Set pour goNogo","compose":{"include":[{"system":"http://ltsi.univ-rennes.fr/CodeSystem/siph-gonogo-oncofair-codesystem"}]}}