<?xml version="1.0" encoding="UTF-8"?><CodeSystem xmlns="http://hl7.org/fhir"><id value="CSMedicationItemProvenance"/><text><status value="generated"/><div xmlns="http://www.w3.org/1999/xhtml"><p class="res-header-id"><b>Generated Narrative: CodeSystem CSMedicationItemProvenance</b></p><a name="CSMedicationItemProvenance"> </a><a name="hcCSMedicationItemProvenance"> </a><a name="CSMedicationItemProvenance-en-US"> </a><p>This case-sensitive code system <code>http://ltsi.univ-rennes.fr/CodeSystem/CSMedicationItemProvenance</code> defines the following codes:</p><table class="codes"><tr><td style="white-space:nowrap"><b>Code</b></td><td><b>Display</b></td></tr><tr><td style="white-space:nowrap">1<a name="CSMedicationItemProvenance-1"> </a></td><td>Pharmacie</td></tr><tr><td style="white-space:nowrap">2<a name="CSMedicationItemProvenance-2"> </a></td><td>Armoire de service</td></tr><tr><td style="white-space:nowrap">3<a name="CSMedicationItemProvenance-3"> </a></td><td>Non comptabilisé</td></tr><tr><td style="white-space:nowrap">4<a name="CSMedicationItemProvenance-4"> </a></td><td>Gestion particulière</td></tr></table></div></text><url value="http://ltsi.univ-rennes.fr/CodeSystem/CSMedicationItemProvenance"/><version value="0.1.0"/><name value="CSMedicationItemProvenance"/><title value="Medication item provenance"/><status value="draft"/><experimental value="true"/><date value="2025-05-21T15:03:13+00:00"/><publisher value="KEREVAL and DOMASIA team of the Signal and Image Processing Laboratory (LTSI)"/><contact><name value="KEREVAL and DOMASIA team of the Signal and Image Processing Laboratory (LTSI)"/><telecom><system value="url"/><value value="https://github.com/ONCOFAIR"/></telecom></contact><description value="CodeSystem for french medication item provenance."/><caseSensitive value="true"/><content value="complete"/><count value="4"/><concept><code value="1"/><display value="Pharmacie"/><designation><use><system value="http://terminology.hl7.org/CodeSystem/designation-usage"/><code value="display"/></use><value value="Pharmacie"/></designation></concept><concept><code value="2"/><display value="Armoire de service"/><designation><use><system value="http://terminology.hl7.org/CodeSystem/designation-usage"/><code value="display"/></use><value value="Armoire de service"/></designation></concept><concept><code value="3"/><display value="Non comptabilisé"/><designation><use><system value="http://terminology.hl7.org/CodeSystem/designation-usage"/><code value="display"/></use><value value="Non comptabilisé"/></designation></concept><concept><code value="4"/><display value="Gestion particulière"/><designation><use><system value="http://terminology.hl7.org/CodeSystem/designation-usage"/><code value="display"/></use><value value="Gestion particulière"/></designation></concept></CodeSystem>