<?xml version="1.0" encoding="UTF-8"?>

<Practitioner xmlns="http://hl7.org/fhir">
  <id value="exampleOncologyPractitioner"/>
  <meta>
    <profile value="http://ltsi.univ-rennes.fr/StructureDefinition/oncology-practitioner"/>
  </meta>
  <text>
    <status value="generated"/><div xmlns="http://www.w3.org/1999/xhtml"><p><b>Generated Narrative: Practitioner</b><a name="exampleOncologyPractitioner"> </a><a name="hcexampleOncologyPractitioner"> </a></p><div style="display: inline-block; background-color: #d9e0e7; padding: 6px; margin: 4px; border: 1px solid #8da1b4; border-radius: 5px; line-height: 60%"><p style="margin-bottom: 0px">Resource Practitioner &quot;exampleOncologyPractitioner&quot; </p><p style="margin-bottom: 0px">Profile: <a href="StructureDefinition-oncology-practitioner.html">Oncology Practitioner</a></p></div><p><b>identifier</b>: AZRE4587</p></div>
  </text>
  <identifier>
    <value value="AZRE4587"/>
  </identifier>
</Practitioner>