{
  "resourceType" : "SearchParameter",
  "id" : "oncofair-sp-element-form",
  "text" : {
    "status" : "generated",
    "div" : "<div xmlns=\"http://www.w3.org/1999/xhtml\"><p class=\"res-header-id\"><b>Generated Narrative: SearchParameter oncofair-sp-element-form</b></p><a name=\"oncofair-sp-element-form\"> </a><a name=\"hconcofair-sp-element-form\"> </a><a name=\"oncofair-sp-element-form-en-US\"> </a><h2>OncoFAIRSPElementForm</h2><p>Parameter <code>element-form</code>:<code>token</code></p><div><p>Search for the pharmaceutical form of the prescription/administration item</p>\n</div><table class=\"grid\"><tr><td>Resources</td><td><a href=\"http://hl7.org/fhir/R5/medicationadministration.html\">MedicationAdministration</a>, <a href=\"http://hl7.org/fhir/R5/medicationrequest.html\">MedicationRequest</a></td></tr><tr><td>Expression</td><td><code>MedicationAdministration.extension.where(url='http://ltsi.univ-rennes.fr/StructureDefinition/oncofair-element-form').value | MedicationRequest.extension.where(url='http://ltsi.univ-rennes.fr/StructureDefinition/oncofair-element-form').value</code></td></tr><tr><td>Processing Mode</td><td>Normal</td></tr><tr><td>Multiples</td><td><ul><li>multipleAnd: It's up to the server whether the parameter may repeat in order to specify multiple values that must all be true</li><li>multipleOr: It's up to the server whether the parameter can have multiple values (separated by comma) where at least one must be true</li></ul></td></tr></table></div>"
  },
  "url" : "http://ltsi.univ-rennes.fr/SearchParameter/oncofair-sp-element-form",
  "version" : "0.1.0",
  "name" : "OncoFAIRSPElementForm",
  "status" : "active",
  "date" : "2025-04-29T08:32:47+00:00",
  "publisher" : "DOMASIA team of the Signal and Image Processing Laboratory (LTSI) and KEREVAL",
  "contact" : [{
    "name" : "DOMASIA team of the Signal and Image Processing Laboratory (LTSI) and KEREVAL",
    "telecom" : [{
      "system" : "url",
      "value" : "https://ltsi.univ-rennes.fr"
    }]
  }],
  "description" : "Search for the pharmaceutical form of the prescription/administration item",
  "code" : "element-form",
  "base" : ["MedicationAdministration",
  "MedicationRequest"],
  "type" : "token",
  "expression" : "MedicationAdministration.extension.where(url='http://ltsi.univ-rennes.fr/StructureDefinition/oncofair-element-form').value | MedicationRequest.extension.where(url='http://ltsi.univ-rennes.fr/StructureDefinition/oncofair-element-form').value",
  "processingMode" : "normal"
}