<?xml version="1.0" encoding="UTF-8"?>

<Encounter xmlns="http://hl7.org/fhir">
  <id value="ExampleOncoFAIREncounter"/>
  <meta>
    <profile value="http://ltsi.univ-rennes.fr/StructureDefinition/oncofair-encounter"/>
  </meta>
  <text>
    <status value="generated"/><div xmlns="http://www.w3.org/1999/xhtml"><p class="res-header-id"><b>Generated Narrative: Encounter ExampleOncoFAIREncounter</b></p><a name="ExampleOncoFAIREncounter"> </a><a name="hcExampleOncoFAIREncounter"> </a><a name="ExampleOncoFAIREncounter-en-US"> </a><p><b>identifier</b>: EN-987654</p><p><b>status</b>: In Progress</p><p><b>subject</b>: <a href="Patient-ExampleOncoFAIRPatient.html">Anonymous Patient Male, DoB: 2024-09-30 ( 123456789)</a></p></div>
  </text>
  <identifier>
    <value value="EN-987654"/>
  </identifier>
  <status value="in-progress"/>
  <subject>
    <reference value="Patient/ExampleOncoFAIRPatient"/>
  </subject>
</Encounter>