{"resourceType":"SearchParameter","id":"oncofair-sp-mr-date-time-prescription-end","text":{"status":"generated","div":"<div xmlns=\"http://www.w3.org/1999/xhtml\"><p class=\"res-header-id\"><b>Generated Narrative: SearchParameter oncofair-sp-mr-date-time-prescription-end</b></p><a name=\"oncofair-sp-mr-date-time-prescription-end\"> </a><a name=\"hconcofair-sp-mr-date-time-prescription-end\"> </a><a name=\"oncofair-sp-mr-date-time-prescription-end-en-US\"> </a><h2>OncoFAIRSPMRDateTimePrescriptionEnd</h2><p>Parameter <code>mr-date-time-prescription-end</code>:<code>date</code></p><div><p>Search for the the date/time prescription end</p>\n</div><table class=\"grid\"><tr><td>Resource</td><td><a href=\"http://hl7.org/fhir/R5/medicationrequest.html\">MedicationRequest</a></td></tr><tr><td>Expression</td><td><code>MedicationRequest.effectiveDosePeriod.end</code></td></tr><tr><td>Processing Mode</td><td>Normal</td></tr><tr><td>Multiples</td><td><ul><li>multipleAnd: The parameter may repeat in order to specify multiple values that must all be true</li><li>multipleOr: The parameter may have multiple values (separated by comma) where at least one must be true</li></ul></td></tr><tr><td>Comparators</td><td>Allowed: eq, ne, gt, lt, ge, le, sa, eb, ap</td></tr></table></div>"},"url":"http://ltsi.univ-rennes.fr/SearchParameter/oncofair-sp-mr-date-time-prescription-end","version":"0.1.0","name":"OncoFAIRSPMRDateTimePrescriptionEnd","status":"active","date":"2025-01-20T17:43:54+00:00","publisher":"DOMASIA team of the Signal and Image Processing Laboratory (LTSI) and KEREVAL","contact":[{"name":"DOMASIA team of the Signal and Image Processing Laboratory (LTSI) and KEREVAL","telecom":[{"system":"url","value":"https://ltsi.univ-rennes.fr"}]}],"description":"Search for the the date/time prescription end","code":"mr-date-time-prescription-end","base":["MedicationRequest"],"type":"date","expression":"MedicationRequest.effectiveDosePeriod.end","processingMode":"normal","multipleOr":true,"multipleAnd":true,"comparator":["eq","ne","gt","lt","ge","le","sa","eb","ap"]}