<?xml version="1.0" encoding="UTF-8"?>

<Medication xmlns="http://hl7.org/fhir">
  <id value="exampleOncologyMedicationOXYCODONELP10MGVIATRIS"/>
  <meta>
    <profile value="http://ltsi.univ-rennes.fr/StructureDefinition/oncology-medication"/>
  </meta>
  <text>
    <status value="extensions"/><div xmlns="http://www.w3.org/1999/xhtml"><p class="res-header-id"><b>Generated Narrative: Medication exampleOncologyMedicationOXYCODONELP10MGVIATRIS</b></p><a name="exampleOncologyMedicationOXYCODONELP10MGVIATRIS"> </a><a name="hcexampleOncologyMedicationOXYCODONELP10MGVIATRIS"> </a><a name="exampleOncologyMedicationOXYCODONELP10MGVIATRIS-en-US"> </a><p><b>Medication type</b>: <span title="Codes:{http://ltsi.univ-rennes.fr/CodeSystem/CSMedicationTypes 3}">principe actif</span></p><p><b>Medication Is Vehicle</b>: false</p><p><b>identifier</b>: OXYCODONE LP 10 MG VIATRIS, CPR À LIBÉRATION PROLONGÉE</p><p><b>code</b>: <span title="Codes:{http://ltsi.univ-rennes.fr/CodeSystem/CSMedications 9403863}">OXYCODONE LP 10 MG VIATRIS, CPR À LIBÉRATION PROLONGÉE</span></p></div>
  </text>
  <extension url="http://ltsi.univ-rennes.fr/StructureDefinition/medication-type">
    <valueCodeableConcept>
      <coding>
        <system value="http://ltsi.univ-rennes.fr/CodeSystem/CSMedicationTypes"/>
        <code value="3"/>
        <display value="principe actif"/>
      </coding>
    </valueCodeableConcept>
  </extension>
  <extension url="http://ltsi.univ-rennes.fr/StructureDefinition/medication-is-vehicle">
    <valueBoolean value="false"/>
  </extension>
  <identifier>
    <value value="OXYCODONE LP 10 MG VIATRIS, CPR À LIBÉRATION PROLONGÉE"/>
  </identifier>
  <code>
    <coding>
      <system value="http://ltsi.univ-rennes.fr/CodeSystem/CSMedications"/>
      <code value="9403863"/>
      <display value="OXYCODONE LP 10 MG VIATRIS, CPR À LIBÉRATION PROLONGÉE"/>
    </coding>
  </code>
</Medication>