{"resourceType":"CodeSystem","id":"siph-renscomplement-oncofair-codesystem","text":{"status":"generated","div":"<div xmlns=\"http://www.w3.org/1999/xhtml\"><p class=\"res-header-id\"><b>Generated Narrative: CodeSystem siph-renscomplement-oncofair-codesystem</b></p><a name=\"siph-renscomplement-oncofair-codesystem\"> </a><a name=\"hcsiph-renscomplement-oncofair-codesystem\"> </a><a name=\"siph-renscomplement-oncofair-codesystem-en-US\"> </a><p>This case-sensitive code system <code>http://ltsi.univ-rennes.fr/CodeSystem/siph-renscomplement-oncofair-codesystem</code> defines the following codes:</p><table class=\"codes\"><tr><td style=\"white-space:nowrap\"><b>Code</b></td><td><b>Display</b></td></tr><tr><td style=\"white-space:nowrap\">ELT_DOSS<a name=\"siph-renscomplement-oncofair-codesystem-ELT_DOSS\"> </a></td><td>Elément du dossier médical</td></tr><tr><td style=\"white-space:nowrap\">POIDS<a name=\"siph-renscomplement-oncofair-codesystem-POIDS\"> </a></td><td>Poids</td></tr><tr><td style=\"white-space:nowrap\">TAILLE<a name=\"siph-renscomplement-oncofair-codesystem-TAILLE\"> </a></td><td>Taille</td></tr><tr><td style=\"white-space:nowrap\">S_CORP<a name=\"siph-renscomplement-oncofair-codesystem-S_CORP\"> </a></td><td>Surface corporelle</td></tr><tr><td style=\"white-space:nowrap\">DIAG<a name=\"siph-renscomplement-oncofair-codesystem-DIAG\"> </a></td><td>Diagnostic</td></tr><tr><td style=\"white-space:nowrap\">CL_CREAT<a name=\"siph-renscomplement-oncofair-codesystem-CL_CREAT\"> </a></td><td>Clairance de la créatinine</td></tr><tr><td style=\"white-space:nowrap\">REGIME<a name=\"siph-renscomplement-oncofair-codesystem-REGIME\"> </a></td><td>Régime</td></tr><tr><td style=\"white-space:nowrap\">ALLERGIE<a name=\"siph-renscomplement-oncofair-codesystem-ALLERGIE\"> </a></td><td>Allergie</td></tr><tr><td style=\"white-space:nowrap\">AGE<a name=\"siph-renscomplement-oncofair-codesystem-AGE\"> </a></td><td>Age</td></tr><tr><td style=\"white-space:nowrap\">SEXE<a name=\"siph-renscomplement-oncofair-codesystem-SEXE\"> </a></td><td>Sexe clinique</td></tr><tr><td style=\"white-space:nowrap\">EVT<a name=\"siph-renscomplement-oncofair-codesystem-EVT\"> </a></td><td>Evénment clinique</td></tr></table></div>"},"url":"http://ltsi.univ-rennes.fr/CodeSystem/siph-renscomplement-oncofair-codesystem","version":"0.1.0","name":"SIPhRensComplementOncoFAIRCodeSystem","title":"Renseignement complémentaire Code System","status":"draft","experimental":true,"date":"2025-04-29T08:36:17+00:00","publisher":"DOMASIA team of the Signal and Image Processing Laboratory (LTSI) and KEREVAL","contact":[{"name":"DOMASIA team of the Signal and Image Processing Laboratory (LTSI) and KEREVAL","telecom":[{"system":"url","value":"https://ltsi.univ-rennes.fr"}]}],"description":"Code system pour l'attribut RensComplement","caseSensitive":true,"content":"complete","count":11,"concept":[{"code":"ELT_DOSS","display":"Elément du dossier médical","designation":[{"use":{"system":"http://terminology.hl7.org/CodeSystem/designation-usage","code":"display"},"value":"Elément du dossier médical"},{"use":{"system":"http://terminology.hl7.org/CodeSystem/designation-usage","code":"display"},"value":"Elément du dossier médical"}]},{"code":"POIDS","display":"Poids","designation":[{"use":{"system":"http://terminology.hl7.org/CodeSystem/designation-usage","code":"display"},"value":"Poids"},{"use":{"system":"http://terminology.hl7.org/CodeSystem/designation-usage","code":"display"},"value":"Poids"}]},{"code":"TAILLE","display":"Taille","designation":[{"use":{"system":"http://terminology.hl7.org/CodeSystem/designation-usage","code":"display"},"value":"Taille"},{"use":{"system":"http://terminology.hl7.org/CodeSystem/designation-usage","code":"display"},"value":"Taille"}]},{"code":"S_CORP","display":"Surface corporelle","designation":[{"use":{"system":"http://terminology.hl7.org/CodeSystem/designation-usage","code":"display"},"value":"Surface corporelle"},{"use":{"system":"http://terminology.hl7.org/CodeSystem/designation-usage","code":"display"},"value":"Surface corporelle"}]},{"code":"DIAG","display":"Diagnostic","designation":[{"use":{"system":"http://terminology.hl7.org/CodeSystem/designation-usage","code":"display"},"value":"Diagnostic"},{"use":{"system":"http://terminology.hl7.org/CodeSystem/designation-usage","code":"display"},"value":"Diagnostic"}]},{"code":"CL_CREAT","display":"Clairance de la créatinine","designation":[{"use":{"system":"http://terminology.hl7.org/CodeSystem/designation-usage","code":"display"},"value":"Clairance de la créatinine"},{"use":{"system":"http://terminology.hl7.org/CodeSystem/designation-usage","code":"display"},"value":"Clairance de la créatinine"}]},{"code":"REGIME","display":"Régime","designation":[{"use":{"system":"http://terminology.hl7.org/CodeSystem/designation-usage","code":"display"},"value":"Régime"},{"use":{"system":"http://terminology.hl7.org/CodeSystem/designation-usage","code":"display"},"value":"Régime"}]},{"code":"ALLERGIE","display":"Allergie","designation":[{"use":{"system":"http://terminology.hl7.org/CodeSystem/designation-usage","code":"display"},"value":"Allergie"},{"use":{"system":"http://terminology.hl7.org/CodeSystem/designation-usage","code":"display"},"value":"Allergie"}]},{"code":"AGE","display":"Age","designation":[{"use":{"system":"http://terminology.hl7.org/CodeSystem/designation-usage","code":"display"},"value":"Age"},{"use":{"system":"http://terminology.hl7.org/CodeSystem/designation-usage","code":"display"},"value":"Age"}]},{"code":"SEXE","display":"Sexe clinique","designation":[{"use":{"system":"http://terminology.hl7.org/CodeSystem/designation-usage","code":"display"},"value":"Sexe clinique"},{"use":{"system":"http://terminology.hl7.org/CodeSystem/designation-usage","code":"display"},"value":"Sexe clinique"}]},{"code":"EVT","display":"Evénment clinique","designation":[{"use":{"system":"http://terminology.hl7.org/CodeSystem/designation-usage","code":"display"},"value":"Evénment clinique"},{"use":{"system":"http://terminology.hl7.org/CodeSystem/designation-usage","code":"display"},"value":"Evénment clinique"}]}]}