{"resourceType":"ValueSet","id":"vsMedicationTypes","text":{"status":"generated","div":"<div xmlns=\"http://www.w3.org/1999/xhtml\"><p class=\"res-header-id\"><b>Generated Narrative: ValueSet vsMedicationTypes</b></p><a name=\"vsMedicationTypes\"> </a><a name=\"hcvsMedicationTypes\"> </a><a name=\"vsMedicationTypes-en-US\"> </a><ul><li>Include all codes defined in <a href=\"CodeSystem-CSMedicationTypes.html\"><code>http://ltsi.univ-rennes.fr/CodeSystem/CSMedicationTypes</code></a></li></ul></div>"},"url":"http://ltsi.univ-rennes.fr/ValueSet/vsMedicationTypes","version":"0.1.0","name":"VSMedicationTypes","title":"Medication types","status":"draft","experimental":true,"date":"2025-04-29T08:32:47+00:00","publisher":"DOMASIA team of the Signal and Image Processing Laboratory (LTSI) and KEREVAL","contact":[{"name":"DOMASIA team of the Signal and Image Processing Laboratory (LTSI) and KEREVAL","telecom":[{"system":"url","value":"https://ltsi.univ-rennes.fr"}]}],"description":"ValueSet for medication types.","compose":{"include":[{"system":"http://ltsi.univ-rennes.fr/CodeSystem/CSMedicationTypes"}]}}