URL,Version,Status,OIDs,Name,Title,Descriptino,Uses,Used,Sources
http://ltsi.univ-rennes.fr/ValueSet/vsCommunicationModes,0.1.0,draft,,VSCommunicationModes,Communication modes,"ValueSet for communication modes (incremental, summary).",,"Internal"
http://ltsi.univ-rennes.fr/ValueSet/vsLOINC,0.1.0,draft,,VSLOINC,LOINC codes,"ValueSet of LOINC codes.",,"Internal"
http://ltsi.univ-rennes.fr/ValueSet/vsMedicalUnits,0.1.0,draft,,VSMedicalUnits,Medical units,"ValueSet for medical units (accommodation, medical liability unit).",,"Internal"
http://ltsi.univ-rennes.fr/ValueSet/vsMedicationTypes,0.1.0,draft,,VSMedicationTypes,Medication types,"ValueSet for medication types.",,"Internal"
http://ltsi.univ-rennes.fr/ValueSet/vsMedications,0.1.0,draft,,VSMedications,Medications,"ValueSet for medications.",,"Internal"
http://ltsi.univ-rennes.fr/ValueSet/vsPrescriptionCategory,0.1.0,draft,,VSPrescriptionCategory,Prescription status,"ValueSet for PlanDefinition types, extended to include creation, stop, modification and validation.",,"Internal,FHIR"
http://ltsi.univ-rennes.fr/ValueSet/vsSCT,0.1.0,draft,,VSSCT,SNOMED CT codes,"ValueSet of SNOMED CT codes.",,"Internal"
