{"resourceType":"SearchParameter","id":"oncofair-sp-ma-planned-quantity","text":{"status":"generated","div":"<div xmlns=\"http://www.w3.org/1999/xhtml\"><p class=\"res-header-id\"><b>Generated Narrative: SearchParameter oncofair-sp-ma-planned-quantity</b></p><a name=\"oncofair-sp-ma-planned-quantity\"> </a><a name=\"hconcofair-sp-ma-planned-quantity\"> </a><a name=\"oncofair-sp-ma-planned-quantity-en-US\"> </a><h2>OncoFAIRSPMAPlannedQuantity</h2><p>Parameter <code>ma-planned-quantity</code>:<code>quantity</code></p><div><p>Search for the expected quantity of the administration element</p>\n</div><table class=\"grid\"><tr><td>Resource</td><td><a href=\"http://hl7.org/fhir/R5/medicationadministration.html\">MedicationAdministration</a></td></tr><tr><td>Expression</td><td><code>MedicationAdministration.dosage.rate.as(Quantity)</code></td></tr><tr><td>Processing Mode</td><td>Normal</td></tr><tr><td>Multiples</td><td><ul><li>multipleAnd: The parameter may repeat in order to specify multiple values that must all be true</li><li>multipleOr: The parameter may have multiple values (separated by comma) where at least one must be true</li></ul></td></tr><tr><td>Comparators</td><td>Allowed: eq, ne, gt, lt, ge, le, sa, eb, ap</td></tr></table></div>"},"url":"http://ltsi.univ-rennes.fr/SearchParameter/oncofair-sp-ma-planned-quantity","version":"0.1.0","name":"OncoFAIRSPMAPlannedQuantity","status":"active","date":"2025-05-21T15:03:13+00:00","publisher":"KEREVAL and DOMASIA team of the Signal and Image Processing Laboratory (LTSI)","contact":[{"name":"KEREVAL and DOMASIA team of the Signal and Image Processing Laboratory (LTSI)","telecom":[{"system":"url","value":"https://github.com/ONCOFAIR"}]}],"description":"Search for the expected quantity of the administration element","code":"ma-planned-quantity","base":["MedicationAdministration"],"type":"quantity","expression":"MedicationAdministration.dosage.rate.as(Quantity)","processingMode":"normal","multipleOr":true,"multipleAnd":true,"comparator":["eq","ne","gt","lt","ge","le","sa","eb","ap"]}