<?xml version="1.0" encoding="UTF-8"?><CodeSystem xmlns="http://hl7.org/fhir"><id value="CSMedicationTypes"/><text><status value="generated"/><div xmlns="http://www.w3.org/1999/xhtml"><p class="res-header-id"><b>Generated Narrative: CodeSystem CSMedicationTypes</b></p><a name="CSMedicationTypes"> </a><a name="hcCSMedicationTypes"> </a><a name="CSMedicationTypes-en-US"> </a><p>This case-sensitive code system <code>http://ltsi.univ-rennes.fr/CodeSystem/CSMedicationTypes</code> defines the following codes:</p><table class="codes"><tr><td style="white-space:nowrap"><b>Code</b></td><td><b>Display</b></td></tr><tr><td style="white-space:nowrap">1<a name="CSMedicationTypes-1"> </a></td><td>spécialité</td></tr><tr><td style="white-space:nowrap">2<a name="CSMedicationTypes-2"> </a></td><td>ATU nominative</td></tr><tr><td style="white-space:nowrap">3<a name="CSMedicationTypes-3"> </a></td><td>principe actif</td></tr><tr><td style="white-space:nowrap">4<a name="CSMedicationTypes-4"> </a></td><td>préparation hospitalière</td></tr><tr><td style="white-space:nowrap">5<a name="CSMedicationTypes-5"> </a></td><td>importation</td></tr><tr><td style="white-space:nowrap">6<a name="CSMedicationTypes-6"> </a></td><td>ATU de cohorte</td></tr><tr><td style="white-space:nowrap">7<a name="CSMedicationTypes-7"> </a></td><td>préparation magistrale</td></tr><tr><td style="white-space:nowrap">8<a name="CSMedicationTypes-8"> </a></td><td>matière première</td></tr><tr><td style="white-space:nowrap">9<a name="CSMedicationTypes-9"> </a></td><td>médicament virtuel THESORIMED</td></tr><tr><td style="white-space:nowrap">10<a name="CSMedicationTypes-10"> </a></td><td>médicament virtuel THERIAQUE</td></tr><tr><td style="white-space:nowrap">11<a name="CSMedicationTypes-11"> </a></td><td>médicament virtuel BCB DEXTER</td></tr><tr><td style="white-space:nowrap">12<a name="CSMedicationTypes-12"> </a></td><td>médicament virtuel VIDAL</td></tr><tr><td style="white-space:nowrap">13<a name="CSMedicationTypes-13"> </a></td><td>dénomination commune</td></tr><tr><td style="white-space:nowrap">14<a name="CSMedicationTypes-14"> </a></td><td>médicament virtuel MedicaBase</td></tr></table></div></text><url value="http://ltsi.univ-rennes.fr/CodeSystem/CSMedicationTypes"/><version value="0.1.0"/><name value="CSMedicationTypes"/><title value="Medication types"/><status value="draft"/><experimental value="true"/><date value="2024-09-16T08:46:36+00:00"/><publisher value="DOMASIA team of the Signal and Image Processing Laboratory (LTSI) and KEREVAL"/><contact><name value="DOMASIA team of the Signal and Image Processing Laboratory (LTSI) and KEREVAL"/><telecom><system value="url"/><value value="https://ltsi.univ-rennes.fr"/></telecom></contact><description value="CodeSystem for french medication types."/><caseSensitive value="true"/><content value="complete"/><count value="14"/><concept><code value="1"/><display value="spécialité"/></concept><concept><code value="2"/><display value="ATU nominative"/></concept><concept><code value="3"/><display value="principe actif"/></concept><concept><code value="4"/><display value="préparation hospitalière"/></concept><concept><code value="5"/><display value="importation"/></concept><concept><code value="6"/><display value="ATU de cohorte"/></concept><concept><code value="7"/><display value="préparation magistrale"/></concept><concept><code value="8"/><display value="matière première"/></concept><concept><code value="9"/><display value="médicament virtuel THESORIMED"/></concept><concept><code value="10"/><display value="médicament virtuel THERIAQUE"/></concept><concept><code value="11"/><display value="médicament virtuel BCB DEXTER"/></concept><concept><code value="12"/><display value="médicament virtuel VIDAL"/></concept><concept><code value="13"/><display value="dénomination commune"/></concept><concept><code value="14"/><display value="médicament virtuel MedicaBase"/></concept></CodeSystem>