<?xml version="1.0" encoding="UTF-8"?><ValueSet xmlns="http://hl7.org/fhir"><id value="siph-gonogo-oncofair-valueset"/><text><status value="generated"/><div xmlns="http://www.w3.org/1999/xhtml"><p class="res-header-id"><b>Generated Narrative: ValueSet siph-gonogo-oncofair-valueset</b></p><a name="siph-gonogo-oncofair-valueset"> </a><a name="hcsiph-gonogo-oncofair-valueset"> </a><a name="siph-gonogo-oncofair-valueset-en-US"> </a><ul><li>Include all codes defined in <a href="CodeSystem-siph-gonogo-oncofair-codesystem.html"><code>http://ltsi.univ-rennes.fr/CodeSystem/siph-gonogo-oncofair-codesystem</code></a></li></ul></div></text><url value="http://ltsi.univ-rennes.fr/ValueSet/siph-gonogo-oncofair-valueset"/><version value="0.1.0"/><name value="SIPhgoNogoOncoFAIRValueSet"/><title value="goNogo Value Set"/><status value="draft"/><experimental value="true"/><date value="2024-09-16T09:47:53+00:00"/><publisher value="DOMASIA team of the Signal and Image Processing Laboratory (LTSI) and KEREVAL"/><contact><name value="DOMASIA team of the Signal and Image Processing Laboratory (LTSI) and KEREVAL"/><telecom><system value="url"/><value value="https://ltsi.univ-rennes.fr"/></telecom></contact><description value="Value Set pour goNogo"/><compose><include><system value="http://ltsi.univ-rennes.fr/CodeSystem/siph-gonogo-oncofair-codesystem"/></include></compose></ValueSet>